s,x,y
0.0,7.2,-2.821586225235502e-14
0.05,7.198873978721857,-0.04998731915280104
0.1,7.197747957443714,-0.09997463830557386
0.15000000000000002,7.19662193616557,-0.14996195745834673
0.2,7.195019791524214,-0.1999325586116322
0.25,7.192636978064806,-0.24987574833773668
0.30000000000000004,7.190254164605399,-0.2998189380638412
0.35000000000000003,7.187871351145992,-0.34976212778994564
0.4,7.1845362958126096,-0.39964787510903627
0.45,7.180898197452803,-0.44951534186166336
0.5,7.177260099092995,-0.4993828086142904
0.55,7.173447537483273,-0.5492353394702587
0.6000000000000001,7.168556455584415,-0.5989955375994731
0.65,7.163665373685557,-0.6487557357286874
0.7000000000000001,7.158774291786699,-0.6985159338579017
0.75,7.153232272178332,-0.7482038733805126
0.8,7.147091300726637,-0.7978253250887151
0.8500000000000001,7.140950329274942,-0.8474467767969176
0.9,7.134809357823246,-0.8970682285051199
0.9500000000000001,7.127542919957096,-0.9465360027560895
1.0,7.120155943606615,-0.995987318010564
1.05,7.112768967256133,-1.0454386332650385
1.1,7.105026188176618,-1.0948322158744925
1.1500000000000001,7.096397879792041,-1.1440821122644407
1.2000000000000002,7.087769571407463,-1.193332008654389
1.25,7.079141263022887,-1.242581905044337
1.3,7.069683800086561,-1.2916757663597933
1.35,7.05981961778741,-1.3406930888852957
1.4000000000000001,7.0499554354882585,-1.3897104114107979
1.4500000000000002,7.040022286648699,-1.4387129504143885
1.5,7.02892847035677,-1.487466691194773
1.55,7.017834654064841,-1.5362204319751576
1.6,7.006740837772912,-1.5849741727555422
1.6500000000000001,6.995106411697155,-1.633597727224374
1.7000000000000002,6.982789979189402,-1.6820570451135266
1.75,6.9704735466816485,-1.7305163630026792
1.8,6.958157114173895,-1.7789756808918318
1.85,6.944833387650968,-1.8271654546827572
1.9000000000000001,6.931302130120318,-1.8752996947789633
1.9500000000000002,6.917770872589667,-1.9234339348751694
2.0,6.9039777742640185,-1.971491001662738
2.0500000000000003,6.889240251390936,-2.0192697147007155
2.1,6.874502728517853,-2.0670484277386922
2.15,6.859765205644771,-2.1148271407766694
2.2,6.844302488065521,-2.162372137599713
2.25,6.82836802260343,-2.2097650992125666
2.3000000000000003,6.812433557141338,-2.2571580608254203
2.35,6.796499091679246,-2.304551022438274
2.4000000000000004,6.779383005017431,-2.3515300882449224
2.45,6.762261676895423,-2.39850731808384
2.5,6.745140348773414,-2.445484547922758
2.5500000000000003,6.727564836102609,-2.4922897449189017
2.6,6.709267476049163,-2.53882152561849
2.6500000000000004,6.690970115995719,-2.585353306318079
2.7,6.672672755942274,-2.6318850870176673
2.75,6.653469769676831,-2.6780475385293947
2.8000000000000003,6.634007952368597,-2.724104434506663
2.85,6.614546135060363,-2.770161330483931
2.9000000000000004,6.594888276882473,-2.8161324660592393
2.95,6.574274313622418,-2.8616853421343356
3.0,6.553660350362362,-2.9072382182094314
3.0500000000000003,6.533046387102307,-2.952791094284528
3.1,6.511790551778729,-2.998043723710872
3.1500000000000004,6.490037482708315,-3.043063763537796
3.2,6.468284413637902,-3.08808380336472
3.25,6.4465313445674886,-3.1331038431916443
3.3000000000000003,6.423700500530699,-3.1775862951808445
3.35,6.400822086380996,-3.222045019476472
3.4000000000000004,6.377943672231292,-3.2665037437721
3.45,6.354673258845974,-3.310754469459902
3.5,6.3306839722329284,-3.354623754019798
3.5500000000000003,6.306694685619883,-3.3984930385796943
3.6,6.282705399006838,-3.4423623231395903
3.6500000000000004,6.257895514468405,-3.4857693762089452
3.7,6.232810530737781,-3.5290214696985585
3.75,6.207725547007155,-3.572273563188172
3.8000000000000003,6.182483031158427,-3.615431625426285
3.85,6.156318218786197,-3.65803916693628
3.9000000000000004,6.1301534064139656,-3.7006467084462753
3.95,6.103988594041735,-3.7432542499562707
4.0,6.077245624066553,-3.785496660099586
4.05,6.050017534620822,-3.8274326964541965
4.1000000000000005,6.022789445175091,-3.8693687328088084
4.15,5.99556135572936,-3.9113047691634195
4.2,5.967347339470157,-3.952582894238673
4.25,5.939073197140965,-3.99382089704614
4.3,5.910799054811775,-4.035058899853606
4.3500000000000005,5.882173076552069,-4.076049110645348
4.4,5.852870767255695,-4.116562993079641
4.45,5.823568457959322,-4.157076875513933
4.5,5.794266148662948,-4.197590757948226
4.55,5.764213906469894,-4.237547742130872
4.6000000000000005,5.733901966534552,-4.277311875434093
4.65,5.703590026599212,-4.317076008737313
4.7,5.6731351960499845,-4.356728348589588
4.75,5.641832800490075,-4.395717578284607
4.800000000000001,5.610530404930165,-4.434706807979627
4.8500000000000005,5.579228009370255,-4.473696037674646
4.9,5.5473949945352565,-4.512248174325483
4.95,5.515121944921582,-4.550437836128558
5.0,5.4828488953079075,-4.5886274979316335
5.050000000000001,5.450575845694232,-4.62681715973471
5.1000000000000005,5.417400106123293,-4.664224313180606
5.15,5.384176818056918,-4.701590248603911
5.2,5.3509535299905435,-4.7389561840272165
5.25,5.317401141910846,-4.776022010850502
5.300000000000001,5.283248632108525,-4.812540582484705
5.3500000000000005,5.249096122306204,-4.849059154118907
5.4,5.214943612503884,-4.885577725753111
5.45,5.180101967901124,-4.921435371349065
5.5,5.145041840900462,-4.957083477816273
5.550000000000001,5.109981713899799,-4.992731584283482
5.6000000000000005,5.074775226729254,-5.028232078061838
5.65,5.0388296612220085,-5.06298716862947
5.7,5.002884095714763,-5.097742259197102
5.75,4.966938530207518,-5.132497349764734
5.800000000000001,4.93049931031774,-5.166728857659642
5.8500000000000005,4.893691045119919,-5.200568946505964
5.9,4.856882779922099,-5.234409035352285
5.95,4.820074514724279,-5.268249124198606
6.0,4.782443580770928,-5.30117148572749
6.050000000000001,4.744795900438553,-5.334075165849802
6.1000000000000005,4.707148220106179,-5.366978845972113
6.15,4.6691834465851345,-5.399510371643648
6.2,4.630720166684764,-5.431456828400317
6.25,4.592256886784393,-5.463403285156986
6.300000000000001,4.553793606884022,-5.495349741913656
6.3500000000000005,4.514698557413262,-5.526515790447904
6.4,4.475444009456598,-5.5574848147256874
6.45,4.436189461499934,-5.588453839003471
6.5,4.3967747483444946,-5.619214511333317
6.550000000000001,4.356753764396602,-5.649186512331627
6.6000000000000005,4.316732780448712,-5.679158513329936
6.65,4.276711796500821,-5.709130514328246
6.7,4.236231002122105,-5.738472171614095
6.75,4.1954688990929885,-5.767428189238134
6.800000000000001,4.154706796063871,-5.796384206862174
6.8500000000000005,4.113921239903755,-5.825306313594569
6.9,4.072443803533202,-5.853228030449495
6.95,4.030966367162647,-5.881149747304421
7.0,3.9894889307920933,-5.9090714641593465
7.050000000000001,3.947704122651832,-5.936523951141562
7.1000000000000005,3.9055375911976875,-5.963393704120081
7.15,3.863371059743543,-5.9902634570985995
7.2,3.8212045282893983,-6.017133210077119
7.25,3.7784681676302663,-6.043083418564705
7.300000000000001,3.73563921527044,-6.068884210020778
7.3500000000000005,3.6928102629106148,-6.094685001476852
7.4,3.649806405406353,-6.120187015502874
7.45,3.606342125365061,-6.144902524004464
7.5,3.56287784532377,-6.169618032506055
7.550000000000001,3.519413565282478,-6.194333541007645
7.6000000000000005,3.4755291016137893,-6.2182880049505
7.65,3.4314569890227,-6.241902595604549
7.7,3.3873848764316103,-6.265517186258599
7.75,3.343250030006224,-6.289011074103069
7.800000000000001,3.298597964511356,-6.311509808446186
7.8500000000000005,3.2539458990164887,-6.3340085427893005
7.9,3.2092938335216217,-6.356507277132416
7.95,3.1643515896865524,-6.3784116240772155
8.0,3.1191478178119336,-6.399780269525802
8.05,3.0739440459373135,-6.421148914974389
8.1,3.0287402740626956,-6.442517560422975
8.15,2.983042337319011,-6.462805879957288
8.200000000000001,2.9373154545982327,-6.483030918811151
8.25,2.8915885718774557,-6.503255957665012
8.3,2.8456816715563686,-6.523059751916428
8.35,2.799460604443369,-6.542128389910147
8.4,2.7532395373303675,-6.561197027903865
8.450000000000001,2.707018470217366,-6.580265665897584
8.5,2.6604325212350615,-6.598417311792744
8.55,2.613746508805547,-6.616317486189416
8.6,2.567060496376034,-6.634217660586088
8.65,2.5202847007701097,-6.651874559620705
8.700000000000001,2.473163276225227,-6.6685949468429255
8.75,2.4260418516803464,-6.685315334065147
8.8,2.3789204271354643,-6.702035721287368
8.85,2.331544069882596,-6.718007932399376
8.9,2.2840170418665213,-6.733537955192641
8.950000000000001,2.236490013850446,-6.749067977985906
9.0,2.188943549086068,-6.764535882564409
9.05,2.1410409828293506,-6.778865716688393
9.1,2.093138416572635,-6.793195550812376
9.15,2.045235850315918,-6.80752538493636
9.200000000000001,1.99716898890763,-6.821279743624879
9.25,1.9489211872082202,-6.834400324068377
9.3,1.9006733855088083,-6.8475209045118755
9.35,1.8524255838093984,-6.860641484955373
9.4,1.8038942450312176,-6.872665128634904
9.450000000000001,1.755331729085189,-6.884568155350484
9.5,1.706769213139162,-6.896471182066064
9.55,1.6581138644384303,-6.907973749976963
9.600000000000001,1.6092673545325624,-6.918651693131711
9.65,1.5604208446266963,-6.929329636286458
9.700000000000001,1.5115743347208284,-6.940007579441207
9.75,1.462537058587589,-6.949757040875012
9.8,1.4134374546659767,-6.959203145614048
9.850000000000001,1.3643378507443642,-6.968649250353084
9.9,1.3151979484797165,-6.977870696424333
9.950000000000001,1.2658763105967343,-6.986078987144089
10.0,1.216554672713754,-6.994287277863845
10.05,1.1672330348307718,-7.002495568583601
10.100000000000001,1.1177949576496438,-7.009945424035172
10.15,1.0682824863216176,-7.016910708163713
10.200000000000001,1.0187700149935899,-7.023875992292252
10.25,0.9692512056999466,-7.030791712440513
10.3,0.9195792221679546,-7.03650958372252
10.350000000000001,0.8699072386359625,-7.042227455004527
10.4,0.8202352551039723,-7.047945326286534
10.450000000000001,0.7705030422392298,-7.053074949683452
10.5,0.7207029686555457,-7.057541790967801
10.55,0.67090289507186,-7.062008632252151
10.600000000000001,0.6211028214881742,-7.066475473536499
10.65,0.5712156657461177,-7.069811845736813
10.700000000000001,0.5213190052967849,-7.073024831264956
10.75,0.47142234484745366,-7.0762378167931
10.8,0.4215039744352161,-7.079031481964269
10.850000000000001,0.37154229141137896,-7.080988579158
10.9,0.3215806083875436,-7.082945676351732
10.950000000000001,0.27161892536370646,-7.084902773545463
11.0,0.2216316087607971,-7.085895555876832
11.05,0.1716365085913527,-7.086595526624284
11.100000000000001,0.12164140842190835,-7.087295497371734
11.15,0.07164594802556724,-7.087742470636735
11.200000000000001,0.02164905728379285,-7.087184872075804
11.25,-0.028347833457979768,-7.086627273514873
11.3,-0.07834472419975418,-7.086069674953942
11.350000000000001,-0.12832263294878865,-7.084712251802541
11.4,-0.17828968655198846,-7.082897436601251
11.450000000000001,-0.2282567401551901,-7.08108262139996
11.5,-0.27821936352178983,-7.0791772440267104
11.55,-0.32812497114537476,-7.0761063601603205
11.600000000000001,-0.3780305787689597,-7.07303547629393
11.65,-0.42793618639254283,-7.06996459242754
11.700000000000001,-0.47779445647147667,-7.066255460526126
11.75,-0.52760704813981,-7.0619304505511336
11.8,-0.5774196398081451,-7.057605440576141
11.850000000000001,-0.6272322314764802,-7.053280430601148
11.9,-0.6769269404040701,-7.047770800467361
11.950000000000001,-0.7266150049779083,-7.042194400292862
12.0,-0.7763030695517447,-7.036618000118364
12.05,-0.825931047001114,-7.03056083091746
12.100000000000001,-0.8754631521113565,-7.023736568074635
12.15,-0.9249952572215971,-7.01691230523181
12.200000000000001,-0.9745273623318397,-7.010088042388986
12.25,-1.0239049860462472,-7.002238089854163
12.3,-1.0732497979778834,-6.994170281264991
12.350000000000001,-1.1225946099095194,-6.986102472675819
12.4,-1.1718814618071751,-6.977706163470608
12.450000000000001,-1.221007765320822,-6.96839991271721
12.5,-1.2701340688344673,-6.959093661963813
12.55,-1.3192603723481142,-6.949787411210415
12.600000000000001,-1.3682103184135683,-6.939610235112643
12.65,-1.417087036492068,-6.929071429208996
12.700000000000001,-1.4659637545705695,-6.918532623305349
12.75,-1.514798717898652,-6.907811336719844
12.8,-1.5633949314062476,-6.896046642387892
12.850000000000001,-1.611991144913843,-6.884281948055941
12.9,-1.660587358421437,-6.87251725372399
12.950000000000001,-1.7089993091211453,-6.8600312195866255
13.0,-1.7572842763627694,-6.847048079039162
13.05,-1.805569243604395,-6.834064938491697
13.100000000000001,-1.8538418782384232,-6.821038129947712
13.15,-1.9017850544067685,-6.806844756180672
13.200000000000001,-1.9497282305751156,-6.7926513824136325
13.25,-1.9976714067434609,-6.778458008646592
13.3,-2.0454355731109435,-6.76368676606397
13.350000000000001,-2.0930066296089773,-6.748292137661149
13.4,-2.1405776861070094,-6.732897509258329
13.450000000000001,-2.188148742605043,-6.717502880855508
13.5,-2.235346974962398,-6.701003797538238
13.55,-2.2825158185891077,-6.684417652991686
13.600000000000001,-2.3296846622158167,-6.6678315084451345
13.65,-2.376692041094198,-6.6508039959926055
13.700000000000001,-2.4234288330814437,-6.633036827542314
13.75,-2.4701656250686876,-6.615269659092023
13.8,-2.516902417055933,-6.597502490641732
13.850000000000001,-2.5632600339158085,-6.578774453956748
13.9,-2.609535208804223,-6.559837500953517
13.950000000000001,-2.6558103836926383,-6.540900547950284
14.0,-2.701953017195083,-6.521650985329372
14.05,-2.7477373015370916,-6.501556227125051
14.100000000000001,-2.7935215858791005,-6.48146146892073
14.15,-2.8393058702211076,-6.461366710716409
14.200000000000001,-2.88471611813387,-6.440448053690625
14.25,-2.9299805490119795,-6.419208202060241
14.3,-2.9752449798900904,-6.397968350429856
14.350000000000001,-3.0204162166117214,-6.376536217591687
14.4,-3.065132159960393,-6.354164708692235
14.450000000000001,-3.109848103309066,-6.331793199792781
14.5,-3.154564046657738,-6.309421690893329
14.55,-3.198921683378318,-6.286355960177562
14.600000000000001,-3.2430608520978046,-6.262866946048553
14.65,-3.287200020817289,-6.239377931919545
14.700000000000001,-3.3312947781278366,-6.215807934943611
14.75,-3.374829249978537,-6.191216274554764
14.8,-3.4183637218292398,-6.166624614165915
14.850000000000001,-3.461898193679942,-6.142032953777067
14.9,-3.505099749079554,-6.116868865165142
14.950000000000001,-3.548001984345583,-6.091190115016851
15.0,-3.5909042196116103,-6.06551136486856
15.05,-3.6338064548776394,-6.039832614720269
15.100000000000001,-3.6760621052495117,-6.0131037926920206
15.15,-3.7183049641602666,-5.98635419697459
15.200000000000001,-3.7605478230710228,-5.959604601257158
15.25,-3.8024918599057482,-5.932395981781328
15.3,-3.8440486198045063,-5.904592462099154
15.350000000000001,-3.885605379703265,-5.87678894241698
15.4,-3.9271621396020215,-5.848985422734808
15.450000000000001,-3.968083890747889,-5.820258133235812
15.5,-4.008928262996524,-5.791418277903047
15.55,-4.049772635245161,-5.762578422570281
15.600000000000001,-4.090360009070718,-5.733384139050482
15.65,-4.130466155679884,-5.703526191964926
15.700000000000001,-4.170572302289052,-5.6736682448793685
15.75,-4.21067844889822,-5.643810297793811
15.8,-4.250169300932094,-5.6131472074466
15.850000000000001,-4.289511850906326,-5.582290056548872
15.9,-4.328854400880556,-5.551432905651145
15.950000000000001,-4.367988518388778,-5.520316779614329
16.0,-4.406542583776175,-5.4884799449396295
16.05,-4.445096649163574,-5.456643110264928
16.1,-4.483650714550973,-5.424806275590228
16.150000000000002,-4.521616411849043,-5.392274911086715
16.2,-4.559357603485408,-5.359478532416701
16.25,-4.5970987951217746,-5.3266821537466855
16.3,-4.63468587016261,-5.29371286267217
16.35,-4.671590313100046,-5.259977686794793
16.400000000000002,-4.7084947560374815,-5.226242510917414
16.45,-4.745399198974915,-5.192507335040038
16.5,-4.781748482317445,-5.158179974348205
16.55,-4.817792830927665,-5.123527341933553
16.6,-4.853837179537885,-5.088874709518901
16.650000000000002,-4.889786486081291,-5.054125674406565
16.7,-4.924947938824101,-5.018577506507011
16.75,-4.960109391566914,-4.983029338607455
16.8,-4.995270844309727,-4.947481170707899
16.85,-5.029915699429509,-4.911434720742207
16.900000000000002,-5.06417201327711,-4.875013504925397
16.95,-5.09842832712471,-4.838592289108589
17.0,-5.132652448409656,-4.802141548408343
17.05,-5.165981952917619,-4.764870324531821
17.1,-5.199311457425582,-4.7275991006553
17.150000000000002,-5.232640961933544,-4.6903278767787775
17.2,-5.265496863721997,-4.652643737601663
17.25,-5.297878474738047,-4.614546083238103
17.3,-5.330260085754098,-4.576448428874543
17.35,-5.362641696770149,-4.538350774510983
17.400000000000002,-5.394088391869084,-4.499478514380287
17.45,-5.425501624871003,-4.460578529902566
17.5,-5.456914857872924,-4.421678545424843
17.55,-5.487901009491821,-4.382442461089093
17.6,-5.51832599254603,-4.342764754424631
17.650000000000002,-5.548750975600239,-4.303087047760168
17.7,-5.579175958654446,-4.263409341095708
17.75,-5.608694417056484,-4.223054440522553
17.8,-5.638111903389099,-4.182624111586586
17.85,-5.667529389721714,-4.142193782650619
17.900000000000002,-5.696568955867698,-4.101495678835403
17.95,-5.724960336040131,-4.060338303653012
18.0,-5.753351716212566,-4.019180928470617
18.05,-5.781743096385001,-3.9780235532882235
18.1,-5.809259823464729,-3.936278915872999
18.150000000000002,-5.836607137146118,-3.894420530399933
18.2,-5.863954450827506,-3.8525621449268703
18.25,-5.890974784398421,-3.8104959535634824
18.3,-5.917260731727428,-3.767963037216061
18.35,-5.943546679056435,-3.7254301208686393
18.400000000000002,-5.969832626385441,-3.682897204521218
18.45,-5.995278472605024,-3.6398595823354216
18.5,-6.02048642513384,-3.596679041239865
18.55,-6.045694377662656,-3.5534985001443085
18.6,-6.0706272390789024,-3.5101619712713115
18.650000000000002,-6.094741250292518,-3.4663611212431475
18.7,-6.118855261506132,-3.4225602712149867
18.75,-6.142969272719748,-3.3787594211868233
18.8,-6.166279645658429,-3.334529218102827
18.85,-6.189284461062523,-3.2901357673671203
18.900000000000002,-6.212289276466616,-3.245742316631414
18.95,-6.235071044907658,-3.201236817762542
19.0,-6.256952111678715,-3.1562788494258767
19.05,-6.278833178449773,-3.111320881089212
19.1,-6.3007142452208305,-3.0663629127525467
19.150000000000002,-6.321829313044415,-3.021043975615039
19.200000000000003,-6.342572789235984,-2.9755499299003527
19.25,-6.36331626542755,-2.93005588418567
19.3,-6.383888141253105,-2.884486187517409
19.35,-6.403480904552342,-2.838484843772904
19.400000000000002,-6.423073667851581,-2.792483500028399
19.450000000000003,-6.442666431150818,-2.746482156283894
19.5,-6.461531316805078,-2.700181554276868
19.55,-6.479960972834085,-2.6537020127703883
19.6,-6.498390628863091,-2.607222471263909
19.650000000000002,-6.516698826500534,-2.560696529093199
19.700000000000003,-6.533953716657179,-2.5137681926035875
19.75,-6.551208606813824,-2.46683985611398
19.8,-6.56846349697047,-2.4199115196243683
19.85,-6.585028462396009,-2.372739312230431
19.900000000000002,-6.601097671229329,-2.325391867447516
19.950000000000003,-6.6171668800626495,-2.2780444226646006
20.0,-6.633162810656824,-2.230673131429963
20.05,-6.648036172772293,-2.182936530174928
20.1,-6.662909534887762,-2.1351999289198935
20.150000000000002,-6.6777828970032305,-2.0874633276648584
20.200000000000003,-6.692003516685422,-2.0395323216559587
20.25,-6.705671623175753,-1.9914367619339983
20.3,-6.719339729666086,-1.9433412022120344
20.35,-6.732980172804886,-1.8952381556141051
20.400000000000002,-6.745434377202283,-1.8468140625113125
20.450000000000003,-6.757888581599679,-1.7983899694085197
20.5,-6.770342785997075,-1.7499658763057306
20.55,-6.782180109183489,-1.7013913722460514
20.6,-6.793412532929572,-1.652669378682687
20.650000000000002,-6.804644956675654,-1.6039473851193227
20.700000000000003,-6.815877380421736,-1.5552253915559584
20.75,-6.825895757954495,-1.5062395441707965
20.8,-6.835899295384465,-1.4572504715230394
20.85,-6.845902832814435,-1.4082613988752823
20.900000000000002,-6.855323533753321,-1.3591609276581016
20.950000000000003,-6.864091856591194,-1.3099357662605913
21.0,-6.8728601794290665,-1.2607106048630845
21.05,-6.881628502266939,-1.2114854434655742
21.1,-6.889209809991984,-1.162064210834786
21.150000000000002,-6.896737371354042,-1.112634100376276
21.200000000000003,-6.9042649327161,-1.0632039899177659
21.25,-6.911241448293311,-1.0136970398980867
21.3,-6.917523486197263,-0.9640932497226035
21.35,-6.9238055241012155,-0.9144894595471202
21.400000000000002,-6.930087562005167,-0.8648856693716371
21.450000000000003,-6.935208735193746,-0.8151496727497634
21.5,-6.940241275571355,-0.7654035820757467
21.55,-6.945273815948965,-0.7156574914017264
21.6,-6.949784470126894,-0.6658652267254221
21.650000000000002,-6.953564329338175,-0.6160083047953336
21.700000000000003,-6.957344188549454,-0.566151382865245
21.75,-6.961124047760734,-0.5162944609351601
21.8,-6.963767976904157,-0.4663657741790545
21.85,-6.966292763751551,-0.41642956035205997
21.900000000000002,-6.968817550598946,-0.36649334652506543
21.950000000000003,-6.970846665089727,-0.31653831729313175
22.0,-6.972114782330988,-0.26655440109339645
22.05,-6.973382899572249,-0.2165704848936576
22.1,-6.9746510168135085,-0.16658656869391875
22.150000000000002,-6.9748066472112615,-0.11658842413987336
22.200000000000003,-6.9748172925700755,-0.0665884252731094
22.25,-6.97482793792889,-0.016588426406349
22.3,-6.9743659285650965,0.033405728650924435
22.35,-6.9731190952388244,0.08339018029997843
22.400000000000002,-6.971872261912552,0.13337463194903243
22.450000000000003,-6.970625428586279,0.18335908359808642
22.5,-6.968287845357761,0.2333025961949818
22.55,-6.96578432202195,0.2832398805715591
22.6,-6.963280798686139,0.3331771649481363
22.650000000000002,-6.960324256985568,0.38308602257725816
22.700000000000003,-6.956565627295258,0.4329445494593396
22.75,-6.952806997604949,0.4828030763414175
22.8,-6.949048367914639,0.532661603223499
22.85,-6.94421886595878,0.5824258439605653
22.900000000000002,-6.939207507546903,0.6321740729427887
22.950000000000003,-6.934196149135027,0.6819223019250122
23.0,-6.928747908591669,0.7316209644927177
23.05,-6.922486991565182,0.7812274249387875
23.1,-6.916226074538696,0.8308338853848573
23.150000000000002,-6.909965157512209,0.880440345830927
23.200000000000003,-6.902651295975812,0.929900437380622
23.25,-6.895144780910507,0.9793337483315795
23.3,-6.887638265845201,1.0287670592825404
23.35,-6.8797074525161666,1.0781304701822396
23.400000000000002,-6.870960087951433,1.1273593602080332
23.450000000000003,-6.862212723386699,1.176588250233827
23.5,-6.853465358821966,1.225817140259617
23.55,-6.843680999676369,1.2748482852549023
23.6,-6.833698319111497,1.3238416122366432
23.650000000000002,-6.823715638546625,1.3728349392183838
23.700000000000003,-6.813317705544578,1.421738202735772
23.75,-6.8021060239384905,1.470464973566225
23.8,-6.790894342332402,1.5191917443966814
23.85,-6.779682660726315,1.5679185152271378
23.900000000000002,-6.767447991092607,1.616396317492581
23.950000000000003,-6.755014400869239,1.6648257076823967
24.0,-6.7425808106458724,1.7132550978722088
24.05,-6.729737556188118,1.7615738026789356
24.1,-6.716089922749978,1.809675175856198
24.150000000000002,-6.702442289311838,1.8577765490334606
24.200000000000003,-6.688794655873697,1.905877922210723
24.25,-6.67413619377933,1.9536787109966847
24.3,-6.65928315053207,2.00142163828749
24.35,-6.64443010728481,2.049164565578295
24.400000000000002,-6.629169675993776,2.096775110997257
24.450000000000003,-6.613120618884925,2.144129390275026
24.5,-6.597071561776074,2.1914836695527917
24.55,-6.581022504667223,2.2388379488305605
24.6,-6.563973087961086,2.285839105184271
24.650000000000002,-6.546738169536394,2.3327747801756273
24.700000000000003,-6.529503251111702,2.379710455166984
24.75,-6.511860118306712,2.426490379329986
24.8,-6.493450241287877,2.472977758565123
24.85,-6.475040364269042,2.51946513780026
24.900000000000002,-6.456630487250207,2.565952517035397
24.950000000000003,-6.437229245449267,2.612032801421478
25.0,-6.417656055837092,2.658042477017004
25.05,-6.398082866224916,2.7040521526125336
25.1,-6.378097804992038,2.7498804616106165
25.150000000000002,-6.35737368469939,2.7953833278730396
25.200000000000003,-6.336649564406741,2.8408861941354626
25.25,-6.315925444114094,2.8863890603978826
25.3,-6.294217753002038,2.9314289406622556
25.35,-6.272355812021272,2.976396212500266
25.400000000000002,-6.250493871040506,3.0213634843382766
25.450000000000003,-6.228213901915509,3.0661209814469808
25.5,-6.205227970025302,3.1105242125809704
25.55,-6.182242038135093,3.154927443714963
25.6,-6.159256106244885,3.1993306748489556
25.650000000000002,-6.135293525092101,3.2432126536038233
25.700000000000003,-6.111198143108942,3.287023754561066
25.75,-6.087102761125785,3.330834855518306
25.8,-6.062581084274901,3.3744044695649866
25.85,-6.037391494854792,3.417595725449093
25.900000000000002,-6.012201905434684,3.4607869813332
25.950000000000003,-5.987012316014576,3.503978237217307
26.0,-5.9608525073388305,3.54658717771149
26.05,-5.934584645334986,3.5891312657349403
26.1,-5.908316783331141,3.6316753537583906
26.150000000000002,-5.881612693165053,3.673942465685955
26.200000000000003,-5.854283175547718,3.7158124724545702
26.25,-5.826953657930385,3.7576824792231824
26.3,-5.799624140313051,3.7995524859917977
26.35,-5.771330772151296,3.84077593551996
26.400000000000002,-5.742956887496053,3.8819453740584082
26.450000000000003,-5.7145830028408096,3.9231148125968565
26.5,-5.685761785049225,3.963967579268611
26.55,-5.656361482600443,4.0044104057761665
26.6,-5.62696118015166,4.044853232283721
26.650000000000002,-5.597560877702878,4.085296058791276
26.700000000000003,-5.5672035084167915,4.125024568687637
26.75,-5.536795386733128,4.164715199013587
26.8,-5.506387265049462,4.20440582933954
26.85,-5.475520076096211,4.243735503622894
26.900000000000002,-5.444123371285351,4.282648829451198
26.950000000000003,-5.412726666474492,4.321562155279503
27.0,-5.381329961663635,4.360475481107805
27.05,-5.348983907354187,4.398602922365008
27.1,-5.31661848090428,4.436714327097919
27.150000000000002,-5.284253054454373,4.474825731830829
27.200000000000003,-5.251416783626518,4.5125269779935975
27.25,-5.218103109841978,4.549812352324252
27.3,-5.184789436057437,4.58709772665491
27.35,-5.15146279388316,4.624371217373155
27.400000000000002,-5.117221946932795,4.660806974537261
27.450000000000003,-5.08298109998243,4.697242731701366
27.5,-5.048740253032067,4.73367848886547
27.55,-5.014017367190345,4.76964969231762
27.6,-4.978871007776021,4.805212783014567
27.650000000000002,-4.943724648361697,4.840775873711513
27.700000000000003,-4.9085327158798036,4.8762927781411545
27.75,-4.872503077534051,4.910960705115146
27.8,-4.836473439188297,4.945628632089141
27.85,-4.800443800842543,4.980296559063135
27.900000000000002,-4.76392217207492,5.014440129478842
27.950000000000003,-4.727032047096158,5.048190961750825
28.0,-4.6901419221174,5.081941794022804
28.05,-4.653174086770302,5.115605512935186
28.1,-4.615446811804604,5.148417899676518
28.150000000000002,-4.577719536838908,5.1812302864178506
28.200000000000003,-4.53999226187321,5.214042673159182
28.25,-4.501764978307807,5.246265340019214
28.3,-4.463224419586281,5.2781185240583754
28.35,-4.4246838608647545,5.309971708097538
28.400000000000002,-4.386034683673734,5.3416900519495005
28.450000000000003,-4.346705221914896,5.372563882903242
28.5,-4.30737576015606,5.40343771385698
28.55,-4.2680462983972225,5.434311544810721
28.6,-4.228211458485446,5.464524644413495
28.650000000000002,-4.18811797347212,5.494399591434138
28.700000000000003,-4.148024488458793,5.5242745384547804
28.75,-4.107793492855188,5.553960012783978
28.8,-4.066961347695689,5.5828171769148085
28.85,-4.0261292025361906,5.61167434104564
28.900000000000002,-3.9852970573766915,5.640531505176471
28.950000000000003,-3.943957548011919,5.668651258177448
29.0,-3.90241257309549,5.696472384308374
29.05,-3.860867598179058,5.724293510439304
29.1,-3.8191590427194746,5.751863591453914
29.150000000000002,-3.776927519376087,5.778631079869845
29.200000000000003,-3.7346959960326993,5.805398568285775
29.25,-3.6924644726893145,5.832166056701705
29.3,-3.649727731580431,5.858113835255398
29.35,-3.6068363754553543,5.883810752769993
29.400000000000002,-3.5639450193302777,5.909507670284589
29.450000000000003,-3.5208676547357762,5.934885069722155
29.5,-3.477343598889363,5.959495160389968
29.55,-3.433819543042947,5.984105251057784
29.6,-3.3902954871965303,6.0087153417256
29.650000000000002,-3.346273249969352,6.032417925322081
29.700000000000003,-3.3021440277127567,6.055925620722269
29.75,-3.2580148054561646,6.079433316122456
29.8,-3.2136816164688535,6.102546234471554
29.85,-3.1689751439465756,6.124936663556654
29.900000000000002,-3.1242686714242973,6.147327092641753
29.950000000000003,-3.079562198902019,6.169717521726852
30.0,-3.0343702314544374,6.191107340835443
30.05,-2.989114789984647,6.212366339339003
30.1,-2.943859348514856,6.233625337842564
30.150000000000002,-2.8983872811184064,6.254407705043002
30.200000000000003,-2.8526114993022667,6.2745218244401135
30.25,-2.806835717486131,6.294635943837224
30.3,-2.7610599356699916,6.314750063234335
30.35,-2.714817752358717,6.333765429891091
30.400000000000002,-2.6685505879700098,6.35272194590613
30.450000000000003,-2.6222834235813024,6.371678461921169
30.5,-2.5757930981837247,6.390070164683564
30.55,-2.529063819850228,6.407857085339785
30.6,-2.4823345415167313,6.425644005996006
30.650000000000002,-2.4355976627828064,6.44341017794879
30.700000000000003,-2.388435831471024,6.460016251154668
30.75,-2.3412740001592445,6.4766223243605445
30.8,-2.2941121688474615,6.493228397566423
30.85,-2.246727580075356,6.509175492480262
30.900000000000002,-2.1991630303902987,6.5245902131477855
30.950000000000003,-2.1515984807052417,6.54000493381531
31.0,-2.104000541950204,6.555312030695047
31.05,-2.0560633632620706,6.569525647385461
31.1,-2.0081261845739373,6.583739264075875
31.150000000000002,-1.960189005885804,6.5979528807662895
31.200000000000003,-1.9120372096888145,6.611407792396735
31.25,-1.8637577270984926,6.624411313489522
31.3,-1.8154782445081674,6.63741483458231
31.35,-1.7671472398578554,6.650217014930822
31.400000000000002,-1.718555995013282,6.66200221431203
31.450000000000003,-1.6699647501687087,6.673787413693237
31.5,-1.621373505324139,6.685572613074444
31.55,-1.5725842941362786,6.696494316282364
31.6,-1.5237120259118353,6.7070537385486695
31.650000000000002,-1.474839757687392,6.717613160814975
31.700000000000003,-1.4259063280964308,6.727871196703008
31.75,-1.376783953147536,6.737198161878235
31.8,-1.327661578198638,6.746525127053463
31.85,-1.2785392032497398,6.75585209222869
31.900000000000002,-1.2292447700006894,6.764206277985442
31.950000000000003,-1.1799033632059197,6.772294885746549
32.0,-1.1305619564111535,6.780383493507655
32.050000000000004,-1.08115904940846,6.7880649317353505
32.1,-1.031629824211601,6.794910065145195
32.15,-0.9821005990147422,6.80175519855504
32.2,-0.9325713738178764,6.808600331964885
32.25,-0.8829059656318032,6.814359555973188
32.300000000000004,-0.8332202542961915,6.819956884717741
32.35,-0.7835345429605869,6.825554213462293
32.4,-0.7337970623199696,6.830633519282505
32.45,-0.6839862961077116,6.834979502410431
32.5,-0.6341755298954607,6.839325485538358
32.550000000000004,-0.5843647636832026,6.843671468666284
32.6,-0.5344643261451587,6.846815282141136
32.65,-0.4845600154336797,6.849907170304036
32.7,-0.4346557047221936,6.852999058466937
32.75,-0.38472015095643236,6.855457741197565
32.800000000000004,-0.3347538653049522,6.8572935783894415
32.85,-0.2847875796534792,6.859129415581316
32.9,-0.23481975873368738,6.8609016899870365
32.95,-0.1848231069123174,6.861480314781889
33.0,-0.13482645509095453,6.862058939576741
33.050000000000004,-0.08482980326958453,6.862637564371594
33.1,-0.034833905886271874,6.862464284309515
33.15,0.015161484119757707,6.861785330596294
33.2,0.0651568741257944,6.861106376883073
33.25,0.11514745755849369,6.86024369676345
33.300000000000004,0.16510995855678415,6.858307593977882
33.35,0.21507245955506749,6.856371491192314
33.4,0.26503496055335085,6.854435388406746
33.45,0.3149526180588483,6.851626044504642
33.5,0.3648506236572048,6.848434017357797
33.550000000000004,0.4147486292555684,6.845241990210951
33.6,0.4646230657399623,6.841742310279902
33.65,0.5144250103407212,6.837296377983665
33.7,0.5642269549414871,6.832850445687426
33.75,0.6140288995422459,6.828404513391189
33.800000000000004,0.6637292609464396,6.822962311209766
33.85,0.7134036397149188,6.817265286199704
33.9,0.7630780184833981,6.811568261189643
33.95,0.812697038567363,6.805436873313325
34.0,0.8622124273619223,6.798492359469767
34.050000000000004,0.9117278161564886,6.791547845626209
34.1,0.9612432049510478,6.784603331782651
34.15,1.0105871277724514,6.7765388312840384
34.2,1.0599122030234998,6.768351221652473
34.25,1.1092372782745412,6.76016361202091
34.300000000000004,1.15846164149762,6.751413186799203
34.35,1.207565200022986,6.741987660811461
34.4,1.2566687585483518,6.732562134823719
34.45,1.3057699844377388,6.723125231441525
34.5,1.354620963181962,6.712467751639473
34.550000000000004,1.4034719419261918,6.701810271837418
34.6,1.452322920670415,6.691152792035366
34.65,1.5010138083410778,6.679803399657159
34.7,1.5495813040259916,6.66792070792101
34.75,1.5981487997108985,6.656038016184865
34.800000000000004,1.6466782359877874,6.6440078269437866
34.85,1.6949315246620424,6.630907440227403
34.9,1.7431848133362975,6.617807053511019
34.95,1.7914381020105594,6.604706666794633
35.0,1.8394575126672053,6.590785776864578
35.050000000000004,1.887366069142421,6.57647598244043
35.1,1.9352746256176299,6.562166188016283
35.15,1.9830944307996092,6.547572335130963
35.2,2.0306279479607108,6.532062185347812
35.25,2.078161465121805,6.516552035564662
35.300000000000004,2.1256949822829068,6.50104188578151
35.35,2.1729061287055647,6.484584345875908
35.4,2.220034536683222,6.4678836524324845
35.45,2.267162944660886,6.451182958989059
35.5,2.31413661328184,6.43406244582198
35.550000000000004,2.3608300984748545,6.416181773560284
35.6,2.407523583667863,6.398301101298591
35.65,2.4542170688608707,6.380420429036897
35.7,2.500484775481842,6.361468421807719
35.75,2.5467137994173425,6.342419082029902
35.800000000000004,2.5929428233528498,6.3233697422520825
35.85,2.638935584336326,6.303766903485136
35.9,2.6846709023560233,6.283560946798137
35.95,2.730406220375727,6.263354990111135
36.0,2.7761199581809777,6.2431018034405525
36.050000000000004,2.8213326379414947,6.221752012133064
36.1,2.866545317702005,6.200402220825579
36.15,2.9117579974625154,6.1790524295180935
36.2,2.9566372113300305,6.157018859653788
36.25,3.001298651105667,6.1345387396103614
36.300000000000004,3.04596009088131,6.112058619566931
36.35,3.0905233120675244,6.0893893297944
36.4,3.1346052588439375,6.065793101951771
36.45,3.1786872056203572,6.042196874109138
36.5,3.2227691523967703,6.018600646266509
36.550000000000004,3.266404706123423,5.994195106427389
36.6,3.309879273470651,5.969497697778483
36.65,3.353353840817879,5.944800289129576
36.7,3.39663710954323,5.919775787074094
36.75,3.4394767952568635,5.893992821225361
36.800000000000004,3.482316480970503,5.868209855376625
36.85,3.5251561666841362,5.842426889527892
36.9,3.5674208650068735,5.815715192588262
36.95,3.609598568506156,5.788862979876327
37.0,3.6517762720054328,5.762010767164396
37.050000000000004,3.6936531940719206,5.734698968511842
37.1,3.735142233543776,5.706794495685742
37.15,3.7766312730156315,5.678890022859641
37.2,3.818116135189506,5.650979504708273
37.25,3.8588902644677003,5.62204042418375
37.300000000000004,3.8996643937459003,5.593101343659222
37.35,3.9404385230240946,5.564162263134698
37.4,3.9807861316496838,5.5346379647512105
37.45,4.02081955681836,5.504682583443934
37.5,4.060852981987031,5.474727202136661
37.550000000000004,4.100774011086808,5.4446254839949955
37.6,4.140041406797932,5.413672751739737
37.65,4.179308802509056,5.382720019484479
37.7,4.218576198220187,5.351767287229216
37.75,4.257275333441378,5.320112002076198
37.800000000000004,4.295751858935826,5.288181499639256
37.85,4.334228384430268,5.2562509972023195
37.9,4.3724674948352655,5.2240416198909925
37.95,4.410128809657289,5.191153546583531
38.0,4.447790124479308,5.158265473276075
38.050000000000004,4.4854514393013325,5.125377399968615
38.1,4.522387119809598,5.091679170878337
38.15,4.5592093992048595,5.057854331778393
38.2,4.596031678600125,5.0240294926784435
38.25,4.632475083838851,4.989802476270197
38.300000000000004,4.668435033826222,4.955062269061458
38.35,4.704394983813588,4.920322061852724
38.400000000000006,4.740341847918102,4.885568645846329
38.45,4.77541672002566,4.84993504728208
38.5,4.810491592133219,4.8143014487178295
38.550000000000004,4.8455664642407825,4.778667850153575
38.6,4.880105037864652,4.742519479737295
38.650000000000006,4.914272643520656,4.70601503173796
38.7,4.948440249176654,4.669510583738629
38.75,4.982451477526254,4.632863415754261
38.800000000000004,5.01569020209586,4.595511211147486
38.85,5.04892892666546,4.558159006540716
38.900000000000006,5.082167651235065,4.520806801933941
38.95,5.114697277333598,4.482839393045588
39.0,5.146986093792554,4.444663060957766
39.050000000000004,5.179274910251515,4.406486728869939
39.1,5.21124784505919,4.368049973052764
39.150000000000006,5.242566327295815,4.3290736639612835
39.2,5.273884809532436,4.29009735486981
39.25,5.3052032917690575,4.251121045778336
39.300000000000004,5.3356252039714684,4.211442689984534
39.35,5.365953539708451,4.171691060440267
39.400000000000006,5.396281875445436,4.131939430895994
39.45,5.426119320852729,4.091822953381725
39.5,5.455438324180666,4.051321150411289
39.550000000000004,5.484757327508608,4.010819347440847
39.6,5.5140063151520025,3.9702681904585577
39.650000000000006,5.542297438666679,3.9290418356563475
39.7,5.570588562181352,3.887815480854143
39.75,5.598879685696025,3.846589126051939
39.800000000000004,5.626490230493187,3.804908214394511
39.85,5.65373557702892,3.7629833877145185
39.900000000000006,5.680980923564658,3.72105856103452
39.95,5.707977137626105,3.6789762530752292
40.0,5.734159471577798,3.636379476332831
40.050000000000004,5.760341805529495,3.593782699590427
40.1,5.786524139481188,3.5511859228480285
40.150000000000006,5.811822465655462,3.508060986941236
40.2,5.836925223882109,3.4648192070355215
40.25,5.862027982108756,3.4215774271298076
40.300000000000004,5.88668791744198,3.3780859714780234
40.35,5.910695219744797,3.3342265433451694
40.400000000000006,5.934702522047616,3.290367115212309
40.45,5.958709824350433,3.246507687079455
40.5,5.981617000392753,3.202063942278325
40.550000000000004,6.004513659561271,3.157614611586838
40.6,6.0274103187297845,3.1131652808953576
40.650000000000006,6.049656956263122,3.068391390111902
40.7,6.071428487682892,3.0233802757107044
40.75,6.093200019102663,2.9783691613095065
40.800000000000004,6.114782677641709,2.9332696039877555
40.85,6.135415308457573,2.8877251801181307
40.900000000000006,6.156047939273441,2.8421807562484998
40.95,6.176680570089306,2.796636332378875
41.0,6.196443648847216,2.75071108815751
41.050000000000004,6.2159243266762845,2.70466216644027
41.1,6.23540500450535,2.6586132447230364
41.150000000000006,6.2544842762889745,2.612400431357936
41.2,6.2728006774778375,2.5658761425671526
41.25,6.2911170786667014,2.5193518537763695
41.300000000000004,6.309433479855567,2.4728275649855793
41.35,6.326649751319059,2.4258860620629856
41.400000000000006,6.343790288740039,2.3789158376977526
41.45,6.360930826161018,2.331945613332526
41.5,6.377445585687336,2.284755905557647
41.550000000000004,6.393399416068762,2.237369459223689
41.6,6.409353246450187,2.189983012889738
41.650000000000006,6.425163509909907,2.142550232972833
41.7,6.439920540695861,2.0947775415855774
41.75,6.454677571481816,2.0470048501983213
41.800000000000004,6.469434602267773,1.9992321588110586
41.85,6.483331054494701,1.9512054440941469
41.900000000000006,6.496881950229854,1.9030767289152086
41.95,6.510432845965006,1.8549480137362773
42.0,6.523609673898989,1.8067190373953232
42.050000000000004,6.535945862134477,1.7582647449144804
42.1,6.548282050369963,1.7098104524336442
42.150000000000006,6.560618238605451,1.6613561599528013
42.2,6.571850128939777,1.612635461076756
42.25,6.582963805656412,1.5638862437513676
42.300000000000004,6.594077482373049,1.5151370264259725
42.35,6.604576926109559,1.4662558817717193
42.400000000000006,6.614461060654937,1.4172425786358427
42.45,6.6243451952003145,1.368229275499973
42.5,6.634109793812769,1.31919342703886
42.550000000000004,6.64275813334912,1.269947044194386
42.6,6.651406472885469,1.2207006613499192
42.650000000000006,6.66005481242182,1.1714542785054454
42.7,6.667840720929978,1.122067597473913
42.75,6.675247794389985,1.072619288475952
42.800000000000004,6.682654867849993,1.023170979477984
42.85,6.689695909400428,0.9736725389614428
42.900000000000006,6.695857030948495,0.9240535851104164
42.95,6.702018152496561,0.874434631259397
43.0,6.708179274044626,0.8248156774083777
43.050000000000004,6.713223454718315,0.7750722763652892
43.1,6.7181347267150855,0.7253140669182695
43.150000000000006,6.723045998711856,0.6755558574712428
43.2,6.727337746960708,0.6257443571260551
43.25,6.730996062428974,0.5758783694397127
43.300000000000004,6.734654377897241,0.5260123817533632
43.35,6.738192005745992,0.47613906469871864
43.400000000000006,6.740595050336425,0.42619684431659227
43.45,6.742998094926857,0.376254623934473
43.5,6.745401139517289,0.3263124035523538
43.550000000000004,6.746926006630152,0.2763389919132393
43.6,6.748072260085606,0.2263521326098623
43.650000000000006,6.749218513541061,0.17636527330647822
43.7,6.749984679224429,0.12637447960861406
43.75,6.749873416341914,0.07637460340306082
43.800000000000004,6.749762153459399,0.026374727197500475
43.85,6.749650890576883,-0.023625149008052765
43.900000000000006,6.748399544571706,-0.07360814912199241
43.95,6.747030835661384,-0.12358941197036885
44.0,6.745662126751062,-0.1735706748187453
44.050000000000004,6.743650068274621,-0.2235262197416759
44.1,6.741024779115574,-0.27345725074275784
44.150000000000006,6.738399489956527,-0.3233882817438469
44.2,6.735625857775479,-0.37330964103858844
44.25,6.731745649068245,-0.42315885347357163
44.300000000000004,6.7278654403610085,-0.473008065908562
44.35,6.723985231653774,-0.5228572783435452
44.400000000000006,6.7191965602203245,-0.5726242709478122
44.45,6.714063886536566,-0.6223601298511807
44.5,6.708931212852808,-0.6720959887545495
44.550000000000004,6.703382079376513,-0.7217835691604471
44.6,6.697000187606483,-0.7713746112692333
44.650000000000006,6.690618295836452,-0.8209656533780266
44.7,6.6842364040664215,-0.8705566954868129
44.75,6.676681154858933,-0.9199817119006007
44.800000000000004,6.6690540821577,-0.9693965655582863
44.85,6.661427009456469,-1.018811419215965
44.900000000000006,6.653115052821374,-1.0681117265308109
44.95,6.644247624055136,-1.1173191315332636
45.0,6.635380195288897,-1.1665265365357163
45.050000000000004,6.6263115997897994,-1.215695072117517
45.1,6.616209424483867,-1.2646638994884873
45.150000000000006,6.606107249177933,-1.3136327268594645
45.2,6.596005073872001,-1.3626015542304348
45.25,6.5849514365974615,-1.411361588706578
45.300000000000004,6.573620905387875,-1.4600608603901355
45.35,6.56229037417829,-1.508760132073686
45.400000000000006,6.550487062675521,-1.5573431188028515
45.45,6.537935343266526,-1.6057420272603538
45.5,6.5253836238575325,-1.654140935717856
45.550000000000004,6.512831152491707,-1.7025396390373806
45.6,6.499066185121641,-1.7506075667366336
45.650000000000006,6.485301217751572,-1.7986754944358936
45.7,6.471536250381506,-1.8467434221351466
45.75,6.457030493535575,-1.894589096477945
45.800000000000004,6.442060985954046,-1.9422956352621301
45.85,6.42709147837252,-1.9900021740463083
45.900000000000006,6.411846768113534,-2.037618541838644
45.95,6.395682190073078,-2.0849335121627774
46.0,6.379517612032621,-2.1322484824869115
46.050000000000004,6.363353033992162,-2.1795634528110517
46.1,6.346185518926621,-2.226521635228371
46.150000000000006,6.328836096192276,-2.273415105251238
46.2,6.311486673457934,-2.3203085752740975
46.25,6.293593083666382,-2.366992899877939
46.300000000000004,6.27506979154704,-2.413435204397224
46.35,6.256546499427699,-2.459877508916502
46.400000000000006,6.237928412326495,-2.506280616064346
46.45,6.218242968732054,-2.552242375283176
46.5,6.1985575251376135,-2.5982041345020064
46.550000000000004,6.17887208154317,-2.6441658937208428
46.6,6.158381301822055,-2.689770675583029
46.650000000000006,6.137546159850797,-2.73522281369597
46.7,6.116711017879543,-2.780674951808905
46.75,6.095511861253638,-2.825954654269443
46.800000000000004,6.073540201314541,-2.870868417856134
46.85,6.051568541375448,-2.9157821814428186
46.900000000000006,6.029596881436351,-2.9606959450295096
46.95,6.006568827641751,-3.0050763567686523
47.0,5.9834745491166705,-3.0494233329835616
47.050000000000004,5.960380270591586,-3.0937703091984776
47.1,5.936662588614161,-3.137782607318231
47.150000000000006,5.9124603010651775,-3.1815347418649784
47.2,5.8882580135161975,-3.2252868764117197
47.25,5.863853396404964,-3.2689237420812716
47.300000000000004,5.838558410332491,-3.3120533569600745
47.35,5.813263424260022,-3.3551829718388717
47.400000000000006,5.787968438187549,-3.3983125867176747
47.45,5.7618028328761834,-3.440916768847724
47.5,5.735431150033628,-3.4833965798648565
47.550000000000004,5.70905946719107,-3.5258763908819954
47.6,5.682228856617953,-3.5680632379682877
47.650000000000006,5.6547971598890685,-3.6098663719964312
47.7,5.627365463160188,-3.6516695060245685
47.75,5.599873089981791,-3.69343172265669
47.800000000000004,5.571398732827179,-3.734531734635181
47.85,5.5429243756725715,-3.7756317466136666
47.900000000000006,5.51445001851796,-3.816731758592158
47.95,5.485274445330479,-3.8573327967055393
48.0,5.4557754408098385,-3.8977036863698884
48.050000000000004,5.426276436289195,-3.938074576034243
48.1,5.3964641583210335,-3.9782104571260235
48.150000000000006,5.365959167698136,-4.017826685456058
48.2,5.335454177075244,-4.057442913786086
48.25,5.304949186452351,-4.097059142116113
48.300000000000004,5.273517324480439,-4.135942917488157
48.35,5.242025645418077,-4.174779422864322
48.400000000000006,5.210533966355711,-4.213615928240493
48.45,5.17849292372056,-4.251995396355602
48.5,5.146034478072848,-4.290027610413349
48.550000000000004,5.113576032425132,-4.328059824471102
48.6,5.080930207239262,-4.3659280028388805
48.650000000000006,5.047525528449101,-4.403131866010958
48.7,5.014120849658944,-4.44033572918303
48.75,4.980716170868788,-4.477539592355101
48.800000000000004,4.946544850492546,-4.5140374877495075
48.85,4.912215070602189,-4.550389464486396
48.900000000000006,4.877885290711826,-4.586741441223289
48.95,4.843139682008414,-4.622690708080828
49.0,4.8079065182913,-4.658167801739733
49.050000000000004,4.772673354574181,-4.693644895398643
49.1,4.737358427427733,-4.729038719412724
49.150000000000006,4.7012441686501445,-4.7636184868056075
49.2,4.665129909872562,-4.798198254198485
49.25,4.629015651094979,-4.832778021591363
49.300000000000004,4.59227813233923,-4.866690265036554
49.35,4.55530562466041,-4.9003508306280485
49.400000000000006,4.5183331169815855,-4.934011396219549
49.45,4.481059636060061,-4.967332905979455
49.5,4.443252268579661,-5.000052975725739
49.550000000000004,4.405444901099257,-5.032773045472028
49.6,4.367637533618857,-5.065493115218311
49.650000000000006,4.329022693279181,-5.097256102605968
49.7,4.290404383241293,-5.129014977425728
49.75,4.251786073203403,-5.160773852245488
49.800000000000004,4.212670812302711,-5.191912710187663
49.85,4.17326598996575,-5.222690299056714
49.900000000000006,4.133861167628783,-5.253467887925769
49.95,4.094251580449321,-5.283976406596578
50.0,4.054085173631382,-5.313753239257818
50.050000000000004,4.013918766813437,-5.343530071919062
50.1,3.9737523599954976,-5.373306904580303
50.150000000000006,3.9329183909192764,-5.402159171510008
50.2,3.892015809228707,-5.430916410790684
50.25,3.851113227538138,-5.45967365007136
50.300000000000004,3.809823080844065,-5.48786463619565
50.35,3.7682101996052615,-5.515584089924122
50.400000000000006,3.7265973183664522,-5.543303543652598
50.45,3.684857642258759,-5.570827362541933
50.5,3.642560786143326,-5.5974914950564205
50.550000000000004,3.600263930027887,-5.624155627570913
50.6,3.5579670739124545,-5.6508197600854
50.650000000000006,3.515127337231349,-5.676598233424534
50.7,3.4721732636050056,-5.7021901766665435
50.75,3.4292191899786615,-5.727782119908554
50.800000000000004,3.385970517678004,-5.75286515451104
50.85,3.3423863996737353,-5.777368718696476
50.900000000000006,3.298802281669461,-5.801872282881915
50.95,3.255151864462578,-5.82625437037766
51.0,3.2109652737907877,-5.849654054238844
51.050000000000004,3.1667786831189906,-5.873053738100031
51.1,3.1225920924472,-5.896453421961216
51.150000000000006,3.077972651515861,-5.919010276167029
51.2,3.033211541022348,-5.941291276759175
51.25,2.988450430528835,-5.963572277351322
51.300000000000004,2.943472102974566,-5.985402788682068
51.35,2.8981647889573985,-6.006551010747987
51.400000000000006,2.852857474940225,-6.0276992328139105
51.45,2.807527976968177,-6.048798325892138
51.5,2.7617031212646284,-6.068800390779262
51.550000000000004,2.715878265561073,-6.0888024556663884
51.6,2.6700534098575246,-6.108804520553512
51.650000000000006,2.623891966491692,-6.128008224051811
51.7,2.5775785583465844,-6.146851478175882
51.75,2.5312651502014765,-6.1656947322999525
51.800000000000004,2.4847974604096237,-6.184144691431489
51.85,2.43802479813653,-6.201817214281576
51.900000000000006,2.39125213586343,-6.219489737131664
51.95,2.3444794735903365,-6.237162259981751
52.0,2.297284091054714,-6.253671975820212
52.050000000000004,2.250081763501641,-6.270162587499978
52.1,2.202879435948574,-6.286653199179741
52.150000000000006,2.1554241765064828,-6.302389488244186
52.2,2.1078220443377718,-6.317687756544626
52.25,2.0602199121690608,-6.3329860248450665
52.300000000000004,2.0125133987822212,-6.347944905821725
52.35,1.9645415755884257,-6.362041152820943
52.400000000000006,1.9165697523946235,-6.376137399820163
52.45,1.8685979292008281,-6.3902336468193806
52.5,1.8203095115227392,-6.403200134494529
52.550000000000004,1.771998344770551,-6.416085442680316
52.6,1.7236871780183698,-6.428970750866101
52.650000000000006,1.6751955341546731,-6.441143522993378
52.7,1.6265755859888864,-6.452809740904761
52.75,1.5779556378230997,-6.464475958816143
52.800000000000004,1.5292698235788822,-6.475851616107467
52.85,1.4803718514884787,-6.486291363491659
52.900000000000006,1.4314738793980684,-6.496731110875852
52.95,1.3825759073076649,-6.507170858260044
53.0,1.333457965319943,-6.516512873007463
53.050000000000004,1.2843129026806563,-6.5257195454889265
53.1,1.2351678400413768,-6.534926217970388
53.150000000000006,1.1859051696850742,-6.543458337061198
53.2,1.1365441061906774,-6.551426110319885
53.25,1.0871830426962805,-6.559393883578571
53.300000000000004,1.0377850941605453,-6.567113339194363
53.35,0.9882392561551805,-6.573837172650495
53.400000000000006,0.9386934181498086,-6.5805610061066275
53.45,0.8891475801444437,-6.587284839562759
53.5,0.8394704553399692,-6.592940629180295
53.550000000000004,0.7897711860640773,-6.598416269183331
53.6,0.7400719167881925,-6.603891909186366
53.650000000000006,0.6903101115982802,-6.608725915222477
53.7,0.640488851360585,-6.612949897742265
53.75,0.5906675911228898,-6.617173880262054
53.800000000000004,0.5408309061473368,-6.621184013286501
53.85,0.4909191724353349,-6.6241536661049185
53.900000000000006,0.44100743872332593,-6.627123318923336
53.95,0.39109570501132407,-6.630092971741753
54.0,0.34113512912527844,-6.632020905440736
54.050000000000004,0.29116449666697464,-6.633734349842406
54.1,0.24119386420867792,-6.635447794244076
54.150000000000006,0.19120989043734932,-6.636546510596127
54.2,0.1412119712267651,-6.637002662557168
54.25,0.09121405201618087,-6.637458814518209
54.300000000000004,0.0412167820515994,-6.637726946284647
54.35,-0.008776794649370125,-6.636925517158691
54.400000000000006,-0.058770371350346746,-6.636124088032734
54.45,-0.10876394805131626,-6.6353226589067775
54.5,-0.15872835406050176,-6.633501749331803
54.550000000000004,-0.20868596173109066,-6.631443246032841
54.6,-0.25864356940167255,-6.629384742733881
54.650000000000006,-0.3085691890642224,-6.626731774741706
54.7,-0.35845922393207974,-6.623417499423672
54.75,-0.408349258799937,-6.620103224105638
54.800000000000004,-0.45822574376540093,-6.6166175927597335
54.85,-0.5080166447995494,-6.612049641992985
54.900000000000006,-0.5578075458337051,-6.607481691226234
54.95,-0.6075984468678536,-6.602913740459486
55.0,-0.6572847264464619,-6.5973440529667595
55.050000000000004,-0.7069449953231699,-6.591525316412019
55.1,-0.756605264199871,-6.585706579857279
55.150000000000006,-0.8061900196184337,-6.57930669889158
55.2,-0.8556882406474288,-6.572240857472155
55.25,-0.9051864616764238,-6.56517501605273
55.300000000000004,-0.9546591571860893,-6.557945134837812
55.35,-1.00396401718456,-6.549636658411247
55.400000000000006,-1.053268877183038,-6.54132818198468
55.45,-1.102573737181509,-6.5330197055581145
55.5,-1.1516991958524554,-6.523722649448539
55.550000000000004,-1.2007795039541633,-6.514176793979177
55.6,-1.2498598120558642,-6.504630938509816
55.650000000000006,-1.2988208167370163,-6.494510346348497
55.7,-1.3476455241240208,-6.483733150582755
55.75,-1.3964702315110251,-6.472955954817012
55.800000000000004,-1.4452561227941039,-6.462012849057879
55.85,-1.493794342338716,-6.450011130704294
55.900000000000006,-1.5423325618833352,-6.438009412350709
55.95,-1.5908707814279475,-6.426007693997126
56.0,-1.639153619415996,-6.413026191061072
56.050000000000004,-1.6873746452203804,-6.399807542477601
56.1,-1.7355956710247582,-6.386588893894131
56.150000000000006,-1.7836513060387016,-6.372795362924915
56.2,-1.8315246328598405,-6.358368146316152
56.25,-1.8793979596809793,-6.343940929707388
56.300000000000004,-1.9272156764677983,-6.329337248164607
56.35,-1.974711019015589,-6.313710590291996
56.400000000000006,-2.0222063615633865,-6.298083932419383
56.45,-2.069701704111177,-6.282457274546772
56.5,-2.116862674356955,-6.265855800989341
56.550000000000004,-2.163949986453116,-6.249039587397713
56.6,-2.211037298549271,-6.2322233738060895
56.650000000000006,-2.2579088795667293,-6.214826259295407
56.7,-2.304558373152437,-6.196831128059519
56.75,-2.351207866738145,-6.178835996823632
56.800000000000004,-2.3977793588633287,-6.160645993835213
56.85,-2.443961522843646,-6.141483328830186
56.900000000000006,-2.49014368682397,-6.122320663825157
56.95,-2.536325850804287,-6.103157998820131
57.0,-2.5820899323855877,-6.083022497394237
57.050000000000004,-2.6277755512986247,-6.062704421094222
57.1,-2.673461170211655,-6.04238634479421
57.150000000000006,-2.718874627532997,-6.021476466236556
57.2,-2.7640348000320594,-6.000015832046143
57.25,-2.8091949725311216,-5.97855519785573
57.300000000000004,-2.854247196063759,-5.956874583472472
57.35,-2.89885335320085,-5.934284967595683
57.400000000000006,-2.9434595103379473,-5.91169535171889
57.45,-2.988065667475038,-5.889105735842101
57.5,-3.0321637440981197,-5.865543395817469
57.550000000000004,-3.0761876673971127,-5.841839088669511
57.6,-3.1202115906960994,-5.818134781521557
57.650000000000006,-3.163899151809792,-5.793824170898588
57.7,-3.2073129911179015,-5.7690201680657935
57.75,-3.2507268304260104,-5.744216165232999
57.800000000000004,-3.293993433741976,-5.71916182138304
57.85,-3.3367697248482795,-5.693273814136665
57.900000000000006,-3.3795460159545896,-5.6673858068902865
57.95,-3.422322307060893,-5.641497799643911
58.0,-3.4644928399940866,-5.614636703078028
58.050000000000004,-3.506604522003856,-5.587681068447983
58.1,-3.5487162040136195,-5.560725433817943
58.150000000000006,-3.5904180679477795,-5.533146949447504
58.2,-3.631838500401668,-5.505140739862263
58.25,-3.6732589328555565,-5.477134530277021
58.300000000000004,-3.714481931811419,-5.4488440918587235
58.35,-3.755184911538748,-5.419805024357917
58.400000000000006,-3.7958878912660827,-5.390765956857106
58.45,-3.836590870993412,-5.361726889356298
58.5,-3.8765815555939525,-5.331715523002947
58.550000000000004,-3.9165413332893033,-5.301661968029555
58.6,-3.956501110984649,-5.2716084130561685
58.650000000000006,-3.9959671035124784,-5.24091521859268
58.7,-4.0351584000251846,-5.20986618837187
58.75,-4.07434969653789,-5.17881715815106
58.800000000000004,-4.113281127721658,-5.147448458845669
58.85,-4.151679150047927,-5.115423595357574
58.900000000000006,-4.190077172374201,-5.083398731869474
58.95,-4.22846413256901,-5.0513609389138745
59.0,-4.266044589536443,-5.01838050146804
59.050000000000004,-4.303625046503882,-4.9854000640222
59.1,-4.341205503471316,-4.952419626576365
59.150000000000006,-4.378196702101677,-4.918784535629478
59.2,-4.414935819736372,-4.884869388048733
59.25,-4.451674937371067,-4.8509542404679875
59.300000000000004,-4.4880784782954635,-4.816684623978611
59.35,-4.523953014861922,-4.781856221400522
59.400000000000006,-4.559827551428386,-4.747027818822428
59.45,-4.595633944785696,-4.7121309699608815
59.5,-4.630621205490046,-4.676411345265125
59.550000000000004,-4.6656084661944,-4.640691720569364
59.6,-4.700595726898749,-4.604972095873607
59.650000000000006,-4.7348860445295955,-4.5685867836357685
59.7,-4.768963895876803,-4.531998533506015
59.75,-4.803041747224011,-4.495410283376262
59.800000000000004,-4.83669429229536,-4.458435781731176
59.85,-4.869841176091379,-4.421002052360289
59.900000000000006,-4.902988059887402,-4.383568322989396
59.95,-4.93599384422614,-4.346012783770765
60.0,-4.968188791216116,-4.307757256218365
60.050000000000004,-5.0003837382060965,-4.26950172866596
60.1,-5.032578685196072,-4.23124620111356
60.150000000000006,-5.063956401333057,-4.1923202853225465
60.2,-5.0951790444669625,-4.153267160534221
60.25,-5.126401687600868,-4.114214035745896
60.300000000000004,-5.157094868743003,-4.074748417245496
60.35,-5.187325456060325,-4.034922400743096
60.400000000000006,-5.217556043377652,-3.9950963842406906
60.45,-5.247556284038423,-3.955100042447281
60.5,-5.276775691163737,-3.9145263287000174
60.550000000000004,-5.3059950982890545,-3.873952614952748
60.6,-5.335214505414368,-3.8333789012054846
60.650000000000006,-5.36348373396122,-3.7921388957083835
60.7,-5.391673476202746,-3.7508431521946024
60.75,-5.41986321844427,-3.709547408680821
60.800000000000004,-5.447404859383559,-3.6678210990120417
60.85,-5.474547103427057,-3.6258294499817536
60.900000000000006,-5.501689347470561,-3.5838378009514598
60.95,-5.528495657355335,-3.5416349552544664
61.0,-5.5545732325459385,-3.4989739652029193
61.050000000000004,-5.580650807736545,-3.456312975151366
61.1,-5.606714056534361,-3.4136434733608856
61.150000000000006,-5.631710465739196,-3.3703401302236076
61.2,-5.656706874944027,-3.3270367870863358
61.25,-5.681703284148859,-3.283733443949064
61.300000000000004,-5.7059187775741265,-3.2399923249317255
61.35,-5.7298182076188535,-3.1960740230117173
61.400000000000006,-5.753717637663584,-3.152155721091703
61.45,-5.777159537254731,-3.107995848234124
61.5,-5.799946868927437,-3.063490370871919
61.550000000000004,-5.822734200600147,-3.018984893509708
61.6,-5.845395530314778,-2.9744168890136016
61.650000000000006,-5.867056347930833,-2.9293523910112436
61.7,-5.888717165546885,-2.8842878930088927
61.75,-5.910377983162938,-2.8392233950065413
61.800000000000004,-5.931111580263031,-2.793727486365966
61.85,-5.951632180784887,-2.7481324761760106
61.900000000000006,-5.972152781306746,-2.7025374659860493
61.95,-5.992078968220363,-2.6566838721478057
62.0,-6.0114463699265555,-2.6105871938385095
62.050000000000004,-6.030813771632751,-2.564490515529206
62.1,-6.049926400248946,-2.51829054502945
62.150000000000006,-6.068128350946754,-2.471721360037709
62.2,-6.08633030164456,-2.4251521750459744
62.25,-6.104532252342366,-2.3785829900542397
62.300000000000004,-6.121648254593936,-2.331605020526494
62.35,-6.138673239370539,-2.2845927892099938
62.400000000000006,-6.155698224147145,-2.237580557893487
62.45,-6.1719777421688855,-2.190308920802787
62.5,-6.187814990676135,-2.1428833838029866
62.550000000000004,-6.203652239183388,-2.0954578468031797
62.6,-6.2190900226588255,-2.0479044736906937
62.650000000000006,-6.233729515926964,-2.00009563311855
62.7,-6.248369009195099,-1.9522867925464127
62.75,-6.262959869214822,-1.9044637264812665
62.800000000000004,-6.276392345990886,-1.8563018269375293
62.85,-6.289824822766947,-1.8081399273937988
62.900000000000006,-6.30325729954301,-1.7599780278500616
62.95,-6.31578059756758,-1.7115748370873822
63.0,-6.327997560174464,-1.6630903465294544
63.050000000000004,-6.34021452278135,-1.6146058559715197
63.1,-6.351872987834203,-1.5659880835984874
63.150000000000006,-6.3628667075466865,-1.51721167406597
63.2,-6.373860427259168,-1.4684352645334595
63.25,-6.384649848396073,-1.4196155004704463
63.300000000000004,-6.39441337033037,-1.3705780286816307
63.35,-6.404176892264666,-1.3215405568928222
63.400000000000006,-6.413940414198963,-1.2725030851040067
63.45,-6.422620286045244,-1.223263988893329
63.5,-6.431147433559039,-1.1739964767247848
63.550000000000004,-6.439674581072834,-1.1247289645562335
63.6,-6.447471836319908,-1.0753445579791552
63.650000000000006,-6.454757214920051,-1.0258781728408306
63.7,-6.462042593520195,-0.976411787702513
63.75,-6.468954058198281,-0.9268951285647317
63.800000000000004,-6.474993058953694,-0.8772611636830451
63.85,-6.481032059709107,-0.8276271988013655
63.900000000000006,-6.4870546547067915,-0.7779914468877769
63.95,-6.491843457164404,-0.7282213015090305
64.0,-6.496632259622016,-0.6784511561302843
64.05,-6.501421062079628,-0.628681010751538
64.10000000000001,-6.505298579274554,-0.578834736282381
64.15,-6.508834153876451,-0.5289598958091108
64.2,-6.512369728478348,-0.4790850553358407
64.25,-6.515350281784242,-0.42917787928376455
64.3,-6.517630391784471,-0.3792298953566167
64.35000000000001,-6.519910501784701,-0.3292819114294547
64.4,-6.521992115762661,-0.2793273664578626
64.45,-6.523015318642498,-0.2293378369955204
64.5,-6.524038521522335,-0.1793483075331782
64.55,-6.525061724402172,-0.129358778070836
64.60000000000001,-6.5249849822433985,-0.07936057072189451
64.65,-6.524750630624172,-0.029361119931727395
64.7,-6.524516279004945,0.02063833085843972
64.75,-6.523537138603064,0.0706249228453989
64.8,-6.52204538065596,0.12060266447331866
64.85000000000001,-6.5205536227088565,0.17058040610125266
64.9,-6.518671256893957,0.22054156981891848
64.95,-6.5159230362465514,0.2704659855217856
65.0,-6.513174815599145,0.32039040122465273
65.05,-6.51038852357849,0.37031224058393186
65.10000000000001,-6.506385578718051,0.42015174732753446
65.15,-6.502382633857614,0.46999125407112285
65.2,-6.498379688997177,0.5198307608147112
65.25,-6.4934367089093445,0.5695828559690986
65.3,-6.488181572083314,0.6193059244277086
65.35000000000001,-6.482926435257283,0.6690289928863327
65.4,-6.477081849186758,0.7186822573212613
65.45,-6.470577844801062,0.7682574318237347
65.5,-6.464073840415365,0.8178326063262082
65.55,-6.457328144636093,0.8673729750103716
65.60000000000001,-6.449579387152329,0.9167688934395191
65.65,-6.441830629668566,0.9661648118686524
65.7,-6.434081872184803,1.0155607302977858
65.75,-6.425195854763274,1.0647635621091087
65.8,-6.416207246096108,1.1139489757418968
65.85000000000001,-6.40721863742894,1.1631343893746988
65.9,-6.397438622785108,1.2121648643993759
65.95,-6.3872158492014925,1.2611086576755177
66.0,-6.376993075617877,1.3100524509516598
66.05,-6.366320784102382,1.3588964387476032
66.10000000000001,-6.354870312624585,1.4075676489538143
66.15,-6.343419841146792,1.4562388591600115
66.2,-6.331857146705026,1.5048821736400382
66.25,-6.319186221019758,1.5532500104975857
66.3,-6.30651529533449,1.6016178473551332
66.35000000000001,-6.293844369649218,1.6499856842126945
66.4,-6.280180866096712,1.6980801109561259
66.45,-6.266297501972886,1.746113976099426
66.5,-6.252414137849059,1.7941478412427263
66.55,-6.237873241821023,1.841982664791136
66.60000000000001,-6.2227862220390975,1.8896521711248577
66.65,-6.207699202257176,1.9373216774585658
66.7,-6.192284038771662,1.9848827703345517
66.75,-6.176002907567781,2.0321577612570447
66.8,-6.1597217763639005,2.079432752179538
66.85000000000001,-6.143435637653466,2.1267059478012937
66.9,-6.125970694681834,2.1735565162823405
66.95,-6.108505751710203,2.220407084763387
67.0,-6.091040808738571,2.267257653244434
67.05,-6.072714395779963,2.3137746847392604
67.10000000000001,-6.0540766895973634,2.3601711922398483
67.15,-6.035438983414769,2.4065676997404224
67.2,-6.016260490879926,2.4527390316159057
67.25,-5.996461811956477,2.4986521268381403
67.3,-5.976663133033029,2.544565222060375
67.35000000000001,-5.956637118116902,2.590376875934142
67.4,-5.935689991377416,2.6357775133895753
67.45,-5.91474286463793,2.681178150845009
67.5,-5.893795737898444,2.726578788300442
67.55,-5.8717917402973185,2.771475586586376
67.60000000000001,-5.849709417198067,2.8163350449707734
67.65,-5.827627094098822,2.861194503355158
67.7,-5.80479919934894,2.9056752280781595
67.75,-5.781595649494809,2.949965128441184
67.8,-5.758392099640678,2.9942550288042087
67.85000000000001,-5.734746124869866,3.038306003386713
67.9,-5.710436027177137,3.081998327085157
67.95,-5.686125929484406,3.125690650783601
68.0,-5.661667875573759,3.169298198620372
68.05,-5.6362666089842195,3.212365305043334
68.10000000000001,-5.610865342394672,3.255432411466308
68.15,-5.585464075805133,3.29849951788927
68.2,-5.559125032137591,3.3409975010237685
68.25,-5.532648665889766,3.3834121450787515
68.3,-5.506172299641939,3.425826789133734
68.35000000000001,-5.4790504969055585,3.467827164307594
68.4,-5.451515780369251,3.5095625136563764
68.45,-5.423981063832944,3.5512978630051593
68.5,-5.396083750342575,3.592787390485965
68.55,-5.36750810242313,3.633817042519387
68.60000000000001,-5.338932454503678,3.6748466945528215
68.65,-5.310267069206928,3.715812156909139
68.7,-5.28066856732594,3.756110155450023
68.75,-5.251070065444953,3.7964081539909067
68.8,-5.2214715635639655,3.8367061525317907
68.85000000000001,-5.191041610720063,3.876377209552119
68.9,-5.160438979379484,3.9159180612757782
68.95,-5.129836348038905,3.955458912999438
69.0,-5.098673149492534,3.9945545297743985
69.05,-5.067085748429419,4.03331322033636
69.10000000000001,-5.035498347366296,4.072071910898333
69.15,-5.003610561850329,4.110579443078492
69.2,-4.971058373789723,4.148531452939194
69.25,-4.938506185729117,4.186483462799896
69.3,-4.905902666599647,4.2243903122327
69.35000000000001,-4.872406284613334,4.261511632169201
69.4,-4.838909902627029,4.298632952105691
69.45,-4.805413520640725,4.335754272042181
69.5,-4.771180316113908,4.372193715507816
69.55,-4.736760930593082,4.40846086180262
69.60000000000001,-4.7023415450722466,4.444728008097434
69.65,-4.667432686892811,4.480518777489826
69.7,-4.632112072142792,4.515908806787361
69.75,-4.596791457392774,4.551298836084895
69.8,-4.561216975497408,4.586429041920279
69.85000000000001,-4.525017475963008,4.620919565741469
69.9,-4.488817976428617,4.655410089562649
69.95,-4.452588096217791,4.68986791363339
70.0,-4.415532612348024,4.72343711253919
70.05,-4.378477128478256,4.757006311444989
70.10000000000001,-4.341421644608478,4.790575510350799
70.15,-4.303714247891148,4.823406647169741
70.2,-4.26582622165209,4.856033284564792
70.25,-4.227938195413032,4.888659921959843
70.3,-4.189620419440335,4.920774626156018
70.35000000000001,-4.150923819485491,4.952438061723501
70.4,-4.112227219530658,4.984101497290974
70.45,-4.07331040732664,5.015488792452026
70.5,-4.033829713834128,5.046168995211299
70.55,-3.994349020341616,5.076849197970572
70.60000000000001,-3.9548447078752798,5.107498204800995
70.65,-3.9146048970612877,5.1371757657798565
70.7,-3.8743650862472956,5.166853326758718
70.75,-3.8341252754333035,5.196530887737579
70.8,-3.7933115335273953,5.22540941105018
70.85000000000001,-3.7523380618459488,5.254065555563545
70.9,-3.711364590164514,5.282721700076902
70.95,-3.6700129303920077,5.310822353338537
71.0,-3.6283317184309056,5.3384389528658724
71.05,-3.5866505064698035,5.366055552393207
71.10000000000001,-3.544773507739538,5.393368426883164
71.15,-3.5024109238225645,5.4199280105372205
71.2,-3.4600483399055904,5.446487594191278
71.25,-3.4176587680398636,5.473002904455058
71.3,-3.3746416115458566,5.498488670034495
71.35000000000001,-3.3316244550518372,5.523974435613939
71.4,-3.28860729855783,5.549460201193376
71.45,-3.245090749364915,5.5740783479550835
71.5,-3.2014462337740937,5.598474172574111
71.55,-3.157801718183272,5.622869997193139
71.60000000000001,-3.113826307187717,5.646655960935932
71.65,-3.069582042866013,5.669946411224213
71.7,-3.025337778544309,5.693236861512495
71.75,-2.980917224353249,5.716181949880761
71.8,-2.936101201085574,5.73835229174711
71.85000000000001,-2.8912851778178856,5.760522633613466
71.9,-2.8464333763146326,5.782618303499538
71.95,-2.801073945598098,5.803654511453243
72.0,-2.755714514881564,5.824690719406949
72.05,-2.7103550841650295,5.845726927360654
72.10000000000001,-2.6645713978402927,5.865817347168486
72.15,-2.6186972549486063,5.88570611319237
72.2,-2.5728231120569194,5.905594879216253
72.25,-2.5266655288192545,5.924806676897857
72.3,-2.4803056946496174,5.943535418867442
72.35000000000001,-2.433945860479967,5.962264160837032
72.4,-2.3874291238612093,5.9805900007502695
72.45,-2.340612926575211,5.998146870393745
72.5,-2.293796729289212,6.01570374003722
72.55,-2.2469357468251654,6.033136461109786
72.60000000000001,-2.1996928032952763,6.049510351503724
72.65,-2.1524498597654005,6.065884241897658
72.7,-2.105206916235525,6.082258132291591
72.75,-2.057619900870096,6.097597414635371
72.8,-2.0099800979435765,6.1127779672314375
72.85000000000001,-1.9623402950170432,6.127958519827509
72.9,-1.9144694818693782,6.142381299080914
72.95,-1.8664629574612428,6.156358910259185
73.0,-1.8184564330531074,6.1703365214374575
73.05,-1.7703174579156629,6.183836948336171
73.10000000000001,-1.7219745819429442,6.196602775480834
73.15,-1.6736317059702392,6.209368602625493
73.2,-1.6252403517684957,6.221941026637738
73.25,-1.5765917069377036,6.2334869937313675
73.3,-1.5279430621069112,6.245032960824997
73.35000000000001,-1.479294417276105,6.256578927918629
73.4,-1.4303916214266106,6.26699073740812
73.45,-1.3814679838864672,6.277309540141026
73.5,-1.332544346346324,6.287628342873932
73.55,-1.2834521289182335,6.297094934857623
73.60000000000001,-1.234284448790143,6.306180045248964
73.65,-1.1851167686620663,6.3152651556403026
73.7,-1.1358515081493143,6.3237822839104325
73.75,-1.086470889947748,6.331627954438226
73.8,-1.0370902717461816,6.33947362496602
73.85000000000001,-0.987668473409351,6.347037264552612
73.9,-0.9381061563644406,6.35363853179002
73.95,-0.8885438393195302,6.360239799027429
74.0,-0.8389815222746198,6.366841066264838
74.05,-0.7892694728023231,6.3721988384785515
74.10000000000001,-0.7395568110973567,6.377551526234117
74.15,-0.6898441493924043,6.382904213989681
74.2,-0.6400403993353678,6.3872977431855436
74.25,-0.5902088422715175,6.391398465145409
74.3,-0.540377285207667,6.395499187105274
74.35000000000001,-0.49049879059728524,6.398925931618193
74.4,-0.44057986269807203,6.401772093488642
74.45,-0.39066093479885877,6.404618255359091
74.5,-0.3407247547415748,6.407075915121231
74.55,-0.2907500358098347,6.408665716270164
74.60000000000001,-0.24077531687808046,6.410255517419097
74.65,-0.19079861213355329,6.411742038374059
74.7,-0.14079971727337792,6.412074472970391
74.75,-0.09080082241320259,6.412406907566724
74.8,-0.04080192755302725,6.412739342163056
74.85000000000001,0.009190586588958917,6.411995343814661
74.9,0.05918202697261405,6.411070201464911
74.95,0.10917346735626918,6.410145059115161
75.0,0.15914026059207279,6.408427155112091
75.05,0.20909262080347352,6.406245020993758
75.10000000000001,0.25904498101488843,6.4040628868754235
75.15,0.30896862267534486,6.401370583655059
75.2,0.3588503017350903,6.397932838146708
75.25,0.40873198079483575,6.394495092638357
75.3,0.45859496606311007,6.3908281601724095
75.35000000000001,0.5083744076996454,6.386136977980686
75.4,0.5581538493361665,6.381445795788964
75.45,0.6079332909726877,6.3767546135972415
75.5,0.6575843141903829,6.370862620614019
75.55,0.707230026803143,6.364920969398169
75.60000000000001,0.7568757394159171,6.3589793181823175
75.65,0.8063994766644873,6.352116802266482
75.7,0.8558800532463047,6.3449284407612145
75.75,0.905360629828122,6.337740079255946
75.8,0.9547394730426038,6.329908415336258
75.85000000000001,1.0040236110484697,6.321477890974164
75.9,1.0533077490543217,6.313047366612071
75.95,1.1025240462835768,6.304248207509069
76.0,1.1515805674333235,6.294580853544101
76.05,1.2006370885830702,6.284913499579132
76.10000000000001,1.2496731470120763,6.275148779895276
76.15,1.298471017014601,6.264250712029071
76.2,1.3472688870171257,6.253352644162865
76.25,1.3960667570196503,6.24245457629666
76.3,1.4446153243636604,6.230502696704388
76.35000000000001,1.4931236725499188,6.21838080921762
76.4,1.5416320207361636,6.206258921730855
76.45,1.5899341665735642,6.193353880252303
76.5,1.638122305426082,6.18001584164349
76.55,1.6863104442785999,6.166677803034677
76.60000000000001,1.73434857579694,6.152823172472694
76.65,1.7821860203635815,6.138277420607182
76.7,1.8300234649302232,6.12373166874167
76.75,1.8777799817354301,6.10893131401278
76.80000000000001,1.925236468914915,6.093187050785035
76.85000000000001,1.9726929560943864,6.0774427875572945
76.9,2.0201494432738576,6.061698524329555
76.95,2.0671957617450727,6.044768054627059
77.0,2.114241269432138,6.027835240139626
77.05000000000001,2.161286777119217,6.01090242565219
77.10000000000001,2.2079865108034995,5.993045563641433
77.15,2.254591276881757,5.97493490990418
77.2,2.301196042960015,5.956824256166928
77.25,2.3475318713671998,5.938046508699462
77.30000000000001,2.3936664125373817,5.918769472853199
77.35000000000001,2.43980095370755,5.899492437006943
77.4,2.4857555839324648,5.8797996093614024
77.45,2.53139071436431,5.859368386430105
77.5,2.577025844796155,5.838937163498806
77.55000000000001,2.6225820159319846,5.818335362224258
77.60000000000001,2.6676888657280613,5.796762877400437
77.65,2.712795715524138,5.775190392576616
77.7,2.7579025653202147,5.753617907752796
77.75,2.8024862367142327,5.730985928761239
77.80000000000001,2.8470362701737897,5.708285829229438
77.85000000000001,2.8915863036333342,5.685585729697642
77.9,2.935708925216621,5.662072265681092
77.95,2.979673958888017,5.638258911984635
78.0,3.0236389925594125,5.614445558288177
78.05000000000001,3.0672837977703358,5.590058340473956
78.10000000000001,3.110636018280773,5.565146797430335
78.15,3.1539882387912104,5.5402352543867135
78.2,3.197138530107358,5.5149823166100935
78.25,3.239850511758347,5.488988343780894
78.30000000000001,3.282562493409348,5.462994370951687
78.35000000000001,3.325201647411441,5.436884051768226
78.4,3.367246369529116,5.409824093489485
78.45,3.409291091646791,5.382764135210744
78.5,3.4513358137644663,5.355704176932002
78.55000000000001,3.4927534282786703,5.3276962549128575
78.60000000000001,3.5341042923078483,5.299587429892234
78.65,3.5754551563370263,5.27147860487161
78.7,3.6163024704879074,5.242648683033543
78.75,3.6569333168191314,5.213508773520844
78.80000000000001,3.6975641631503673,5.184368864008138
78.85000000000001,3.7378252633713753,5.154726859245456
78.9,3.777710387890263,5.124574299783408
78.95,3.817595512409151,5.0944217403213585
79.0,3.8572545974131307,5.06397787020957
79.05000000000001,3.8963687677616012,5.032831735971887
79.10000000000001,3.9354829381100607,5.001685601734213
79.15,3.9745243244779687,4.970450385786409
79.2,4.012842796016967,4.938330380510652
79.25,4.051161267555965,4.9062103752348944
79.30000000000001,4.089479739094974,4.874090369959128
79.35000000000001,4.127067926939012,4.841121079575995
79.4,4.164566458402807,4.808047523098676
79.45,4.202064989866602,4.774973966621357
79.5,4.238980766385048,4.741256202816398
79.55000000000001,4.275635635217005,4.707250018218398
79.60000000000001,4.31229050404895,4.673243833620408
79.65,4.348519108161629,4.63878961818225
79.7,4.384307125521829,4.603872318552614
79.75,4.420095142882029,4.568955018922977
79.80000000000001,4.455621969875694,4.533776665874845
79.85000000000001,4.490520495311026,4.49797034070122
79.9,4.525419020746357,4.462164015527595
79.95,4.560229628240883,4.426274131424417
80.0,4.594216584008107,4.389601432618949
80.05000000000001,4.628203539775341,4.352928733813471
80.10000000000001,4.662190495542565,4.316256035008003
80.15,4.695337538850266,4.278824345477324
80.2,4.728391423883155,4.241308473046682
80.25,4.761445308916044,4.20379260061604
80.30000000000001,4.793826848675487,4.165699204686712
80.35000000000001,4.825926752187146,4.127363892055382
80.4,4.858026655698806,4.089028579424052
80.45,4.889629377092206,4.050287480090132
80.5,4.920754991803971,4.0111569790862545
80.55000000000001,4.951880606515746,3.972026478082366
80.60000000000001,4.982691395010668,3.9326519553413455
80.65,5.0128230299992165,3.8927510208545892
80.7,5.042954664987765,3.852850086367833
80.75,5.072960612515474,3.8128566964802935
80.80000000000001,5.102079205670033,3.7722105708014477
80.85000000000001,5.1311977988245845,3.7315644451226135
80.9,5.160316391979135,3.6909183194437793
80.95,5.188473340140984,3.6496014165713517
81.0,5.216560470222693,3.6082358134236525
81.05000000000001,5.24464760030441,3.566870210275941
81.10000000000001,5.271956767253285,3.5249905467247973
81.15,5.298994665549221,3.482931634996862
81.2,5.326032563845157,3.4408727232689262
81.25,5.352482362727932,3.3984461167003808
81.30000000000001,5.378453924292267,3.355720503891303
81.35000000000001,5.404425485856594,3.3129948910822375
81.4,5.430004572783719,3.2700374140415014
81.45,5.454893367258956,3.226672129428468
81.5,5.479782161734192,3.1833068448154354
81.55000000000001,5.504479441991032,3.139834822903714
81.60000000000001,5.528269724002562,3.0958573004426717
81.65,5.552060006014091,3.05187977798163
81.7,5.575850288025621,3.0079022555205874
81.75,5.598541359460346,2.963347848829019
81.80000000000001,5.621218078577607,2.918785909799417
81.85000000000001,5.643894797694863,2.874223970769828
81.9,5.6656682997843015,2.829216612415535
81.95,5.687217110042302,2.784098447820058
82.0,5.708765920300302,2.7389802832245813
82.05000000000001,5.729612257347008,2.693537397177199
82.10000000000001,5.7500195263222444,2.6478915499074644
82.15,5.770426795297481,2.6022457026377297
82.2,5.790336654905502,2.556384938809313
82.25,5.809589472340429,2.5102402855890626
82.30000000000001,5.82884228977536,2.464095632368799
82.35000000000001,5.847806648906225,2.4178348636786215
82.4,5.8658928348768775,2.3712205967956743
82.45,5.88397902084753,2.324606329912727
82.5,5.901989151914439,2.2779636491711144
82.55000000000001,5.918897264536056,2.230909258009651
82.60000000000001,5.935805377157669,2.1838548668482014
82.65,5.952713489779281,2.1368004756867514
82.7,5.968572196817927,2.0893838358402235
82.75,5.98429153948363,2.0419190882251974
82.80000000000001,6.000010882149336,1.9944543406101576
82.85000000000001,6.014888872277168,1.9467226480459683
82.9,6.029409500425217,1.8988775714112116
82.95,6.043930128573265,1.8510324947764547
83.0,6.057820355755541,1.803004722024661
83.05000000000001,6.071133083160792,1.7548095844168632
83.10000000000001,6.084445810566038,1.706614446809079
83.15,6.097341554672973,1.6583097527907653
83.2,6.10943795925859,1.6097950437212398
83.25,6.121534363844207,1.5612803346517143
83.30000000000001,6.133429236363106,1.5127180604619936
83.35000000000001,6.1443016655288965,1.4639144716181953
83.4,6.155174094694687,1.4151108827743968
83.45,6.166046523860477,1.3663072939305985
83.5,6.175703619903719,1.3172489531051992
83.55000000000001,6.185345195367643,1.268187358934457
83.60000000000001,6.194986770831564,1.2191257647637286
83.65,6.203625136331175,1.169880092336272
83.7,6.212029758481004,1.1205915305138925
83.75,6.220434380630833,1.0713029686915132
83.80000000000001,6.228049438672107,1.0218899686616352
83.85000000000001,6.235211790424509,0.9724056204556144
83.9,6.242374142176909,0.9229212722495936
83.95,6.248961673587124,0.8733610922763242
84.0,6.2548772237516665,0.8237122628213338
84.05000000000001,6.260792773916211,0.7740634333663293
84.10000000000001,6.266348922402644,0.7243763595008185
84.15,6.271013928548642,0.6745944579937699
84.2,6.275678934694642,0.6248125564867214
84.25,6.280200211945051,0.5750190077171548
84.30000000000001,6.283611722769424,0.5251355275469
84.35000000000001,6.287023233593796,0.4752520473766594
84.4,6.290434744418169,0.4253685672064188
84.45,6.292662381527303,0.375419068807541
84.5,6.294818238721931,0.32546556763138523
84.55000000000001,6.2969740959165605,0.2755120664552152
84.60000000000001,6.29815964533315,0.22552890913238785
84.65,6.299058484950579,0.17553698891179909
84.7,6.299957324568008,0.1255450686912103
84.75,6.300099227271522,0.07554905992486799
84.80000000000001,6.299740480588125,0.0255503469332488
84.85000000000001,6.299381733904728,-0.02444836605835618
84.9,6.298478819106251,-0.07443632958403938
84.95,6.29686271298231,-0.12441020476893909
85.0,6.295246606858369,-0.1743840799538388
85.05000000000001,6.2932980963076215,-0.22434301876570706
85.10000000000001,6.290425653044105,-0.274260441272259
85.15,6.287553209780589,-0.3241778637788109
85.2,6.2845587219939345,-0.3740867222098791
85.25,6.280431758686054,-0.4239161128729727
85.30000000000001,6.276304795378172,-0.4737455035360805
85.35000000000001,6.272177832070291,-0.5235748941991742
85.4,6.266885477168686,-0.573292991840235
85.45,6.261506604556646,-0.6230028271791601
85.5,6.256127731944606,-0.6727126625180853
85.55000000000001,6.24979324634926,-0.7223069192924637
85.60000000000001,6.243165867166922,-0.7718657514535743
85.65,6.236538487984585,-0.821424583614685
85.7,6.229163494827625,-0.8708738521705952
85.75,6.221291801650141,-0.9202503288221284
85.80000000000001,6.213420108472654,-0.9696268054736756
85.85000000000001,6.205006640984652,-1.0189099102821217
85.9,6.19589561357641,-1.0680727944485922
85.95,6.1867845861681685,-1.1172356786150628
86.0,6.177335090909254,-1.1663314233896829
86.05000000000001,6.1669904930738335,-1.2152496132133503
86.10000000000001,6.156645895238415,-1.2641678030370038
86.15,6.146163235210631,-1.3130549783183463
86.2,6.134591611144754,-1.361697526735116
86.25,6.123019987078877,-1.4103400751518855
86.30000000000001,6.111448363012996,-1.4589826235686691
86.35000000000001,6.098716114866812,-1.507333600372168
86.4,6.085924785020575,-1.5556697346897224
86.45,6.0731334551743394,-1.6040058690072767
86.5,6.059383121477062,-1.652075270176514
86.55000000000001,6.045380177923109,-1.700074411542019
86.60000000000001,6.0313772343691605,-1.7480735529075104
86.65,6.016613711337912,-1.7958403897747073
86.7,6.001408012652449,-1.843472172519915
86.75,5.986202313966987,-1.8911039552651228
86.80000000000001,5.970430919784449,-1.9385472771481789
86.85000000000001,5.954032085443328,-1.9857815679997632
86.9,5.937633251102207,-2.0330158588513476
86.95,5.920859727853239,-2.080114761286575
87.0,5.903278132146689,-2.1269216784293583
87.05000000000001,5.885696536440134,-2.173728595572155
87.10000000000001,5.86792705189332,-2.2204622286872078
87.15,5.849173817363157,-2.266812160668348
87.2,5.830420582832995,-2.313162092649488
87.25,5.811661732060935,-2.3595096696734097
87.30000000000001,5.79174872246439,-2.4053732941356003
87.35000000000001,5.7718357128678495,-2.4512369185977776
87.4,5.751922703271309,-2.497100543059955
87.45,5.731034332504534,-2.542526026737045
87.5,5.709974145309191,-2.587874328968737
87.55000000000001,5.688913958113842,-2.6332226312004416
87.60000000000001,5.66706402202492,-2.678192020546909
87.65,5.64486998043944,-2.7229963118380534
87.7,5.622675938853959,-2.7678006031291975
87.75,5.599873039755659,-2.812293697215415
87.80000000000001,5.576559184301407,-2.8565256330068696
87.85000000000001,5.5532453288471615,-2.900757568798311
87.9,5.529498492218365,-2.9447542830764233
87.95,5.505079571847259,-2.9883858808916446
88.0,5.480660651476153,-3.032017478706866
88.05000000000001,5.455979326235186,-3.075497853927774
88.10000000000001,5.4304707889992985,-3.1185015110755683
88.15,5.404962251763411,-3.161505168223363
88.2,5.379356310349631,-3.204449379457923
88.25,5.352774293628587,-3.246797890494815
88.30000000000001,5.326192276907537,-3.2891464015317187
88.35000000000001,5.299610260186493,-3.3314949125686106
88.4,5.272033335457825,-3.373201341233389
88.45,5.244394655750065,-3.4148679151747556
88.5,5.216755976042305,-3.4565344891161223
88.55000000000001,5.188292934895938,-3.4976391838997527
88.60000000000001,5.159615077180357,-3.5385974611687545
88.65,5.130937219464775,-3.5795557384377563
88.7,5.1015998608121595,-3.620039780559183
88.75,5.071900967486841,-3.660263849662779
88.80000000000001,5.042202074161514,-3.7004879187663864
88.85000000000001,5.012002607258177,-3.7403325771955145
88.9,4.981301466663215,-3.7797969911170215
88.95,4.950600326068253,-3.819261405038529
89.0,4.9195513691477055,-3.858448145676091
89.05000000000001,4.887867403679373,-3.8971279379739108
89.10000000000001,4.856183438211049,-3.9358077302717196
89.15,4.824298016903161,-3.9743182251942524
89.2,4.791651270726986,-4.012188925796541
89.25,4.75900452455081,-4.05005962639883
89.30000000000001,4.7262960700801795,-4.087875763163325
89.35000000000001,4.69270719645059,-4.124913413848744
89.4,4.659118322821001,-4.161951064534163
89.45,4.625529449191412,-4.198988715219583
89.5,4.591090918175735,-4.2352361250913235
89.55000000000001,4.556581166370431,-4.271417294645908
89.60000000000001,4.522071414565136,-4.307598464200483
89.65,4.48685975314601,-4.343093085569604
89.7,4.451450955023289,-4.37839488461022
89.75,4.416042156900568,-4.413696683650835
89.80000000000001,4.380072568782005,-4.448421663167016
89.85000000000001,4.3437871249694116,-4.482821758622158
89.9,4.307501681156817,-4.5172218540773015
89.95,4.270789751975229,-4.551160605700358
90.0,4.233650617698499,-4.584637234938901
90.05000000000001,4.196511483421759,-4.618113864177454
90.10000000000001,4.15907317743119,-4.651250078332157
90.15,4.121103847992266,-4.6837820629312885
90.2,4.083134518553344,-4.71631404753042
90.25,4.0449861750762395,-4.748631700275966
90.30000000000001,4.006210670989607,-4.780198459419548
90.35000000000001,3.967435166902987,-4.811765218563122
90.4,3.9285934965432157,-4.843248580770983
90.45,3.8890363483400394,-4.873830144269795
90.5,3.8494792001368627,-4.904411707768606
90.55000000000001,3.809922051933675,-4.934993271267426
90.60000000000001,3.7696475134615612,-4.964622375227927
90.65,3.729333746171028,-4.994199396153715
90.7,3.6890199788804945,-5.023776417079502
90.75,3.648112135919692,-5.052521981967937
90.80000000000001,3.6070672532376227,-5.0810757488930935
90.85000000000001,3.5660223705555647,-5.109629515818243
90.9,3.5244994849446947,-5.13747739933218
90.95,3.4827494530993266,-5.1649898481674015
91.0,3.4409994212539585,-5.192502297002623
91.05000000000001,3.398880092105204,-5.219438699741177
91.10000000000001,3.3564513234302593,-5.245892425163651
91.15,3.3140225547553146,-5.272346150586125
91.2,3.271325713156401,-5.298357624751241
91.25,3.228245049382016,-5.323735891216036
91.30000000000001,3.185164385607618,-5.349114157680839
91.35000000000001,3.1419092890818208,-5.374187615738473
91.4,3.0982039843537876,-5.398474368066225
91.45,3.0544986796257545,-5.422761120393977
91.5,3.010704906348611,-5.446883843687902
91.55000000000001,2.9664026099866843,-5.4700637172221
91.60000000000001,2.92210031362477,-5.49324359075629
91.65,2.8777877563959806,-5.51640323806745
91.7,2.8329164954022477,-5.538461568394832
91.75,2.7880452344085147,-5.560519898722216
91.80000000000001,2.743173973414769,-5.582578229049605
91.85000000000001,2.6978222557061553,-5.60362734699427
91.9,2.652410417034325,-5.624550179222323
91.95,2.6069985783624943,-5.645473011450377
92.0,2.5611975097786166,-5.665522300663176
92.05000000000001,2.5152738223757094,-5.685296398248681
92.10000000000001,2.4693501349728155,-5.705070495834181
92.15,2.4231208373730886,-5.724109524831478
92.2,2.3767143540047537,-5.742722377954639
92.25,2.3303078706364193,-5.7613352310777985
92.30000000000001,2.2836717355461102,-5.779353987271917
92.35000000000001,2.2368118144169706,-5.796793820750777
92.4,2.1899518932878315,-5.814233654229637
92.45,2.1429305744408804,-5.831222551639241
92.5,2.095646860621738,-5.847478332379316
92.55000000000001,2.0483631468025827,-5.863734113119395
92.60000000000001,2.000978552448078,-5.879683999975482
92.65,1.9533009591216048,-5.894745443949928
92.7,1.905623365795132,-5.909806887924373
92.75,1.8578976507681053,-5.92470905416428
92.80000000000001,1.809856340304875,-5.938566632920202
92.85000000000001,1.7618150298416588,-5.952424211676121
92.9,1.713770587398635,-5.966270396318095
92.95,1.6653959522755764,-5.978915343004832
93.0,1.6170213171525174,-5.991560289691569
93.05000000000001,1.5686466820294451,-6.0042052363783105
93.10000000000001,1.5200034141459278,-6.015767002997938
93.15,1.471326057719061,-6.027191317913574
93.2,1.422648701292194,-6.038615632829209
93.25,1.3737629688168245,-6.04909904449357
93.30000000000001,1.3248136859607162,-6.059295500146082
93.35000000000001,1.275864403104622,-6.0694919557985925
93.4,1.226759435271769,-6.078890918490139
93.45,1.1775691928977814,-6.087853064170052
93.5,1.128378950523794,-6.096815209849964
93.55000000000001,1.0790781604108242,-6.105124110864933
93.60000000000001,1.0296780778764274,-6.112846276726552
93.65,0.9802779953420308,-6.120568442588171
93.7,0.9308049704509548,-6.12778215670564
93.75,0.8812262998727027,-6.1342594573542835
93.80000000000001,0.8316476292944367,-6.140736758002929
93.85000000000001,0.7820261219197672,-6.146850653486362
93.9,0.7323002284022196,-6.152078991069324
93.95,0.6825743348846721,-6.157307328652286
94.0,0.6328282522702199,-6.162317273076184
94.05000000000001,0.5829865940633676,-6.166293339875482
94.10000000000001,0.5331449358565294,-6.1702694066747785
94.15,0.4832983301436102,-6.174171772569155
94.2,0.4333724387414273,-6.1768930530944015
94.25,0.3834465473392443,-6.179614333619649
94.30000000000001,0.3335206559370473,-6.182335614144897
94.35000000000001,0.28354506550182035,-6.183870776505116
94.4,0.23356652569433775,-6.18533554908522
94.45,0.18358798588685518,-6.1868003216653245
94.5,0.13359198820104107,-6.187221260283451
94.55000000000001,0.08359241809281434,-6.187428598156104
94.60000000000001,0.033592847984601826,-6.187635936028758
94.65,-0.016399119156411374,-6.1869413657323795
94.7,-0.06638808814892015,-6.18589113763067
94.75,-0.11637705714142893,-6.184840909528962
94.80000000000001,-0.16634047328568768,-6.183030070795073
94.85000000000001,-0.21628721644528437,-6.18072294103084
94.9,-0.26623395960488105,-6.178415811266607
94.95,-0.3161442326849413,-6.175488474343105
95.0,-0.36601715200050877,-6.171925902386981
95.05000000000001,-0.41589007131609035,-6.168363330430855
95.10000000000001,-0.4657225488647629,-6.164319799232985
95.15,-0.5154900930212617,-6.159504038791394
95.2,-0.5652576371777605,-6.154688278349804
95.25,-0.6149876177138275,-6.149529394124869
95.30000000000001,-0.6646183020527532,-6.14346349171457
95.35000000000001,-0.7142489863916648,-6.137397589304272
95.4,-0.7638517309711353,-6.131124734058056
95.45,-0.8133141574087556,-6.123812527079122
95.5,-0.8627765838463759,-6.1165003201001875
95.55000000000001,-0.9122273277743318,-6.109115419778563
95.60000000000001,-0.9614902046653089,-6.100561534087015
95.65,-1.010753081556286,-6.092007648395469
95.7,-1.0600159584472628,-6.083453762703922
95.75,-1.1090592081876758,-6.0737230227965
95.80000000000001,-1.1580913701212323,-6.063932869778144
95.85000000000001,-1.2071235320547749,-6.054142716759791
95.9,-1.2559342026604399,-6.04331162044577
95.95,-1.3047046301766634,-6.032291393593084
96.0,-1.353475057692887,-6.021271166740399
96.05000000000001,-1.402028544589762,-6.00934406652129
96.10000000000001,-1.450506383803734,-5.9971007375155
96.15,-1.4989842230177057,-5.984857408509709
96.2,-1.5472559637474925,-5.971839206569286
96.25,-1.5954105458685306,-5.958380520870153
96.30000000000001,-1.6435651279895824,-5.944921835171016
96.35000000000001,-1.69153061452615,-5.930817984749804
96.4,-1.7393314752600255,-5.916152456695882
96.45,-1.7871323359939009,-5.901486928641962
96.5,-1.8347671271737662,-5.8863034351334536
96.55000000000001,-1.8821840259955778,-5.870440342555924
96.60000000000001,-1.929600924817376,-5.854577249978399
96.65,-1.9768806588780479,-5.838320671741632
96.7,-2.023883598163456,-5.821270050095135
96.75,-2.0708865374488648,-5.80421942844864
96.80000000000001,-2.117786944668393,-5.786896877331956
96.85000000000001,-2.164346188671348,-5.768669513346091
96.9,-2.210905432674303,-5.750442149360226
96.95,-2.257402348105165,-5.732061290931218
97.0,-2.3034884417698214,-5.712668715786792
97.05000000000001,-2.3495745354344906,-5.693276140642362
97.10000000000001,-2.3956439117250183,-5.673845194119084
97.15,-2.4412276993201747,-5.653299676153369
97.2,-2.486811486915331,-5.632754158187654
97.25,-2.532395274510487,-5.61220864022194
97.30000000000001,-2.5774820507753855,-5.590596433012133
97.35000000000001,-2.6225346943395302,-5.568910969957779
97.4,-2.667587337903675,-5.547225506903424
97.45,-2.7121703828436248,-5.524595028095908
97.5,-2.7566633804289893,-5.501783338858401
97.55000000000001,-2.8011563780143667,-5.478971649620888
97.60000000000001,-2.8452124288034653,-5.455333488410434
97.65,-2.889117632507485,-5.431410004389322
97.7,-2.933022836211505,-5.407486520368211
97.75,-2.9765288174398963,-5.382851807117517
97.80000000000001,-3.019818451212732,-5.357831663076871
97.85000000000001,-3.0631080849855556,-5.33281151903623
97.9,-3.1060411215709216,-5.307191923202065
97.95,-3.14868779878768,-5.281090947695982
98.0,-3.1913344760044384,-5.254989972189899
98.05000000000001,-3.2336719061338415,-5.228397699931314
98.10000000000001,-3.2756486469205552,-5.201232405290454
98.15,-3.317625387707269,-5.174067110649594
98.2,-3.3593447758011674,-5.146514902114993
98.25,-3.400625024103342,-5.118302474000585
98.30000000000001,-3.4419052724055286,-5.0900900458861695
98.35000000000001,-3.482984422095895,-5.061591172176117
98.4,-3.523542062479003,-5.032349458707951
98.45,-3.564099702862111,-5.0031077452397845
98.5,-3.6045166699759883,-4.973676005042883
98.55000000000001,-3.644326044147222,-4.9434235055082
98.60000000000001,-3.684135418318444,-4.913171005973525
98.65,-3.72386852385857,-4.882820721872695
98.7,-3.7629044468993373,-4.851576575023167
98.75,-3.801940369940105,-4.82033242817364
98.80000000000001,-3.84096821305385,-4.7890784426204895
98.85000000000001,-3.8792059893529327,-4.756862414564552
98.9,-3.9174437656520156,-4.724646386508616
98.95,-3.955681541951098,-4.692430358452679
99.0,-3.993160675456811,-4.659336529162208
99.05000000000001,-4.030576114333856,-4.626169000860578
99.10000000000001,-4.067991553210891,-4.593001472558958
99.15,-4.1046998383377,-4.559056151470572
99.2,-4.141269269347291,-4.52495810584279
99.25,-4.177838700356881,-4.490860060215009
99.30000000000001,-4.2137561834597825,-4.456080210567914
99.35000000000001,-4.249456471366515,-4.421073219217956
99.4,-4.285156759273248,-4.386066227867997
99.45,-4.320263831068998,-4.350469299663357
99.5,-4.355072390483836,-4.314575509232928
99.55000000000001,-4.389880949898684,-4.27868171880249
99.60000000000001,-4.424158357893953,-4.242285642727746
99.65,-4.458053167562807,-4.205527760885726
99.7,-4.491947977231661,-4.168769879043706
99.75,-4.52537683807575,-4.1315930600650645
99.80000000000001,-4.558336454811172,-4.093994341142006
99.85000000000001,-4.591296071546584,-4.056395622218957
99.9,-4.6238578832996655,-4.018456932841519
99.95,-4.655861455546794,-3.9800411631183636
100.0,-4.687865027793923,-3.941625393395209
100.05000000000001,-4.719541682101462,-3.902944166590715
100.10000000000001,-4.7505689631297825,-3.863735649250867
100.15,-4.781596244158102,-3.824527131911019
100.2,-4.812370038322043,-3.7851231537134415
100.25,-4.842401399034424,-3.745146693467912
100.30000000000001,-4.872432759746813,-3.7051702332223706
100.35000000000001,-4.902286408684277,-3.665063734991621
100.4,-4.931302850035329,-3.6243446223868414
100.45,-4.960319291386381,-3.583625509782062
100.5,-4.9892359394662185,-3.542837160136766
100.55000000000001,-5.017219104482055,-3.5014011555550315
100.60000000000001,-5.045202269497882,-3.4599651509733085
100.65,-5.073165502245713,-3.4185160473934806
100.7,-5.100097687637492,-3.376389364756194
100.75,-5.127029873029271,-3.3342626821189065
100.80000000000001,-5.153962058421058,-3.2921359994816077
100.85000000000001,-5.179887896055439,-3.2493836324037186
100.9,-5.2057520634194345,-3.206592922587603
100.95,-5.23161623078343,-3.163802212771487
101.0,-5.256540830973255,-3.12045960904356
101.05000000000001,-5.281320617570239,-3.077031943020516
101.10000000000001,-5.306100404167218,-3.033604276997485
101.15,-5.330009430696372,-2.9896941699893196
101.2,-5.353689159803554,-2.945657021700516
101.25,-5.377368888910735,-2.9016198734117116
101.30000000000001,-5.400248501951421,-2.857165371113557
101.35000000000001,-5.422813192780452,-2.8125466000884587
101.4,-5.445377883609482,-2.767927829063361
101.45,-5.467214750185777,-2.722952403819248
101.5,-5.488650127360417,-2.6777802375508406
101.55000000000001,-5.510085504535064,-2.6326080712824202
101.60000000000001,-5.5308668087916,-2.587135549216386
101.65,-5.551159311379164,-2.5414385653035123
101.7,-5.571451813966728,-2.495741581390638
101.75,-5.591165267233064,-2.4497961315292347
101.80000000000001,-5.6103020573238735,-2.4036032395974485
101.85000000000001,-5.629438847414677,-2.3574103476656756
101.9,-5.648072698056214,-2.311016470760004
101.95,-5.6660416688856206,-2.264356894172429
102.0,-5.684010639715027,-2.2176973175848538
102.05000000000001,-5.7015536827612525,-2.17087983463589
102.10000000000001,-5.718343466369174,-2.1237830920054415
102.15,-5.735133249977096,-2.0766863493749934
102.2,-5.751574836517957,-2.02947038986626
102.25,-5.7671748109409675,-1.9819662763812056
102.30000000000001,-5.7827747853639835,-1.9344621628961374
102.35000000000001,-5.798104831705382,-1.8868731527378133
102.4,-5.8125051276968795,-1.8389917213122888
102.45,-5.826905423688376,-1.7911102898867644
102.5,-5.841114420257644,-1.743173939076056
102.55000000000001,-5.854305927531823,-1.694945481337533
102.60000000000001,-5.867497434805999,-1.6467170235990238
102.65,-5.880576454798464,-1.5984593136014442
102.7,-5.892550827794141,-1.5499143407272096
102.75,-5.904525200789816,-1.5013693678529751
102.80000000000001,-5.9164659085475915,-1.4528165387097112
102.85000000000001,-5.927215571708255,-1.4039857621243244
102.9,-5.937965234868919,-1.3551549855389375
102.95,-5.948714898029583,-1.306324208953551
103.0,-5.958278046549777,-1.2572478346519933
103.05000000000001,-5.967796199116489,-1.2081621465981627
103.10000000000001,-5.977314351683199,-1.1590764585443458
103.15,-5.985718300558115,-1.1097892215167118
103.2,-5.993998920872242,-1.0604796755117762
103.25,-6.00227954118637,-1.0111701295068407
103.30000000000001,-6.009518558572151,-0.9616991071385633
103.35000000000001,-6.016556407885238,-0.9121968983287955
103.4,-6.023594257198326,-0.8626946895190276
103.45,-6.029663236375487,-0.8130671438390409
103.5,-6.035453862163805,-0.7634035892644884
103.55000000000001,-6.041244487952124,-0.7137400346899218
103.60000000000001,-6.046138953738387,-0.6639833981180996
103.65,-6.050678692520095,-0.6141899169002388
103.7,-6.055218431301803,-0.5643964356823781
103.75,-6.0589345461443385,-0.5145382965523648
103.80000000000001,-6.062220525797478,-0.4646463900171334
103.85000000000001,-6.065506505450617,-0.41475448348191624
103.9,-6.068041075189987,-0.36482257134627744
103.95,-6.070071216769817,-0.3148638030951921
104.0,-6.072101358349647,-0.2649050348441067
104.05000000000001,-6.073451837647886,-0.21492720556921327
104.10000000000001,-6.074224856702437,-0.16493318151092018
104.15,-6.074997875756988,-0.11493915745262706
104.2,-6.075162373182394,-0.0649433781109636
104.25,-6.074677780565388,-0.014945726466159659
104.30000000000001,-6.0741931879483815,0.03505192517865849
104.35000000000001,-6.073170470709807,0.08503759161110476
104.4,-6.071428572890438,0.1350072403189592
104.45,-6.069686675071069,0.18497688902681364
104.5,-6.067476173394627,0.23492429915968002
104.55000000000001,-6.064478072264002,0.28483433211510467
104.60000000000001,-6.0614799711333776,0.3347443650705151
104.65,-6.058081782274714,0.38462531076655476
104.7,-6.053829374449085,0.43444415286153354
104.75,-6.049576966623457,0.48426299495651237
104.80000000000001,-6.044991858508909,0.5340492191687817
104.85000000000001,-6.039487834130122,0.5837453529785391
104.9,-6.033983809751334,0.6334414867882966
104.95,-6.028213224241524,0.6831046995581368
105.0,-6.021461065275454,0.7326466852803156
105.05000000000001,-6.014708906309382,0.7821886710025086
105.10000000000001,-6.007754962078955,0.8317005656094748
105.15,-5.999758940113001,0.8810570609542584
105.2,-5.991762918147045,0.9304135562990421
105.25,-5.983628413174557,0.9797458255531822
105.30000000000001,-5.974393586715586,1.0288856055717557
105.35000000000001,-5.965158760256617,1.0780253855903152
105.4,-5.955847173918728,1.1271497382575297
105.45,-5.945379385193198,1.1760417150962443
105.5,-5.934911596467669,1.224933691934959
105.55000000000001,-5.9244270912320935,1.273821869285638
105.60000000000001,-5.912732962490328,1.3224351118535942
105.65,-5.901038833748563,1.3710483544215506
105.7,-5.889344705006798,1.4196615969895068
105.75,-5.876473185787473,1.4679759004298099
105.80000000000001,-5.863560115114488,1.5162796539671461
105.85000000000001,-5.850647044441508,1.5645834075044687
105.9,-5.836621154506619,1.6125746234614569
105.95,-5.822497311142123,1.660538328996112
106.0,-5.808373467777626,1.708502034530767
106.05000000000001,-5.793200190921596,1.7561423172833877
106.10000000000001,-5.777874510092093,1.8037356309641142
106.15,-5.762548829262588,1.8513289446448407
106.2,-5.74623582937488,1.8985905673990195
106.25,-5.729718006641211,1.9457833796921933
106.30000000000001,-5.713200183907538,1.9929761919853801
106.35000000000001,-5.695755804103433,2.039831563738013
106.4,-5.678056289227277,2.086594018476281
106.45,-5.66035677435112,2.1333564732145485
106.5,-5.6417900356770625,2.179778155666097
106.55000000000001,-5.622920026010295,2.2260806689367287
106.60000000000001,-5.604050016343533,2.272383182207347
106.65,-5.5843706160535325,2.3183439067123475
106.7,-5.564342049454645,2.364157185573324
106.75,-5.544313482855756,2.4099704644343007
106.80000000000001,-5.52353179225576,2.4554431489785813
106.85000000000001,-5.502357339537757,2.500738209990711
106.9,-5.481182886819754,2.5460332710028406
106.95,-5.459309948677122,2.5909910371961864
107.0,-5.437003005591758,2.6357392247593294
107.05000000000001,-5.414696062506389,2.6804874123224858
107.10000000000001,-5.391743588021875,2.7249036023955453
107.15,-5.36831826678525,2.769076606877474
107.2,-5.344892945548625,2.8132496113594034
107.25,-5.32087331088871,2.857097805153109
107.30000000000001,-5.296344431253571,2.900667680799544
107.35000000000001,-5.271815551618439,2.9442375564459673
107.4,-5.246741794005973,2.9874915883820163
107.45,-5.221124873886446,3.0304307709963796
107.5,-5.19550795376692,3.073369953610743
107.55000000000001,-5.169393767128503,3.1160039296313538
107.60000000000001,-5.142705012783064,3.158285254013263
107.65,-5.116016258437623,3.200566578395173
107.7,-5.088875988606434,3.2425548928602224
107.75,-5.061132284385447,3.2841516099914823
107.80000000000001,-5.033388580164454,3.3257483271227546
107.85000000000001,-5.005237219637417,3.367065679652547
107.9,-4.976456117301674,3.4079514736198804
107.95,-4.94767501496593,3.448837267587214
108.0,-4.918528197214741,3.4894586798386165
108.05000000000001,-4.888727904831734,3.5296076844824267
108.10000000000001,-4.858927612448737,3.5697566891262253
108.15,-4.828801605784253,3.6096575214902615
108.2,-4.798000976209297,3.6490443367688052
108.25,-4.767200346634342,3.688431152047349
108.30000000000001,-4.736112047624431,3.7275871202560387
108.35000000000001,-4.70433056657375,3.7661868283148454
108.4,-4.6725490855230705,3.8047865363736526
108.45,-4.64051601196425,3.843173728003813
108.5,-4.607773785687797,3.8809619089399368
108.55000000000001,-4.575031559411336,3.918750089876071
108.60000000000001,-4.542071842854785,3.9563449807379705
108.65,-4.508389585416406,3.993297728049294
108.7,-4.4747073279780265,4.030250475360617
108.75,-4.440839705811164,4.067029945758983
108.80000000000001,-4.406238725984247,4.103123881468717
108.85000000000001,-4.37163774615734,4.139217817178442
108.9,-4.336881553242189,4.1751591680336055
108.95,-4.301383741029105,4.210371457480392
109.0,-4.2658859288160205,4.245583746927178
109.05000000000001,-4.23026108868614,4.280664715743997
109.10000000000001,-4.193888901469867,4.31497308202839
109.15,-4.157516714253594,4.349281448312781
109.2,-4.121043729871681,4.383480224984887
109.25,-4.083820178208575,4.416862963062877
109.30000000000001,-4.046596626545458,4.450245701140876
109.35000000000001,-4.0092965706238965,4.483540943578038
109.4,-3.971245203686437,4.51597693399286
109.45,-3.933193836748978,4.548412924407682
109.5,-3.8950883416363067,4.580783773973752
109.55000000000001,-3.856233232315084,4.61225249621723
109.60000000000001,-3.817378122993873,4.6437212184606995
109.65,-3.7784893701301545,4.675147315209931
109.7,-3.7388550998045815,4.7056288607048575
109.75,-3.6992208294790085,4.736110406199784
109.80000000000001,-3.6595715384236245,4.766571903899182
109.85000000000001,-3.619183181410825,4.796046988594673
109.9,-3.5787948243980257,4.825522073290164
109.95,-3.5384064673852262,4.854997157985655
110.0,-3.4972913491257445,4.883449630787232
110.05000000000001,-3.4561744568176835,4.911899607358903
110.10000000000001,-3.4150575645096346,4.940349583930565
110.15,-3.373254927834122,4.967781366500034
110.2,-3.331435512532921,4.995188236147354
110.25,-3.2896160972317197,5.022595105794673
110.30000000000001,-3.2471506504621797,5.048988640759045
110.35000000000001,-3.204655168923701,5.075335064592506
110.4,-3.1621596873852225,5.101681488425967
110.45,-3.119056612143157,5.127019800799901
110.5,-3.07591194883954,5.152289110810607
110.55000000000001,-3.0327672855359107,5.1775584208213195
110.60000000000001,-2.9890522234263135,5.201825131352512
110.65,-2.945285673537836,5.226001340957395
110.7,-2.901519123649358,5.250177550562277
110.75,-2.857218162556406,5.273356888783565
110.80000000000001,-2.812857414703508,5.2964247029395
110.85000000000001,-2.768496666850623,5.319492517095429
110.9,-2.723636326850997,5.341569334072176
110.95,-2.6787094455774416,5.363514158952582
111.0,-2.633782564303886,5.385458983832989
111.05000000000001,-2.5883897832042853,5.406418764594327
111.10000000000001,-2.542925191222369,5.427226716822204
111.15,-2.497460599240452,5.448034669050082
111.2,-2.4515627177461754,5.467863544692708
111.25,-2.4055891779554517,5.487521460124165
111.30000000000001,-2.3596156381647146,5.5071793755556255
111.35000000000001,-2.313240384686273,5.525864135009096
111.4,-2.2667869819769826,5.544359577061888
111.45,-2.220333579267692,5.56285501911468
111.5,-2.17350905437324,5.580383120557112
111.55000000000001,-2.1266051772260375,5.597704388078902
111.60000000000001,-2.0797013000788485,5.615025655600688
111.65,-2.0324559606000454,5.631385237514127
111.7,-1.9851312824937084,5.6475213721854525
111.75,-1.9378066043873716,5.663657506856778
111.80000000000001,-1.89016924718691,5.67883739871156
111.85000000000001,-1.8424537078255865,5.693778191978913
111.9,-1.794738168464263,5.708718985246265
111.95,-1.7467379138736532,5.722708717803849
112.0,-1.6986617002458366,5.736444717338368
112.05000000000001,-1.6505854866180063,5.750180716872891
112.10000000000001,-1.6022517615541974,5.762970532096965
112.15,-1.5538452888351513,5.775493047774741
112.2,-1.505438816116105,5.788015563452516
112.25,-1.456801336886385,5.799596424018213
112.30000000000001,-1.4080952291962125,5.810897533418383
112.35000000000001,-1.3593891215060538,5.822198642818549
112.4,-1.310477876310461,5.8325622412099465
112.45,-1.2615029473400352,5.842634794627101
112.5,-1.2125280183696094,5.852707348044255
112.55000000000001,-1.1633732495106908,5.861846115230484
112.60000000000001,-1.1141604830275005,5.870683740198247
112.65,-1.06494771654431,5.879521365166012
112.7,-1.0155799023543939,5.887428478846548
112.75,-0.9661604326009374,5.895025584169416
112.80000000000001,-0.916740962847467,5.902622689492287
112.85000000000001,-0.86719079934357,5.909292081902283
112.9,-0.8175958913404383,5.915643861193211
112.95,-0.7680009833373065,5.9219956404841385
113.0,-0.718299365614669,5.927422005750782
113.05000000000001,-0.6685603953809177,5.932524440472265
113.10000000000001,-0.6188214251471806,5.937626875193746
113.15,-0.568999428522139,5.941805676235039
113.2,-0.5191478632254631,5.945655538241761
113.25,-0.46929629792878735,5.949505400248483
113.30000000000001,-0.4193851588423164,5.95243287520599
113.35000000000001,-0.3694525368914266,5.955027728787452
113.4,-0.3195199149405368,5.957622582368914
113.45,-0.2695510116340464,5.959295750566357
113.5,-0.21956892272610282,5.960633953988153
113.55000000000001,-0.16958683381814507,5.96197215740995
113.60000000000001,-0.11959166679309169,5.962388824829802
113.65,-0.06959173192859955,5.962469531372607
113.7,-0.019591797064107408,5.962550237915413
113.75,0.0303980306622424,5.961709002185928
113.80000000000001,0.08038417918435418,5.960532160681517
113.85000000000001,0.13037032770645174,5.959355319177106
113.9,0.18032313053700516,5.9572555740625335
113.95,0.2302638691313807,5.954821928926496
114.0,0.28020460772575617,5.952388283790459
114.05000000000001,0.330088637598715,5.949030223177494
114.10000000000001,0.3799523714002174,5.945341313938632
114.15,0.42981610520171987,5.941652404699771
114.2,0.47959957187199087,5.937037026073633
114.25,0.5293547547240649,5.93209518640033
114.30000000000001,0.579109937576153,5.927153346727026
114.35000000000001,0.6287610290502021,5.921282454130838
114.4,0.6783761834624661,5.915090810355014
114.45,0.72799133787473,5.90889916657919
114.5,0.777478240985403,5.90177537305072
114.55000000000001,0.8269219780478626,5.894337842190314
114.60000000000001,0.876365715110308,5.886900311329911
114.65,0.9256566362183225,5.878527040810042
114.7,0.9748976754594354,5.869848328091274
114.75,1.0241387147005483,5.861169615372508
114.80000000000001,1.0732019005089566,5.851551104080165
114.85000000000001,1.1222090896852794,5.841636699961123
114.9,1.171216278861602,5.831722295842082
114.95,1.22002003732929,5.820863593110709
115.0,1.268762372133868,5.8097197698081695
115.05000000000001,1.3175047069384602,5.798575946505626
115.10000000000001,1.366017428278825,5.786482915076627
115.15,1.4144640719560566,5.774116722598303
115.2,1.4629107156332881,5.76175053011998
115.25,1.5111008933836256,5.748429845888978
115.30000000000001,1.5592211962381657,5.7348491075736785
115.35000000000001,1.607341499092692,5.721268369258383
115.4,1.6551777512400736,5.706727520470476
115.45,1.7029412700273043,5.691940828039049
115.5,1.750704788814535,5.677154135607621
115.55000000000001,1.7981558789635907,5.661401421498191
115.60000000000001,1.845532396149661,5.645418129618298
115.65,1.8929089133357313,5.629434837738405
115.7,1.9399437719035468,5.61247936661648
115.75,1.9869033147824682,5.595309586984744
115.80000000000001,2.033862857661403,5.578139807353003
115.85000000000001,2.080450603084926,5.559991494124462
115.9,2.126963462740879,5.541646089069644
115.95,2.1734763223968323,5.523300684014825
116.0,2.21958628233753,5.503970247143276
116.05000000000001,2.2656230324402746,5.484460822754572
116.10000000000001,2.3116597825430065,5.464951398365874
116.15,2.3572615150739273,5.444450356269307
116.2,2.4027930304953973,5.423789255054126
116.25,2.4483245459168677,5.403128153838944
116.30000000000001,2.4933878606768536,5.381468820720741
116.35000000000001,2.538385335917336,5.359669113796526
116.4,2.5833828111578185,5.337869406872311
116.45,2.6278777904575232,5.315064887985606
116.5,2.6723127578695047,5.2921403668107585
116.55000000000001,2.7167477252814987,5.269215845635904
116.60000000000001,2.7606447451460436,5.245280031980629
116.65,2.804489092944376,5.221245199629677
116.7,2.8483334407427083,5.197210367278726
116.75,2.891603191875341,5.172157929731233
116.80000000000001,2.934829181922321,5.14702799171978
116.85000000000001,2.9780551719692885,5.121898053708333
116.9,3.020668680620676,5.095744436583787
116.95,3.0632489659746422,5.069535291249106
117.0,3.1058292513286085,5.043326145914425
117.05000000000001,3.14775790005624,5.016087559962614
117.10000000000001,3.1896655422728437,4.988815788405845
117.15,3.2315731844894477,4.961544016849076
117.2,3.2727887327914793,4.933237431684792
117.25,3.3139972189664,4.904920287281251
117.30000000000001,3.3551970504069675,4.876590881362976
117.35000000000001,3.3956803099494755,4.847246278847118
117.4,3.436163569491984,4.81790167633126
117.45,3.4766206439234075,4.788521889168557
117.5,3.5163530650501045,4.758168393300524
117.55000000000001,3.5560854861768134,4.727814897432483
117.60000000000001,3.5957723412231672,4.697403285907015
117.65,3.6347287871614666,4.666060099727944
117.7,3.673685233099766,4.634716913548874
117.75,3.7125748483916463,4.6032927696595625
117.80000000000001,3.750730673282775,4.570979722343056
117.85000000000001,3.7888864981738934,4.538666675026558
117.9,3.8269523154315643,4.5062500159202665
117.95,3.864283379922917,4.472987550227803
118.0,3.9016144444142693,4.439725084535338
118.05000000000001,3.9388303873217034,4.406336641979871
118.10000000000001,3.975313073838893,4.372145801327906
118.15,4.011795760356083,4.33795496067594
118.2,4.048136254210196,4.3036161699792475
118.25,4.083747481898909,4.2685185851264045
118.30000000000001,4.119358709587631,4.233421000273553
118.35000000000001,4.154798700707228,4.198153988653358
118.4,4.1895159400355615,4.162171864015991
118.45,4.224233179363894,4.126189739378624
118.5,4.258748154242558,4.090017313787495
118.55000000000001,4.292549441254598,4.053173413392302
118.60000000000001,4.326350728266629,4.01632951299712
118.65,4.359916732454268,3.9792751474080092
118.7,4.3927806826658,3.9415927804906605
118.75,4.425644632877332,3.903910413573312
118.80000000000001,4.4582382895749255,3.865998235731342
118.85000000000001,4.490144111502655,3.827501241990066
118.9,4.5220499334303845,3.7890042482487902
118.95,4.55364846178263,3.750259025895432
119.0,4.584575970098148,3.710971760409104
119.05000000000001,4.615503478413674,3.6716844949227645
119.10000000000001,4.64608471148452,3.6321316214988024
119.15,4.676014339784849,3.5920789393189057
119.2,4.705943968085177,3.5520262571390093
119.25,4.73548637050105,3.5116917369735186
119.30000000000001,4.764399183687624,3.470898977399796
119.35000000000001,4.7933119968741895,3.4301062178260846
119.4,4.821794682120166,3.389016650818681
119.45,4.8496723883783845,3.3475096213684785
119.5,4.877550094636603,3.3060025919182756
119.55000000000001,4.9049528419907835,3.264185157722551
119.60000000000001,4.931777804362692,3.2219901178037924
119.65,4.958602766734601,3.1797950778850343
119.7,4.984906037826098,3.137277519601535
119.75,5.010661285368679,3.094421163899959
119.80000000000001,5.036416532911266,3.0515648081983713
119.85000000000001,5.061601487887562,3.00837541558566
119.9,5.086270726409735,2.9648848571765556
119.95,5.110939964931909,2.921394298767451
120.0,5.134988478221278,2.8775618909806284
120.05000000000001,5.158556100592755,2.8334646441759057
120.10000000000001,5.182123722964226,2.7893673973711954
120.15,5.205018398619365,2.7449213052372685
120.2,5.227469494644798,2.7002452681787235
120.25,5.249920590670231,2.6555692311201784
120.30000000000001,5.271644777279334,2.6105392789602937
120.35000000000001,5.292965143131635,2.5653127159699025
120.4,5.314285508983936,2.520086152979511
120.45,5.334823314135677,2.4745026399885135
120.5,5.35499946134238,2.4287541636871843
120.55000000000001,5.375175608549088,2.3830056873858423
120.60000000000001,5.3945119128383565,2.3368993685797412
120.65,5.413531076815453,2.2906579217856375
120.7,5.432550240792551,2.244416474991534
120.75,5.4506707113538075,2.197818541734311
120.80000000000001,5.4685208594816235,2.151113379152255
120.85000000000001,5.486371007609435,2.1044082165702123
120.9,5.503262111165045,2.05735027669137
120.95,5.519931950401005,2.0102109464050053
121.0,5.536601789636965,1.9630716161186406
121.05000000000001,5.55225080504803,1.9155856736334886
121.10000000000001,5.567729789071595,1.868041998411669
121.15,5.583208773095159,1.8204983231898495
121.2,5.597603803402684,1.772616757634948
121.25,5.611882139287821,1.7246988160644792
121.30000000000001,5.626160475172962,1.6767808744939965
121.35000000000001,5.6392904591175315,1.6285364198902619
121.4,5.652359113528579,1.5802745273467185
121.45,5.665427767939628,1.5320126348031753
121.5,5.677282490947994,1.4834383582599882
121.55000000000001,5.689133195854975,1.4348630477287212
121.60000000000001,5.700928747479635,1.3862750144114833
121.65,5.7115540053893765,1.3374170171709971
121.7,5.722179263299119,1.2885590199305113
121.75,5.732688428326468,1.2396773007299002
121.80000000000001,5.7420815170262935,1.1905675269096276
121.85000000000001,5.751474605726116,1.141457753089369
121.9,5.760688990530634,1.092316123320867
121.95,5.768843967341513,1.0429856423459771
122.0,5.776998944152392,0.9936551613710873
122.05000000000001,5.784911036431395,0.9442876601932688
122.10000000000001,5.791822741967971,0.8947676811284964
122.15,5.798734447504549,0.8452477020637239
122.2,5.805337624933709,0.7956886095833028
122.25,5.811001686368756,0.7460104613885498
122.30000000000001,5.816665747803805,0.6963323131937826
122.35000000000001,5.821954286099687,0.6466161272844899
122.4,5.826367119930947,0.5968112389945118
122.45,5.830779953762208,0.5470063507045337
122.5,5.834749034142404,0.497167763555467
122.55000000000001,5.837907848460069,0.4472676443962119
122.60000000000001,5.841066662777733,0.397367525236971
122.65,5.843712378809669,0.3474413996458306
122.7,5.845615175063047,0.29747761910014203
122.75,5.847517971316426,0.2475138385544534
122.80000000000001,5.848837335146288,0.1975351839816736
122.85000000000001,5.849482909408571,0.14753935181666528
122.9,5.850128483670853,0.09754351965165693
122.95,5.850119431624484,0.04754746805168428
123.0,5.849507375354771,-0.002448785679196444
123.05000000000001,5.8488953190850586,-0.05244503941009139
123.10000000000001,5.84755671663313,-0.10242325796407223
123.15,5.845687416935263,-0.15238830293192043
123.2,5.843818117237396,-0.2023533478997686
123.25,5.8411497633175635,-0.2522784297806858
123.30000000000001,5.8380244026955905,-0.3021806553922133
123.35000000000001,5.834899042073618,-0.3520828810037266
123.4,5.830901672762816,-0.4019194737682428
123.45,5.826522228373244,-0.4517273091642746
123.5,5.822142783983672,-0.5015351445603065
123.55000000000001,5.816818075514175,-0.5512478718419521
123.60000000000001,5.811187317915478,-0.6009298058709778
123.65,5.805556560316781,-0.6506117399000034
123.7,5.798907131430088,-0.7001652264402936
123.75,5.792028622830271,-0.7496898275940828
123.80000000000001,5.7851501142304524,-0.7992144287478862
123.85000000000001,5.777179527863522,-0.8485733255480029
123.9,5.769057619866841,-0.8979092618469452
123.95,5.76093571187016,-0.9472451981458875
124.0,5.751648476169016,-0.9963742077207737
124.05000000000001,5.742288307023278,-1.045490266536239
124.10000000000001,5.732922215187502,-1.0946051192676012
124.15,5.722329706533709,-1.1434702270687633
124.2,5.711737197879916,-1.1923353348699253
124.25,5.701059608005538,-1.2411808761424592
124.30000000000001,5.689241461131875,-1.2897641181552522
124.35000000000001,5.677423314258215,-1.3383473601680311
124.4,5.665440794000831,-1.3868884210019194
124.45,5.652404485603448,-1.4351590607673912
124.5,5.639368177206065,-1.483429700532863
124.55000000000001,5.626088241405076,-1.5316312456955277
124.60000000000001,5.611842018858263,-1.5795587445155823
124.65,5.59759579631145,-1.6274862433356372
124.7,5.583026905070071,-1.6753133969599956
124.75,5.567579781208887,-1.7228674332178875
124.80000000000001,5.552132657347699,-1.770421469475793
124.85000000000001,5.5362842134172565,-1.8178395406829102
124.9,5.519645960835864,-1.8649900290264863
124.95,5.503007708254471,-1.9121405173700623
125.0,5.485890053721259,-1.959115025876966
125.05000000000001,5.4680711985905965,-2.0058321362524314
125.10000000000001,5.450252343459939,-2.0525492466278834
125.15,5.4318767557332395,-2.0990459483216855
125.2,5.412888571141948,-2.145300124845832
125.25,5.393900386550656,-2.1915543013699788
125.30000000000001,5.374279073651159,-2.237539213829088
125.35000000000001,5.354133572473929,-2.283301193488169
125.4,5.333988071296698,-2.3290631731472495
125.45,5.31313416644511,-2.3745026010904
125.5,5.291844093743028,-2.41974343225363
125.55000000000001,5.270554021040939,-2.4649842634168735
125.60000000000001,5.248481576546907,-2.5098448240608935
125.65,5.226060401504564,-2.5545358847970245
125.7,5.203639226462222,-2.5992269455331556
125.75,5.18036320691454,-2.6434755938399044
125.80000000000001,5.156825114319007,-2.6875886100252115
125.85000000000001,5.133287021723481,-2.7317016262105063
125.9,5.108823296482791,-2.7753056800038385
125.95,5.0841831777498845,-2.818812743210037
126.0,5.0595430590169785,-2.8623198064162354
126.05000000000001,5.033908394012868,-2.9052469713495563
126.10000000000001,5.00818183776631,-2.9481205565004696
126.15,4.982455281519752,-2.9909941416513823
126.2,4.955667330354707,-3.0332125360064133
126.25,4.928870612564232,-3.075425518792016
126.30000000000001,4.9020011154522,-3.1175910068382366
126.35000000000001,4.874151189136784,-3.1591166808752154
126.4,4.846301262821369,-3.200642354912194
126.45,4.818298791396816,-3.242062916624681
126.5,4.789413275899552,-3.282875010352605
126.55000000000001,4.7605277604022795,-3.323687104080541
126.60000000000001,4.731411915847898,-3.364331790997846
126.65,4.701509085689327,-3.404404484300233
126.7,4.671606255530756,-3.4444771776026193
126.75,4.641397495814127,-3.4843155346779278
126.80000000000001,4.610496269131038,-3.523623475217739
126.85000000000001,4.579595042447957,-3.562931415757539
126.9,4.548314670421724,-3.601933505320643
126.95,4.516434596998805,-3.6404518245797854
127.0,4.484554523575887,-3.6789701438389275
127.05000000000001,4.45222467440297,-3.7171065692844003
127.10000000000001,4.419385923304758,-3.754810898297254
127.15,4.386547172206546,-3.792515227310108
127.2,4.35319080011636,-3.8297571564925397
127.25,4.319414146927462,-3.866623641263352
127.30000000000001,4.285637493738555,-3.903490126034175
127.35000000000001,4.2512783581205875,-3.9398093143516695
127.4,4.216585171802135,-3.9758146309462106
127.45,4.181891985483683,-4.011819947540752
127.5,4.146554636325632,-4.047188760687582
127.55000000000001,4.11096686569634,-4.082310129989447
127.60000000000001,4.075379095067057,-4.117431499291304
127.65,4.039088857744942,-4.151822935661219
127.7,4.002629017595326,-4.186038137783437
127.75,3.96616917744571,-4.220253339905656
127.80000000000001,3.9289521368740896,-4.253641052627244
127.85000000000001,3.891643293722538,-4.286928440970168
127.9,3.854334450570987,-4.320215829313092
127.95,3.8162174347219553,-4.352574147898784
128.0,3.778083192221817,-4.384912662845214
128.05,3.7398950285148334,-4.4171859471433645
128.1,3.7009595125216483,-4.4485551293823535
128.15,3.6620239965284407,-4.479924311621359
128.20000000000002,3.6229670408410692,-4.511138820576697
128.25,3.583254884149372,-4.5415188240476
128.3,3.5435427274576528,-4.5718988275185195
128.35,3.5036454405208075,-4.602030419748837
128.4,3.463181767280235,-4.631402024197375
128.45000000000002,3.4227180940396624,-4.660773628645913
128.5,3.3820096234903967,-4.689798909365927
128.55,3.340820033311007,-4.718143532504273
128.6,3.2996304431316417,-4.746488155642603
128.65,3.258140604324242,-4.774384496517037
128.70000000000002,3.2162511560808555,-4.801684205780422
128.75,3.1743617078374933,-4.828983915043791
128.8,3.132120964075674,-4.855729473556095
128.85,3.089558159421771,-4.881966997448269
128.9,3.046995354767844,-4.908204521340459
128.95000000000002,3.0040347969700014,-4.933778259660268
129.0,2.9608255635714014,-4.958936998680804
129.05,2.917616330172777,-4.984095737701355
129.1,2.8739676559830105,-5.00847744103389
129.15,2.830139330482068,-5.032541478180308
129.20000000000002,2.7863110049811253,-5.056605515326725
129.25,2.742006497338811,-5.079775809727974
129.3,2.6975868080599144,-5.102729920566062
129.35,2.6531671187810435,-5.125684031404136
129.4,2.608239623962716,-5.147624401045605
129.45000000000002,2.5632566733698345,-5.1694540633416635
129.5,2.518273722776979,-5.191283725637709
129.55,2.4727566279243662,-5.211976529505181
129.6,2.427238874842025,-5.232667932413948
129.65,2.3816720902995185,-5.253247770531159
129.70000000000002,2.335648331908097,-5.272787823333769
129.75,2.289624573516701,-5.29232787613637
129.8,2.2435073761304616,-5.311639917077858
129.85,2.1970067297477622,-5.330016257464066
129.9,2.1505060833650362,-5.348392597850284
129.95000000000002,2.103873041404294,-5.366421183119569
130.0,2.056924926064188,-5.383622185009293
130.05,2.0099768107240554,-5.400823186899027
130.1,1.9628629572038598,-5.417553586292285
130.15,1.91549707504425,-5.433568367191295
130.20000000000002,1.8681311928846398,-5.449583148090307
130.25,1.82057200092895,-5.4650015738131525
130.3,1.7728183184006572,-5.479820001698311
130.35,1.7250646358723911,-5.494638429583461
130.4,1.6770959936447996,-5.508732049719795
130.45000000000002,1.6289847225530085,-5.52234474944958
130.5,1.5808734514612446,-5.5359574491793575
130.55,1.5325316366800796,-5.5487144004990725
130.6,1.4840932150707529,-5.5611127597451935
130.65,1.4356547934613983,-5.573511118991321
130.70000000000002,1.386976447516435,-5.5849205190841325
130.75,1.3382415204194082,-5.596096693780592
130.8,1.2895065933223537,-5.607272868477058
130.85,1.2405286950110395,-5.617324827200002
130.9,1.1915280950522698,-5.627271746506088
130.95000000000002,1.1425226060994038,-5.6371929252648645
131.0,1.0932873339945897,-5.645904296038941
131.05,1.0440520618897473,-5.654615666813022
131.1,0.9947907343466882,-5.663168154466418
131.15,0.9453519392882408,-5.6706384652477615
131.20000000000002,0.8959131442297933,-5.678108776029105
131.25,0.8464336792318488,-5.685284935714631
131.3,0.7968226391822847,-5.691509460210658
131.35,0.7472115991327489,-5.697733984706681
131.4,0.6975519465174351,-5.7035272075351715
131.45000000000002,0.6478000484210068,-5.708502007611976
131.5,0.5980481503246067,-5.713476807688778
131.55,0.5482464808125439,-5.717881521090389
131.6,0.4983852007380819,-5.721603449264623
131.65,0.4485239206635916,-5.7253253774388595
131.70000000000002,0.39861859775991365,-5.728337052760371
131.75,0.348679480987082,-5.730803754190923
131.8,0.29874036421422195,-5.733270455621476
131.85,0.2487699158508664,-5.734885614965686
131.9,0.1987845569128046,-5.7360955289438795
131.95000000000002,0.14879919797474278,-5.737305442922073
132.0,0.09880228791375409,-5.7375216652206165
132.05,0.048802310608552044,-5.73747402615799
132.1,-0.0011976666966215799,-5.737426387095364
132.15,-0.05118226767793026,-5.736242313406863
132.20000000000002,-0.10116523029448687,-5.734937151319927
132.25,-0.15114731040480747,-5.733609186767336
132.3,-0.2010816360321768,-5.731047327258965
132.35,-0.25101596165951773,-5.728485467750596
132.4,-0.3009395778536016,-5.725756072316276
132.45000000000002,-0.3507936749527287,-5.721939136053772
132.5,-0.4006477720518274,-5.718122199791269
132.55,-0.4504739565145663,-5.713992430807452
132.6,-0.5002162842945922,-5.708922832497602
132.65,-0.5499586120746464,-5.703853234187749
132.70000000000002,-0.5996483870407954,-5.698325225944119
132.75,-0.6492474754138174,-5.692006172805886
132.8,-0.6988465637868677,-5.68568711966765
132.85,-0.7483609711731786,-5.678764085235527
132.9,-0.7977854406641582,-5.671199574971357
132.95000000000002,-0.8472099101551379,-5.6636350647071865
133.0,-0.8965100412944698,-5.6553212969510005
133.05,-0.9457286228938022,-5.646516115218024
133.1,-0.9949472044931066,-5.637710933485052
133.15,-1.0439942299480038,-5.6280118052567545
133.20000000000002,-1.0929757848943868,-5.6179715226394595
133.25,-1.1419573398407419,-5.607931240022171
133.3,-1.1907125392742155,-5.59685320353481
133.35,-1.2394260787549587,-5.585584172021142
133.4,-1.2881396182357296,-5.574315140507468
133.45000000000002,-1.3365644103168182,-5.561865725884739
133.5,-1.3849791150734465,-5.549375074847805
133.55,-1.4333645523248297,-5.536776605122154
133.6,-1.481449792151277,-5.523072236810135
133.65,-1.5295350319777516,-5.509367868498108
133.70000000000002,-1.5775438576667797,-5.495407634555868
133.75,-1.6252692107880768,-5.480498219092942
133.8,-1.672994563909401,-5.465588803630008
133.85,-1.7205885654836348,-5.4502767899587194
133.9,-1.7679238378027653,-5.4341717598601695
133.95000000000002,-1.8152591101218958,-5.41806672976162
134.0,-1.8624003144452748,-5.401413990643507
134.05,-1.909315558645883,-5.384123534848518
134.1,-1.9562308028464646,-5.36683307905354
134.15,-2.002881506091771,-5.348851733448084
134.20000000000002,-2.049347040584925,-5.330386790873934
134.25,-2.095812575078052,-5.311921848299795
134.3,-2.1419353725285064,-5.292625073892445
134.35,-2.1879218002312064,-5.272997326514246
134.4,-2.2339082279339326,-5.253369579136035
134.45000000000002,-2.279466043670832,-5.232771605553955
134.5,-2.3249442706046852,-5.2119934710142335
134.55,-2.370422497538564,-5.1912153364745
134.6,-2.415378613991456,-5.169331437671051
134.65,-2.4603198676894644,-5.1474160614239475
134.70000000000002,-2.5052033610139395,-5.125385923991918
134.75,-2.5495792087238605,-5.102347170986945
134.8,-2.5939550564338067,-5.079308417981957
134.85,-2.6381926828017903,-5.0560114259359334
134.9,-2.6819750494748424,-5.0318638718463955
134.95000000000002,-2.7257574161478946,-5.0077163177568575
135.0,-2.769313333147578,-4.983170122557388
135.05,-2.812474519200517,-4.957929044559323
135.1,-2.855635705253432,-4.932687966561274
135.15,-2.898474527659552,-4.906911234939593
135.20000000000002,-2.94098722649947,-4.8805926020467645
135.25,-2.9834999253393644,-4.854273969153952
135.3,-3.025586753877238,-4.827286371824434
135.35,-3.0674240691776,-4.7999068347856815
135.4,-3.109261384477986,-4.772527297746913
135.45000000000002,-3.1505618343224233,-4.744349497304999
135.5,-3.1916972970396795,-4.715926378070207
135.55,-3.2328327597569593,-4.687503258835397
135.6,-3.2733129887427874,-4.65815689684703
135.65,-3.313720573862562,-4.628708177608507
135.70000000000002,-3.35410075250149,-4.599222829842757
135.75,-3.3937548955038137,-4.568767141658945
135.8,-3.43340903850616,-4.538311453475115
135.85,-3.4729281390511777,-4.507684440423298
135.9,-3.511803752084644,-4.476241051431761
135.95000000000002,-3.5506793651181106,-4.444797662440224
136.0,-3.5893048468809283,-4.413052852243132
136.05,-3.6273773346349696,-4.38064165547073
136.1,-3.665449822388989,-4.348230458698347
136.15,-3.7031497812838348,-4.315392651464844
136.20000000000002,-3.7403950565496324,-4.282034152242371
136.25,-3.7776403318154093,-4.248675653019917
136.3,-3.81438352710892,-4.214770564371799
136.35,-3.8507780260187547,-4.180485867361314
136.4,-3.8871725249286104,-4.146201170350811
136.45000000000002,-3.922928405576144,-4.111255414199639
136.5,-3.9584491025117243,-4.07606621004256
136.55,-3.9939697994473247,-4.040877005885462
136.6,-4.028708529993487,-4.004918076451638
136.65,-4.063332952153717,-3.96884662804613
136.70000000000002,-4.097943618716804,-3.9327623043089406
136.75,-4.1316498603357275,-3.895831432725326
136.8,-4.1653561019546705,-3.858900561141691
136.85,-4.198913520438159,-3.8218372530368194
136.9,-4.2316802566444105,-3.7840703230796278
136.95000000000002,-4.2644469928506625,-3.746303393122436
137.0,-4.296923030901933,-3.708290591545495
137.05,-4.328729531210395,-3.6697114969717686
137.1,-4.360536031518838,-3.6311324023980642
137.15,-4.391903358072459,-3.5922004143924395
137.20000000000002,-4.422729499500117,-3.5528335627951533
137.25,-4.453555640927759,-3.5134667111978897
137.3,-4.4837877499906265,-3.4736466386835523
137.35,-4.513614029787946,-3.4335169360500855
137.4,-4.543440309585282,-3.393387233416596
137.45000000000002,-4.57251154346778,-3.352710951225016
137.5,-4.601319091457786,-3.3118437861801766
137.55,-4.630126639447808,-3.270976621135314
137.6,-4.658012211420601,-3.2294767543648386
137.65,-4.6857828019376875,-3.187897982108628
137.70000000000002,-4.713513345390598,-3.1462931846084876
137.75,-4.740229408811562,-3.1040291105587086
137.8,-4.766945472232542,-3.061765036508905
137.85,-4.7934603832999025,-3.0193773225464784
137.9,-4.819105017160099,-2.9764546856962406
137.95000000000002,-4.844749651020295,-2.9335320488460024
138.0,-4.870026207903989,-2.8903957352224885
138.05,-4.894583187591175,-2.8468416912237426
138.1,-4.919140167278348,-2.8032876472250208
138.15,-4.943156593368741,-2.7594377211182692
138.20000000000002,-4.966610382388239,-2.715279825101474
138.25,-4.990064171407724,-2.6711219290847037
138.3,-5.01279965521444,-2.626594022492488
138.35,-5.0351354150188925,-2.5818602116336278
138.4,-5.057471174823357,-2.537126400774742
138.45000000000002,-5.078905889224957,-2.491956764364448
138.5,-5.100109488602564,-2.4466753402102484
138.55,-5.121313087980184,-2.401393916056023
138.6,-5.141428208774946,-2.3556193924389897
138.65,-5.161486232790149,-2.309819003001711
138.70000000000002,-5.181422222065163,-2.263966988380077
138.75,-5.200321980546166,-2.217676610013093
138.8,-5.21922173902718,-2.1713862316460824
138.85,-5.237815523036844,-2.1249753948408276
138.9,-5.255545058604703,-2.0782243139062784
138.95000000000002,-5.273274594172561,-2.0314732329717295
139.0,-5.290509721178466,-1.984541735116179
139.05,-5.307057816812441,-1.937359529456741
139.1,-5.323605912446406,-1.8901773237973294
139.15,-5.339466993412183,-1.8427638244005713
139.20000000000002,-5.354823179546795,-1.795180344626597
139.25,-5.370179365681399,-1.7475968648526499
139.3,-5.384652089554864,-1.6997404926560367
139.35,-5.39880665070401,-1.651785843260244
139.4,-5.4129612118531645,-1.6038311938644239
139.45000000000002,-5.426032360058505,-1.555571517228661
139.5,-5.438976340962542,-1.507276037540039
139.55,-5.451852570700331,-1.4589633097064398
139.6,-5.463577781992145,-1.4103575546957312
139.65,-5.475302993283966,-1.3617517996849948
139.70000000000002,-5.486761959857194,-1.3130853510405847
139.75,-5.497260983243748,-1.2642000719892474
139.8,-5.507760006630306,-1.2153147929378822
139.85,-5.517791071965538,-1.166335151797653
139.9,-5.527057264921589,-1.117201276842565
139.95000000000002,-5.536323457877639,-1.068067401887477
140.0,-5.544917121965165,-1.0188154330400807
140.05,-5.552944621936165,-0.9694640476064671
140.1,-5.5609721219071595,-0.9201126621728813
140.15,-5.568120033632957,-0.8706295353480301
140.20000000000002,-5.574903761744515,-0.8210918624827248
140.25,-5.58168748985607,-0.7715541896174476
140.3,-5.587382456968827,-0.721881347605191
140.35,-5.592918121240354,-0.672188728222925
140.4,-5.598405685653523,-0.6224913622309632
140.45000000000002,-5.6026897837140455,-0.5726752352858775
140.5,-5.6069738817745645,-0.52285910834082
140.55,-5.611000339683033,-0.4730240856968042
140.6,-5.614030160987422,-0.4231159682923026
140.65,-5.6170599822918135,-0.37320785088777264
140.70000000000002,-5.619620875481896,-0.3232771809425655
140.75,-5.621394503026171,-0.2733086483912454
140.8,-5.623168130570448,-0.22334011583989682
140.85,-5.624260189484928,-0.1733559704529984
140.9,-5.624776501019489,-0.12335863630006273
140.95000000000002,-5.62529281255405,-0.07336130214712708
141.0,-5.624913962284201,-0.023365982449267707
141.05,-5.624172631024248,0.02662852152831493
141.1,-5.623431299764295,0.07662302550586914
141.15,-5.621580665120795,0.12658712256464205
141.20000000000002,-5.619582159953494,0.1765471663706455
141.25,-5.617515979253252,0.22650365003791162
141.3,-5.614261564441494,0.27639762546815655
141.35,-5.611007149629739,0.3262916008983731
141.4,-5.607468990130462,0.3761634817118157
141.45000000000002,-5.602960724513417,0.4259598223517414
141.5,-5.598452458896374,0.4757561629916388
141.55,-5.593444272400027,0.5255008972590769
141.6,-5.587685008090991,0.5751680984548074
141.65,-5.581925743781952,0.6248352996505662
141.70000000000002,-5.575450694548549,0.6744103633721776
141.75,-5.56844407513091,0.7239170021626944
141.8,-5.561437455713266,0.7734236409532393
141.85,-5.553499921329766,0.8227865640134475
141.9,-5.545250379552226,0.8721013190109285
141.95000000000002,-5.537000837774686,0.9214160740084094
142.0,-5.527606409067359,0.9705244744396749
142.05,-5.518119164039898,1.0196161456455952
142.1,-5.50850634510705,1.0686819065985655
142.15,-5.497787398999343,1.117519435143126
142.20000000000002,-5.487068452891635,1.1663569636876863
142.25,-5.4760067744203,1.2151147378655147
142.3,-5.4640629086647365,1.2636672256577437
142.35,-5.45211904290918,1.312219713449945
142.4,-5.439616950333116,1.3606274089022041
142.45000000000002,-5.426455721334807,1.4088641381782931
142.5,-5.4132944923365045,1.4571008674543546
142.55,-5.399361639135959,1.5051165981831067
142.6,-5.384991373492419,1.5530070509407536
142.65,-5.37062110784887,1.6008975036984279
142.70000000000002,-5.355268351130859,1.6484796240060062
142.75,-5.33969814036441,1.695993501312391
142.8,-5.324127629900943,1.7435072762171495
142.85,-5.307367324707188,1.7906145173782495
142.9,-5.290607019513426,1.8377217585393764
142.95000000000002,-5.2736313044647956,1.8847492929425025
143.0,-5.255691508480767,1.9314200945217532
143.05,-5.237751712496729,1.9780908961010304
143.1,-5.219384478409343,2.024591194270364
143.15,-5.200276541505278,2.070796028944575
143.20000000000002,-5.181168604601212,2.1170008636187863
143.25,-5.161424720466866,2.1629332877879666
143.3,-5.141160731565885,2.2086429230284965
143.35,-5.1208967426649155,2.254352558269001
143.4,-5.099792252136534,2.299676862513547
143.45000000000002,-5.078385031566699,2.3448623790810865
143.5,-5.056977810996877,2.3900478956486
143.55,-5.03452992264123,2.4347242595605065
143.6,-5.0119930140248865,2.479357069801597
143.65,-4.989335520314656,2.5239270762425816
143.70000000000002,-4.965683182000112,2.567978942176448
143.75,-4.942030843685582,2.6120308081102896
143.8,-4.9180528561910615,2.655902513922778
143.85,-4.893300052232194,2.699345565106738
143.9,-4.868547248273312,2.7427886162907225
143.95000000000002,-4.843268706018198,2.785923292070308
144.0,-4.817431096707401,2.82873004323296
144.05,-4.7915934873965895,2.8715367943956362
144.1,-4.76503545570257,2.9138962510056894
144.15,-4.738129387663347,2.9560396194362
144.20000000000002,-4.711223319624122,2.9981829878667106
144.25,-4.683407976061431,3.039729608953944
144.3,-4.655450471906718,3.0811829316366977
144.35,-4.627434839594601,3.122595977993131
144.4,-4.5984435871573694,3.1633330284769543
144.45000000000002,-4.569452334720139,3.2040700789607772
144.5,-4.54020867971024,3.2446226770048874
144.55,-4.510202020853244,3.284617681996027
144.6,-4.480195361996265,3.3246126869871437
144.65,-4.449748462598763,3.3642686606882215
144.70000000000002,-4.418745381610513,3.403496316356609
144.75,-4.387742300622281,3.442723972024974
144.8,-4.356117993970897,3.4814478283994874
144.85,-4.324138105555176,3.5198833163880177
144.9,-4.292158217139438,3.5583188043765697
144.95000000000002,-4.2593833809701245,3.5960757642850893
145.0,-4.226446917836577,3.633694767411845
145.05,-4.193485188178508,3.6712910813660926
145.1,-4.159612988242345,3.7080697990093547
145.15,-4.125740788306162,3.7448485166526377
145.20000000000002,-4.091663899146342,3.78143390719296
145.25,-4.056877392345058,3.8173490703495196
145.3,-4.022090885543753,3.8532642335060996
145.35,-3.9869281397897116,3.8888056966056443
145.4,-3.9512493345252353,3.9238345826127743
145.45000000000002,-3.9155705292607585,3.9588634686199047
145.5,-3.8793522026807485,3.9933288179200144
145.55,-3.84280367189569,4.027449264831722
145.6,-3.8062551411106518,4.061569711743409
145.65,-3.769012460144966,4.0949276070860225
145.70000000000002,-3.73161732704156,4.128118027694676
145.75,-3.694205389267301,4.16128902817991
145.8,-3.65598731267828,4.193528423674187
145.85,-3.6177692360892806,4.225767819168445
145.9,-3.5793739764304884,4.257791732270871
145.95000000000002,-3.5403571358510515,4.289059705521465
146.0,-3.501340295271637,4.320327678772042
146.05,-3.461995145443256,4.351175253530898
146.1,-3.4222042257336494,4.381452021995545
146.15,-3.3824133060240205,4.411728790460209
146.20000000000002,-3.3421525671108214,4.441371717597801
146.25,-3.3016127428790614,4.470638125837566
146.3,-3.2610729186472787,4.4999045340773485
146.35,-3.2199317352248236,4.5283154717450405
146.4,-3.1786686548997016,4.556553003543756
146.45000000000002,-3.137380138467231,4.584752344089451
146.5,-3.0954199080715195,4.61194313416876
146.55,-3.053459677675784,4.6391339242480845
146.6,-3.0113368819666526,4.666066796422946
146.65,-2.9687060486005983,4.692193641745653
146.70000000000002,-2.9260752152345444,4.718320487068359
146.75,-2.8831552282479485,4.7439619255710825
146.8,-2.8398807632939898,4.7690082962253255
146.85,-2.796606298340056,4.794054666879554
146.9,-2.752926957716843,4.818380759163754
146.95000000000002,-2.7090362397756502,4.842330808821486
147.0,-2.665145521834482,4.866280858479204
147.05,-2.620745385634994,4.889268767224618
147.1,-2.576266183203979,4.912107343167512
147.15,-2.531744843679313,4.934861251189863
147.20000000000002,-2.4867052975843267,4.956573903896486
147.25,-2.441665751489366,4.978286556603097
147.3,-2.3964742781974153,4.999673655183571
147.35,-2.350902883789101,5.020246647471528
147.4,-2.3053314893807606,5.040819639759497
147.45000000000002,-2.2595100832143147,5.060819722977305
147.5,-2.2134356723398634,5.080240038694874
147.55,-2.167361261465386,5.099660354412453
147.6,-2.120950738602701,5.118254365049677
147.65,-2.07440246136487,5.1365097173111725
147.70000000000002,-2.027854184127039,5.154765069572668
147.75,-1.9808959438796263,5.171935117865514
147.8,-1.9339032501944533,5.18901395682526
147.85,-1.8868539276363416,5.205930657128678
147.9,-1.8394465486009706,5.221822177288748
147.95000000000002,-1.7920391695655993,5.237713697448817
148.0,-1.7444965527486411,5.253184283112495
148.05,-1.696704481831354,5.267878430159485
148.1,-1.6489124109140938,5.282572577206467
148.15,-1.6009192066741,5.296582006842748
148.20000000000002,-1.5527726807383389,5.310069484009298
148.25,-1.504626154802605,5.32355696117584
148.3,-1.4562255381852807,5.336091420943284
148.35,-1.4077550183596474,5.3483636948903355
148.4,-1.359283925780364,5.360633580863002
148.45000000000002,-1.3105200781866284,5.371682887079067
148.5,-1.2617562305929206,5.3827321932951255
148.55,-1.2129344897554222,5.3935102127171115
148.6,-1.1639081661070962,5.403329560431075
148.65,-1.1148818424587421,5.413148908145044
148.70000000000002,-1.0657536575210598,5.422424235618099
148.75,-1.0164958756041396,5.4310074122225815
148.8,-0.9672380936871913,5.439590588827069
148.85,-0.9178480155821167,5.447353675294804
148.9,-0.868389939631065,5.454695250277132
148.95000000000002,-0.8189318636800133,5.462036825259462
149.0,-0.7693247539381156,5.468279409211781
149.05,-0.7196976749190882,5.474374737590172
149.1,-0.6700562742994378,5.480339958371878
149.15,-0.6202915901132158,5.48518518363465
149.20000000000002,-0.5705269059269937,5.490030408897422
149.25,-0.520727497076585,5.494465572132773
149.3,-0.4708566926939357,5.498057628678701
149.35,-0.4209858883113147,5.501649685224627
149.4,-0.3710739768864166,5.504549656248055
149.45000000000002,-0.32112860442832925,5.50688627132634
149.5,-0.2711832319702703,5.509222886404624
149.55,-0.22120450616485376,5.510583851251867
149.6,-0.17121616494027875,5.511663546400489
149.65,-0.12122780008575404,5.512740621519315
149.70000000000002,-0.07122811659937314,5.51256271350086
149.75,-0.021228433113020653,5.512384805482405
149.8,0.028766606689238635,5.5119191212951115
149.85,0.07874599874618154,5.510483722529474
149.9,0.12872539080315287,5.509048323763837
149.95000000000002,0.17868108377712097,5.507039267837516
150.0,0.22860856354095155,5.5043472863312175
150.05,0.2785360433048105,5.501655304824918
150.1,0.32840631703459067,5.498103605786277
150.15,0.3782502964749364,5.4941567445584205
150.20000000000002,0.42809427591528215,5.4902098833305635
150.25,0.47783304576578295,5.485117613629198
150.3,0.5275619896705581,5.479918369634455
150.35,0.5772696953077184,5.4745380406752915
150.4,0.626852141234911,5.468089703224565
150.45000000000002,0.6764345871621035,5.461641365773838
150.5,0.7259501070208483,5.454724568547532
150.55,0.7753546852040951,5.447031217227323
150.6,0.8247592633873138,5.439337865907119
150.65,0.8740365952443117,5.430889922325381
150.70000000000002,0.9232320484399588,5.421956424417155
150.75,0.9724275016355779,5.413022926508935
150.8,1.0214207658703902,5.403050505526754
150.85,1.070375969133268,5.392882512927969
150.9,1.1193106704242866,5.382621690082489
150.95000000000002,1.167994650799996,5.371225635731164
151.0,1.2166786311756779,5.359829581379845
151.05,1.2652688299957897,5.348054440305628
151.1,1.3136507861165412,5.335437534110836
151.15,1.3620327422373204,5.3228206279160375
151.20000000000002,1.4102329684450372,5.3095410885875785
151.25,1.4582822900172776,5.295711312868287
151.3,1.5063316115895453,5.281881537148988
151.35,1.554096653274807,5.267108856150415
151.4,1.6017829404457502,5.252074960585678
151.45000000000002,1.6494610871880817,5.237016333305137
151.5,1.6967541697790947,5.220787829398816
151.55,1.7440472523701347,5.204559325492485
151.6,1.7912306414612558,5.188023786533049
151.65,1.8381005980562286,5.17061094159644
151.70000000000002,1.8849705546512017,5.15319809665983
151.75,1.9316147126925975,5.135200121818323
151.8,1.9780318895685374,5.116613952474731
151.85,2.024449066444451,5.098027783131149
151.9,2.0705099133041154,5.078583160570033
151.95000000000002,2.1164449431927217,5.058835425785161
152.0,2.162379973081302,5.039087691000301
152.05,2.2078138600380885,5.0182135111645145
152.1,2.253237680705939,4.997316704807234
152.15,2.298541376380928,4.976167199949852
152.20000000000002,2.3434252490168124,4.95413454288796
152.25,2.388309121652671,4.932101885826081
152.3,2.43292840274272,4.909546926122854
152.35,2.4772439301401423,4.886392357858979
152.4,2.52155945753759,4.863237789595091
152.45000000000002,2.565451836242843,4.839297591094837
152.5,2.6091709807667294,4.815035760947508
152.55,2.652890125290641,4.790773930800164
152.6,2.6960136772987817,4.7654699698725365
152.65,2.739108778624453,4.740116227708287
152.70000000000002,2.7820734886702647,4.714547097303546
152.75,2.8245172812837316,4.688117483825791
152.8,2.866961073897223,4.661687870348021
152.85,2.9091017995372823,4.634784928545903
152.9,2.9508674299859847,4.607296165146591
152.95000000000002,2.992633060434687,4.5798074017472805
153.0,3.033909358267491,4.5515951411977325
153.05,3.0749704021500386,4.523064619378521
153.1,3.116031446032563,4.494534097559325
153.15,3.156403564362291,4.465038215670907
153.20000000000002,3.196734043046998,4.435483986040217
153.25,3.236919038900264,4.405736375661369
153.3,3.2764934359615645,4.3751771365144965
153.35,3.316067833022843,4.344617897367642
153.4,3.3552964002489443,4.313622264222384
153.45000000000002,3.3940896776114147,4.282077349711807
153.5,3.4328829549738633,4.250532435201248
153.55,3.4711171331392077,4.218317350239153
153.60000000000002,3.509104746918955,4.185806718142535
153.65,3.547092360698681,4.153296086045937
153.70000000000002,3.584295004011041,4.119891256145089
153.75,3.621452920044432,4.086435475238731
153.8,3.658440937881842,4.0527957027732855
153.85000000000002,3.694745646931819,4.018415939818926
153.9,3.7310503559817754,3.9840361768645853
153.95000000000002,3.7669580943189134,3.9492476387447204
154.0,3.802386626949034,3.9139656450981737
154.05,3.8378151595791743,3.878683651451607
154.10000000000002,3.87260756103818,3.8427787527222046
154.15,3.9071375021454045,3.806616850571872
154.20000000000002,3.9416674432526486,3.770454948421519
154.25,3.975310381352596,3.733467148442367
154.3,4.008919884349166,3.6964482166867803
154.35000000000002,4.0423218971828065,3.659245611655311
154.4,4.074989697818459,3.6213930714284364
154.45000000000002,4.10765749845413,3.58354053120154
154.5,4.139865380672329,3.545301053318846
154.55,4.171570810488281,3.5066388531721056
154.60000000000002,4.203276240304233,3.467976653025365
154.65,4.234258234287147,3.428736252976869
154.70000000000002,4.264981233692865,3.389288853727771
154.75,4.295704233098566,3.3498414544786947
154.8,4.325429620343993,3.309637043501515
154.85000000000002,4.355150751308958,3.2694294027579427
154.9,4.384610553766053,3.22903362632876
154.95000000000002,4.413311012118226,3.1880911826989955
155.0,4.442011470470382,3.1471487390692543
155.05,4.470174619034839,3.105839634682979
155.10000000000002,4.497836246358073,3.0641882916814462
155.15,4.525497873681291,3.022536948679937
155.20000000000002,4.5523362790453215,2.980353682143295
155.25,4.578941574168257,2.9380197918021023
155.3,4.60550145008542,2.8956581478031134
155.35000000000002,4.631033580154599,2.8526684939997677
155.4,4.656565710223765,2.8096788401964465
155.45000000000002,4.681764258015165,2.7664967009495025
155.5,4.706207069145187,2.722878482461582
155.55,4.730649880275223,2.6792602639736365
155.60000000000002,4.754461811920501,2.635298866508726
155.65,4.777799839414805,2.5910796798057456
155.70000000000002,4.801137866909123,2.5468604931027405
155.75,4.823539097255711,2.502161848472417
155.8,4.845757575391186,2.457369670256299
155.85000000000002,4.867858852398448,2.4125211816303596
155.9,4.888943723767823,2.3671843511353328
155.95000000000002,4.910028595137209,2.3218475206402798
156.0,4.93068804229993,2.276319307742929
156.05,4.950625966706174,2.230466508805763
156.10000000000002,4.97056389111242,2.184613709868597
156.15,4.989760443264886,2.1384495714653156
156.20000000000002,5.0085388061616545,2.0921098143779293
156.25,5.027317169058412,2.0457700572905697
156.3,5.045031044030741,1.9990144436610893
156.35000000000002,5.062637964503873,1.9522170468162467
156.4,5.0800332653165805,1.9053430549171628
156.45000000000002,5.0964576036013725,1.8581176262594212
156.5,5.112881941886155,1.8108921976017063
156.55,5.128769320730301,1.7634875596047053
156.60000000000002,5.144000685259893,1.715863977898074
156.65,5.159232049789477,1.6682403961914698
156.70000000000002,5.173594934616919,1.6203510426955527
156.75,5.187623688597298,1.5723594386198767
156.8,5.201652442577684,1.5243678345441731
156.85000000000002,5.214475612023011,1.4760402165875133
156.9,5.227292879530527,1.4277109536752857
156.95000000000002,5.239782075089873,1.379299085632773
157.0,5.251379746687321,1.3306627410588174
157.05,5.262977418284776,1.2820263964848344
157.10000000000002,5.273907909580966,1.2332398003434888
157.15,5.284278647448751,1.1843271455793456
157.20000000000002,5.294649385316542,1.1354144908151749
157.25,5.304009319996836,1.0863007695330817
157.3,5.313146562575961,1.0371427508784232
157.35000000000002,5.322164769709903,0.9879641518169124
157.4,5.330062735853796,0.9385918708205054
157.45000000000002,5.3379607019976945,0.8892195898240705
157.5,5.345393872148765,0.8397789401058668
157.55,5.352047564781421,0.7902236338879525
157.60000000000002,5.3587012574140775,0.7406683276700382
157.65,5.364541001714881,0.6910141387484071
157.70000000000002,5.3699462109928575,0.6413071602377187
157.75,5.375351420270832,0.5916001817270585
157.8,5.3795907856269976,0.5417812443207904
157.85000000000002,5.383744091603404,0.49195404241793583
157.9,5.387632101204575,0.44210808341388547
157.95000000000002,5.390530875993276,0.3921921830941909
158.0,5.393429650781976,0.3422762827745247
158.05,5.39570955284417,0.2923322470508045
158.10000000000002,5.397351962282879,0.2423592294189199
158.15,5.398994371721586,0.19238621178706367
158.20000000000002,5.399662776794102,0.14239344142931756
158.25,5.4000477816052905,0.09239492373835846
158.3,5.4003604138884445,0.042396758995965365
158.35000000000002,5.399487770337348,-0.007595625356395061
158.4,5.398615126786252,-0.05758800970872707
158.45000000000002,5.397313332132197,-0.10756750246738207
158.5,5.395183592181486,-0.15752212395269444
158.55,5.393053852230774,-0.20747674543803524
158.60000000000002,5.390137855643229,-0.25738793352143785
158.65,5.386752366604257,-0.3072731864922869
158.70000000000002,5.383366877565281,-0.35715843946316433
158.75,5.378838381690817,-0.40695166679974815
158.8,5.374199285371654,-0.45673598948613675
158.85000000000002,5.369312144721804,-0.5064940478461222
158.9,5.363422376072627,-0.5561459423241535
158.95000000000002,5.3575326074234475,-0.605797836802213
159.0,5.351037085809353,-0.6553701384298531
159.05,5.343900371065984,-0.7048581905502707
159.10000000000002,5.3367636563226135,-0.7543462426706881
159.15,5.328665106813104,-0.8036832161289837
159.20000000000002,5.320285961139955,-0.8529761153923597
159.25,5.311828347160027,-0.9022546584337591
159.3,5.302212071793867,-0.9513212178004276
159.35000000000002,5.2925957964277055,-1.0003877771670961
159.4,5.282544216167298,-1.0493633241525961
159.45000000000002,5.271696895063688,-1.0981724997743598
159.5,5.260849573960085,-1.1469816753960957
159.55,5.249213034694037,-1.1956050096845272
159.60000000000002,5.2371415306785565,-1.244125920545782
159.65,5.225070026663083,-1.292646831407009
159.70000000000002,5.211859009270103,-1.340868975760897
159.75,5.198570959696789,-1.3890709232167393
159.8,5.185005551369178,-1.4371926432310325
159.85000000000002,5.170509363288885,-1.4850451304301562
159.9,5.1560131752086,-1.5328976176292528
159.95000000000002,5.140889475460416,-1.580551359769103
160.0,5.125194320302299,-1.6280241109487055
160.05,5.109499165144172,-1.6754968621283348
160.10000000000002,5.092831277330314,-1.722634385613293
160.15,5.075947085099548,-1.7696973652545454
160.20000000000002,5.058928916588536,-1.816710369301119
160.25,5.040866369584224,-1.8633338011322846
160.3,5.022803822579902,-1.9099572329634766
160.35000000000002,5.00426258231694,-1.9563882541573279
160.4,4.985033108373969,-2.0025426399930772
160.45000000000002,4.965803634430986,-2.048697025828853
160.5,4.945757003107602,-2.094498830795642
160.55,4.925372768366815,-2.140154969200395
160.60000000000002,4.904981713121043,-2.1858079589661883
160.65,4.883455614332348,-2.2309369637296212
160.70000000000002,4.861929515543641,-2.27606596849308
160.75,4.840059065116417,-2.32102537221162
160.8,4.817404721479503,-2.3655986906250166
160.85000000000002,4.794750377842587,-2.4101720090384133
160.9,4.771421724569696,-2.45439186952361
160.95000000000002,4.747653469117827,-2.498381300444869
161.0,4.723885213665971,-2.542370731366103
161.05,4.699120937205651,-2.58580569909121
161.10000000000002,4.674253807737695,-2.629183410787717
161.15,4.649160999356859,-2.6724279488461593
161.20000000000002,4.623210728923457,-2.715166496603829
161.25,4.59726045849007,-2.7579050443614745
161.3,4.570764861945732,-2.8003030175611054
161.35000000000002,4.543747868895582,-2.84237536104859
161.4,4.516730875845448,-2.8844477045360506
161.45000000000002,4.488858453011592,-2.925955409163784
161.5,4.460791830604148,-2.9673349295408467
161.55,4.43260173965751,-3.008628417613324
161.60000000000002,4.403503245248588,-3.0492889343726457
161.65,4.374404750839682,-3.0899494511319445
161.70000000000002,4.3448752990743,-3.13029328447558
161.75,4.314763342881704,-3.170209072006998
161.8,4.284651386689092,-3.2101248595384386
161.85000000000002,4.253811803628812,-3.2494772370040255
161.9,4.222705437084629,-3.288623040871329
161.95000000000002,4.191560952042191,-3.3277377646240405
162.0,4.159479855739595,-3.3660888175433814
162.05,4.127398759436981,-3.4044398704627437
162.10000000000002,4.094986090967529,-3.4425063954280333
162.15,4.061950562209419,-3.4800384329382763
162.20000000000002,4.02891503345129,-3.51757047044854
162.25,3.995266544287257,-3.554549147231122
162.3,3.961297484244683,-3.591238423046074
162.35000000000002,3.927328424202109,-3.627927698861025
162.4,3.8924776851136427,-3.6637798268924193
162.45000000000002,3.857596585602269,-3.6996031279251143
162.5,3.822468319133399,-3.735179631547363
162.55,3.7866972490161084,-3.7701142925971785
162.60000000000002,3.750926178898818,-3.8050489536469945
162.65,3.7146436876695392,-3.839446600496729
162.70000000000002,3.678005278894043,-3.873470518589749
162.75,3.641366870118568,-3.9074944366827498
162.8,3.6039666347968486,-3.94067701006639
162.85000000000002,3.566484068076968,-3.973768658440128
162.9,3.5288241213910485,-4.006654223348688
162.95000000000002,3.4905211115408363,-4.0387926650722035
163.0,3.452218101690646,-4.0709311067957
163.05,3.413492434469195,-4.102552757129029
163.10000000000002,3.3743932153990817,-4.133717658349924
163.15,3.335293996328991,-4.164882559570801
163.20000000000002,3.2955418193043036,-4.195206786907706
163.25,3.2556711286888316,-4.225378429717533
163.3,3.215678928021142,-4.255385233471526
163.35000000000002,3.175061991647878,-4.284544528381581
163.4,3.134445055274637,-4.313703823291618
163.45000000000002,3.0934821241002473,-4.342368147074416
163.5,3.0521446399100682,-4.370496645093773
163.55,3.0108071557198657,-4.398625143113146
163.60000000000002,2.96891523724983,-4.425916398422485
163.65,2.9268833590781695,-4.45299630273104
163.70000000000002,2.8847729410798886,-4.479950867234965
163.75,2.8420732621097615,-4.505965044443679
163.8,2.79937358313961,-4.531979221652406
163.85000000000002,2.756393444182092,-4.557519745625173
163.9,2.713052980119052,-4.58245173661665
163.95000000000002,2.6697125160559874,-4.607383727608142
164.0,2.625906717377129,-4.631482739923917
164.05,2.581952889356864,-4.655316770266395
164.10000000000002,2.5379518985420124,-4.679061152122025
164.15,2.493412515781516,-4.701782142050117
164.20000000000002,2.448873133020994,-4.724503131978222
164.25,2.4041089421885458,-4.7467693971799525
164.3,2.3590121843915037,-4.768362971136015
164.35000000000002,2.3139154265944617,-4.789956545092078
164.4,2.2684341846950344,-4.8107205217814135
164.45000000000002,2.22280858422311,-4.831173017511214
164.5,2.1771571695908154,-4.851565930307148
164.55,2.1310315934115454,-4.8708644075043575
164.60000000000002,2.0849060172322758,-4.890162884701567
164.65,2.0386028872219075,-4.909021532421332
164.70000000000002,1.9920065186449756,-4.927153780915212
164.75,1.9454101500680703,-4.945286029409083
164.8,1.8985032962860742,-4.962589704478145
164.85000000000002,1.8514656164994272,-4.979544251959286
164.9,1.8044152318118798,-4.996462111715074
164.95000000000002,1.7569660012293524,-5.012228230994306
165.0,1.7095167706468521,-5.027994350273528
165.05,1.6619305342187893,-5.043330127800136
165.10000000000002,1.614099773651018,-5.05789784359602
165.15,1.5662690130832737,-5.072465559391896
165.20000000000002,1.5181965006063523,-5.086202158313555
165.25,1.4700144722670012,-5.099562253564137
165.3,1.4218265852425607,-5.112900138830788
165.35000000000002,1.3733237736016357,-5.125044160525672
165.4,1.324820961960738,-5.137188182220549
165.45000000000002,1.276216846985989,-5.148904860072219
165.5,1.227423939482783,-5.159825124601171
165.55,1.1786310319795497,-5.170745389130129
165.60000000000002,1.1296615780803247,-5.180827502064477
165.65,1.0806094457076192,-5.190517100079316
165.70000000000002,1.0315541621489492,-5.2001896185529475
165.75,0.982273839921304,-5.208642419339511
165.8,0.9329935176936306,-5.217095220126079
165.85000000000002,0.8836447402722342,-5.225116412822055
165.9,0.8341674075903549,-5.232327068179559
165.95000000000002,0.7846900749084474,-5.239537723537066
166.0,0.7350997244844066,-5.245898079220806
166.05,0.6854566854081814,-5.251862026846109
166.10000000000002,0.6358112950225641,-5.257804080774774
166.15,0.5860339584653198,-5.262517547149402
166.20000000000002,0.5362566219080471,-5.267231013524032
166.25,0.48644290457838507,-5.271500896407781
166.3,0.4365627644344696,-5.274960899185925
166.35000000000002,0.3866826242905541,-5.278420901964068
166.4,0.3367532419839018,-5.281013035016804
166.45000000000002,0.2868018572029238,-5.283217384912707
166.5,0.23684930857961842,-5.285384828066516
166.55,0.18685828319913056,-5.2863321302401305
166.60000000000002,0.13686725781864267,-5.287279432413745
166.65,0.08687328056814138,-5.28776334755114
166.70000000000002,0.036874243717970476,-5.287453002491129
166.75,-0.013124793132172005,-5.287142657431118
166.8,-0.06310709428589092,-5.285941462362946
166.85000000000002,-0.11308250839524528,-5.284373666266488
166.9,-0.16305519551481507,-5.282743845796337
166.95000000000002,-0.21297536760701177,-5.279919590445486
167.0,-0.2628955396991801,-5.277095335094637
167.05,-0.3127817472588074,-5.273780279847671
167.10000000000002,-0.36261509299708994,-5.269701351982363
167.15,-0.4124484387353441,-5.2656224241170575
167.20000000000002,-0.4621949235488942,-5.260624589920747
167.25,-0.5119099135193587,-5.255293570108831
167.3,-0.561613289912704,-5.249865747236095
167.35000000000002,-0.6111784695730099,-5.243286008241103
167.4,-0.6607436492332875,-5.236706269246116
167.45000000000002,-0.7102323655548123,-5.229601261760599
167.5,-0.7596163751352251,-5.221776966408329
167.55,-0.8090003847156658,-5.213952671056055
167.60000000000002,-0.8582213678141623,-5.205176990924958
167.65,-0.9073929621590218,-5.196113089470138
167.70000000000002,-0.9565368353875404,-5.186908733625866
167.75,-1.005464903723943,-5.176610960620651
167.8,-1.0543929720603733,-5.16631318761543
167.85000000000002,-1.1031944816834738,-5.155449504156254
167.9,-1.1518480673050693,-5.143924374822483
167.95000000000002,-1.2005016529266925,-5.132399245488706
168.0,-1.2489082067300856,-5.119886796915065
168.05,-1.2972565265834637,-5.107141603022578
168.10000000000002,-1.345551681974618,-5.094204554785866
168.15,-1.3935641461356234,-5.080247360039541
168.20000000000002,-1.441576610296656,-5.066290165293208
168.25,-1.4894029321684927,-5.0517214451093615
168.3,-1.5370491631967391,-5.036561080047663
168.35000000000002,-1.5846953942249855,-5.021400714985963
168.4,-1.6320010827663411,-5.005214906259366
168.45000000000002,-1.6792509349248992,-4.98886096266781
168.5,-1.726410880923733,-4.97225746163535
168.55,-1.7732344592525084,-4.954720286478266
168.60000000000002,-1.8200580375812838,-4.937183111321182
168.65,-1.8666246731959657,-4.918985325520152
168.70000000000002,-1.912992352426331,-4.900276014394655
168.75,-1.95936003165667,-4.8815667032691685
168.8,-2.005282659635298,-4.861793183207008
168.85000000000002,-2.051165102934129,-4.841923573323305
168.9,-2.096907830068877,-4.82174214787044
168.95000000000002,-2.142276007600082,-4.800724810562917
169.0,-2.187644185131261,-4.779707473255407
169.05,-2.2326718756278847,-4.757978755008458
169.10000000000002,-2.2774970829197505,-4.735826987782287
169.15,-2.322322290211591,-4.713675220556129
169.20000000000002,-2.3665856563281715,-4.690421649151919
169.25,-2.4108395324348266,-4.6671494672702085
169.3,-2.4548892748000335,-4.643500684033563
169.35000000000002,-2.498543820245699,-4.619122811650327
169.4,-2.5421983656913403,-4.594744939267105
169.45000000000002,-2.5854148467391336,-4.569605273547408
169.5,-2.6284424412334393,-4.544137134392141
169.55,-2.6714322591526716,-4.518606966183478
169.60000000000002,-2.7138056790664096,-4.492064673802924
169.65,-2.756179098980123,-4.4655223814223834
169.70000000000002,-2.7982680868719236,-4.438538453239169
169.75,-2.839960522461502,-4.410938800802825
169.8,-2.881652958051104,-4.383339148366464
169.85000000000002,-2.922794701111074,-4.354929920335738
169.9,-2.963779773481445,-4.326290370011173
169.95000000000002,-3.004661996070104,-4.2975075080841805
170.0,-3.04491377386488,-4.267846179989197
170.05,-3.0851655516596783,-4.238184851894198
170.10000000000002,-3.125035743803477,-4.208019103867937
170.15,-3.164528759611994,-4.1773547646063935
170.20000000000002,-3.204021775420534,-4.146690425344834
170.25,-3.242835703809139,-4.115173827445305
170.3,-3.2815449702800006,-4.083525878233882
170.35000000000002,-3.320067597619537,-4.051655417459962
170.4,-3.3579686232703625,-4.019043881853472
170.45000000000002,-3.3958696489212095,-3.9864323462469633
170.5,-3.433274432614989,-3.9532585405677807
170.55,-3.470343237328644,-3.9197040517905313
170.60000000000002,-3.507412042042299,-3.8861495630132814
170.65,-3.5436572101383814,-3.8517078617832796
170.70000000000002,-3.5798703403353622,-3.8172316496749703
170.75,-3.615793768700922,-3.7824587045764755
170.8,-3.651128312178924,-3.7470825821603264
170.85000000000002,-3.686462855656926,-3.711706459744178
170.9,-3.7211687031179506,-3.675717980866321
170.95000000000002,-3.7556023035487236,-3.63946433054839
171.0,-3.789974256836779,-3.6031535854299164
171.05,-3.823485127911377,-3.5660453448380705
171.10000000000002,-3.856995998985975,-3.528937104246225
171.15,-3.8900946502355302,-3.491465912861941
171.20000000000002,-3.922661589448908,-3.4535265603335494
171.25,-3.9552285286622677,-3.4155872078051797
171.3,-3.9870165979105643,-3.376996110569707
171.35000000000002,-4.018618999976781,-3.33824965029724
171.4,-4.050044960382069,-3.299362938653127
171.45000000000002,-4.080662830271706,-3.259833885496969
171.5,-4.111280700161325,-3.220304832340833
171.55,-4.1413445887107505,-3.1803577246231347
171.60000000000002,-4.170958554302167,-3.14007108860135
171.65,-4.200572519893568,-3.099784452579588
171.70000000000002,-4.229240188635938,-3.0588203768577347
171.75,-4.257831512972448,-3.0178016473225173
171.8,-4.28611085654052,-2.9765712373847664
171.85000000000002,-4.313661449685769,-2.934846366895499
171.9,-4.341212042831004,-2.893121496406256
171.95000000000002,-4.368048268758342,-2.8509377313267605
172.0,-4.394540699242173,-2.8085331192302267
172.05,-4.420977945070684,-2.7660949878224663
172.10000000000002,-4.446395450918612,-2.723037463550023
172.15,-4.4718129567665255,-2.6799799392776036
172.20000000000002,-4.4967629873987125,-2.6366543276519048
172.25,-4.521089486737575,-2.59297113374493
172.3,-4.54541598607645,-2.5492879398379307
172.35000000000002,-4.568850143165362,-2.505122416359509
172.4,-4.592070244398922,-2.46084119123304
172.45000000000002,-4.61508240215114,-2.416454237917398
172.5,-4.6371814136987854,-2.3716029983735942
172.55,-4.659280425246443,-2.3267517588297646
172.60000000000002,-4.680737731228208,-2.281594308347846
172.65,-4.7017016708208095,-2.236201431849921
172.70000000000002,-4.722665610413422,-2.1908085553519703
172.75,-4.7425430982970225,-2.144930403390328
172.8,-4.762358701824056,-2.099024610108215
172.85000000000002,-4.781793792513214,-2.0529602125354636
172.9,-4.800448522415421,-2.0065705471748077
172.95000000000002,-4.81910325231764,-1.9601808818141258
173.0,-4.836924960501224,-1.913468343113554
173.05,-4.854407013703728,-1.8666241565390618
173.10000000000002,-4.871777981527542,-1.8197400977382805
173.15,-4.888076296908085,-1.7724710284037235
173.20000000000002,-4.904374612288637,-1.7252019590691396
173.25,-4.920101894244079,-1.6777439996574384
173.3,-4.935206159632006,-1.6300799548532825
173.35000000000002,-4.950310425019934,-1.5824159100491266
173.4,-4.96437534252711,-1.5344368345175108
173.45000000000002,-4.9782760012283465,-1.4864079714488048
173.5,-4.991873887871776,-1.4382955914117537
173.55,-5.0045621447159245,-1.389932298117586
173.60000000000002,-5.017250401560073,-1.3415690048234183
173.65,-5.029161444326964,-1.293012221189959
173.70000000000002,-5.040629271232535,-1.244345097317006
173.75,-5.052066590962654,-1.1956711886146758
173.8,-5.062306732016968,-1.1467310260568242
173.85000000000002,-5.072546873071283,-1.0977908634989724
173.9,-5.082276355830224,-1.048750538394786
173.95000000000002,-5.091282331880781,-0.9995683018110556
174.0,-5.100288307931333,-0.9503860652273531
174.05,-5.10829793846043,-0.9010343057140786
174.10000000000002,-5.116064051214805,-0.8516411129372645
174.15,-5.123588274254774,-0.8022129992416597
174.20000000000002,-5.130109609886476,-0.7526401015900179
174.25,-5.1366309455181725,-0.7030672039384043
174.3,-5.142420473403765,-0.653407385033213
174.35000000000002,-5.147692905661753,-0.603686147537695
174.4,-5.1529653379197375,-0.5539649100422052
174.45000000000002,-5.157012450528865,-0.5041293042285067
174.5,-5.161032643348776,-0.4542911857880119
174.55,-5.16458611832635,-0.40442132204463815
174.60000000000002,-5.167351527941772,-0.3544978555217726
174.65,-5.170116937557191,-0.3045743889989354
174.70000000000002,-5.1719194594111935,-0.25460972498619316
174.75,-5.173428335963631,-0.20463249725647797
174.8,-5.174734046227876,-0.1546516924240733
174.85000000000002,-5.17498543487444,-0.10465232439056965
174.9,-5.175236823521003,-0.0546529563570944
174.95000000000002,-5.174786783216571,-0.004658883768872187
175.0,-5.1737805247346325,0.04533098964430987
175.05,-5.172774266252693,0.09532086305752036
175.10000000000002,-5.170567810340882,0.14527147158508202
175.15,-5.168304541229345,0.1952202214485863
175.20000000000002,-5.165598328265855,0.24514331482317137
175.25,-5.16207948034297,0.2950193382141122
175.3,-5.158560632420085,0.34489536160508133
175.35000000000002,-5.154099684288375,0.39469299890702136
175.4,-5.14932748378635,0.4444647389043983
175.45000000000002,-5.144365915819289,0.4942159153905022
175.5,-5.138343381976262,0.5438518810415115
175.55,-5.132320848133231,0.5934878466925491
175.60000000000002,-5.125610048000473,0.64303150442055
175.65,-5.118340991150756,0.6925002906651547
175.70000000000002,-5.111071934301034,0.7419690769097876
175.75,-5.10261839236943,0.7912485640782677
175.8,-5.094107411533204,0.8405188716194897
175.85000000000002,-5.085155904809472,0.8897073638465285
175.9,-5.075408384783503,0.9387480189537153
175.95000000000002,-5.065660864757528,0.98778867406093
176.0,-5.054978667960127,1.036631297716311
176.05,-5.044000775911258,1.0854112719492361
176.10000000000002,-5.032822255576135,1.134143436152577
176.15,-5.0206209371398405,1.1826318659932598
176.20000000000002,-5.008419618703539,1.23112029583397
176.25,-4.995526303579394,1.2794253117218584
176.3,-4.982109278465699,1.327591518102465
176.35000000000002,-4.968692253352002,1.3757577244830717
176.4,-4.954097775523316,1.4235799283058748
176.45000000000002,-4.939473532633034,1.4713934360195637
176.5,-4.92439121125185,1.51906051083689
176.55,-4.908569003306088,1.5664910678199426
176.60000000000002,-4.892746795360327,1.6139216248029953
176.65,-4.875985719973822,1.661025809672733
176.70000000000002,-4.858975557660228,1.7080434061453986
176.75,-4.841730932836151,1.7549728278226226
176.8,-4.823543578475575,1.801547715276743
176.85000000000002,-4.805356224114998,1.8481226027308633
176.9,-4.7864590550197885,1.8944099695190777
176.95000000000002,-4.76710601575738,1.9405126795403813
177.0,-4.747730386395906,1.9866055706904933
177.05,-4.727223906920947,2.032206933603721
177.10000000000002,-4.706717427445987,2.0778082965169484
177.15,-4.68571923528468,2.1231810634645742
177.20000000000002,-4.664072290083759,2.168252226789579
177.25,-4.64242534488285,2.213323390114558
177.3,-4.619827831501018,2.257923207553797
177.35000000000002,-4.597054116649451,2.3024356542609903
177.4,-4.573994525100416,2.3467972727634083
177.45000000000002,-4.550108449597104,2.3907228393169704
177.5,-4.5262223740938055,2.434648405870507
177.55,-4.501599734287001,2.478161353039631
177.60000000000002,-4.4766164109382025,2.52147224721709
177.65,-4.451539572444326,2.5647276193514625
177.70000000000002,-4.425474808302128,2.607396437828338
177.75,-4.399410044159943,2.650065256305189
177.8,-4.372810070572664,2.692397820267593
177.85000000000002,-4.345680356934158,2.734397565956033
177.9,-4.318550643295668,2.776397311644449
177.95000000000002,-4.290457419654994,2.8177573623494534
178.0,-4.262279921628572,2.8590614614797913
178.05,-4.233754838177429,2.9001219771989297
178.10000000000002,-4.2045473838226295,2.940704296133572
178.15,-4.175339929467847,2.9812866150681914
178.20000000000002,-4.145367506807963,3.0213036406059866
178.25,-4.1151485758560415,3.061138502374566
178.3,-4.084754982791423,3.1008373700835463
178.35000000000002,-4.053543694953364,3.1398995706294834
178.4,-4.022332407115322,3.178961771175398
178.45000000000002,-3.990540829543983,3.2175482315110835
178.5,-3.9583569324138033,3.255813055638637
178.55,-3.9261557402776552,3.2940629578348717
178.60000000000002,-3.893019596838203,3.3315061948471922
178.65,-3.8598834533987696,3.368949431859492
178.70000000000002,-3.826336988916261,3.406020240555226
178.75,-3.7922695646558746,3.442618199572926
178.8,-3.7582021403954697,3.479216158590647
178.85000000000002,-3.723348766659518,3.515063841997652
178.9,-3.6883716163072413,3.5507933669487692
178.95000000000002,-3.653138670772449,3.5862661039299155
179.0,-3.6172739246605725,3.6211045882013133
179.05,-3.581409178548676,3.6559430724727306
179.10000000000002,-3.5449274595676714,3.6901302152324957
179.15,-3.5081978096299884,3.7240556159737386
179.20000000000002,-3.4713508295072675,3.757850738261738
179.25,-3.433779514922039,3.7908415903322137
179.3,-3.396208200336789,3.823832442402708
179.35000000000002,-3.3581736572079013,3.8562821735425814
179.4,-3.3197844496945006,3.888317603093181
179.45000000000002,-3.281395242181078,3.9203530326437983
179.5,-3.2422170023277603,3.9514183905686298
179.55,-3.203034191106381,3.982478128249287
179.60000000000002,-3.163526159077813,4.013116818396924
179.65,-3.123574535501839,4.043181212181626
179.70000000000002,-3.083622911925842,4.073245605966345
179.75,-3.0430372761172677,4.102445049288797
179.8,-3.002342117987641,4.1314950769102285
179.85000000000002,-2.961443618474883,4.160252538164889
179.9,-2.920030674047076,4.188269819150333
179.95000000000002,-2.8786177296192457,4.216287100135794
180.0,-2.8367104516736203,4.243553518692088
180.05,-2.7946059233664955,4.270520325993587
180.10000000000002,-2.75240352494928,4.297330007440368
180.15,-2.709634052767031,4.323229278651148
180.20000000000002,-2.666864580584757,4.349128549861943
180.25,-2.6237248221527474,4.374398612085757
180.3,-2.5803174668294724,4.399213960236455
180.35000000000002,-2.536901135330046,4.42401313847109
180.4,-2.492883361208609,4.447728862398327
180.45000000000002,-2.4488655870871474,4.4714445863255765
180.5,-2.404585760105738,4.494658923677395
180.55,-2.3599854177607753,4.517260017958709
180.60000000000002,-2.3153850754158123,4.539861112240022
180.65,-2.270293664158175,4.561462146437448
180.70000000000002,-2.2251389727750785,4.582934310885831
180.75,-2.179814571395534,4.604037696235073
180.8,-2.1341341009159764,4.624367344947425
180.85000000000002,-2.0884536304364194,4.6446969936597755
180.9,-2.042395228615941,4.664147844792227
180.95000000000002,-1.996217881661541,4.683322114745831
181.0,-1.9499473038510977,4.702263634082622
181.05,-1.9033022974365303,4.720270393274278
181.10000000000002,-1.8566572910219632,4.738277152465934
181.15,-1.8097323071380873,4.7555305870297175
181.20000000000002,-1.7626491541853178,4.772358442152327
181.25,-1.7155335132399576,4.789091659010157
181.3,-1.6680420039051795,4.80472996266196
181.35000000000002,-1.6205504945704015,4.820368266313764
181.4,-1.5728618802029442,4.835381637401797
181.45000000000002,-1.5249920630281029,4.849820494823661
181.5,-1.4771222458532889,4.864259352245518
181.55,-1.4289171521723687,4.877533882137332
181.60000000000002,-1.3806993150732088,4.890764157473833
181.65,-1.3323523603863259,4.903499553345392
181.70000000000002,-1.2838170114888963,4.915512875425752
181.75,-1.2352816625914944,4.927526197506106
181.8,-1.1865022928082813,4.93849762983772
181.85000000000002,-1.1376801411461988,4.949286397472895
181.9,-1.088782261253265,4.959710781255838
181.95000000000002,-1.0397041973377312,4.969268168048462
182.0,-0.9906261334222253,4.97882555484108
182.05,-0.9413812451540621,4.98746488897236
182.10000000000002,-0.8920783214291074,4.99578484763645
182.15,-0.8427388339904218,5.003870187586427
182.20000000000002,-0.793242245185642,5.0109474537741505
182.25,-0.7437456563808904,5.018024719961869
182.3,-0.694145717057685,5.0243080380834995
182.35000000000002,-0.6444867804509584,5.030138133716554
182.4,-0.5948166749125053,5.035861523472644
182.45000000000002,-0.5450268105151305,5.0404407595761755
182.5,-0.4952369461177838,5.045019995679705
182.55,-0.4453938974855596,5.048928573900384
182.60000000000002,-0.3955046081623571,5.052254052937612
182.65,-0.34561531883918306,5.055579531974838
182.70000000000002,-0.2956591586168377,5.057667438937144
182.75,-0.24570201015389082,5.059737056643243
182.8,-0.19572902529889877,5.06125746523428
182.85000000000002,-0.14573562643126742,5.062069911948348
182.9,-0.09574222756366449,5.062882358662416
182.95000000000002,-0.04574472177098328,5.062576482734763
183.0,0.004253295816424987,5.0621312442290245
183.05,0.05424206242509437,5.061255436523225
183.10000000000002,0.1042130641116657,5.0595527943289555
183.15,0.15418406579820862,5.057850152134688
183.20000000000002,0.20410836190142834,5.055146759106564
183.25,0.2540207301463433,5.052187790336537
183.3,0.30391039906465306,5.048913179801163
183.35000000000002,0.3537325534121143,5.044699756468691
183.4,0.4035547077595472,5.040486333136221
183.45000000000002,0.45329072441540674,5.035387181173313
183.5,0.502991141475937,5.029921969008377
183.55,0.5526663705798969,5.024251494037037
183.60000000000002,0.6022136039760044,5.0175379508001825
183.65,0.6517608373720839,5.010824407563333
183.70000000000002,0.7011932551546776,5.003336801674313
183.75,0.7505559554173694,4.995379174969448
183.8,0.7999012074908307,4.987321350964934
183.85000000000002,0.8490481418952901,4.978124675552328
183.9,0.8981950762997216,4.968928000139728
183.95000000000002,0.9472085957275953,4.95906483374533
184.0,0.9961086680545482,4.9486349283566335
184.05,1.045008483045793,4.938203886705961
184.10000000000002,1.0936307532569722,4.9265473503631
184.15,1.1422530234681236,4.914890814020246
184.20000000000002,1.1907326387617652,4.902670597251393
184.25,1.2390463425761342,4.889794805091863
184.3,1.2873600463905306,4.876919012932325
184.35000000000002,1.3353601822302166,4.862923417276885
184.4,1.3833347505894502,4.848836515887864
184.45000000000002,1.4311660269095274,4.8342833902716364
184.5,1.4787711053196222,4.818994292536075
184.55,1.5263761837297438,4.8037051948005045
184.60000000000002,1.5736408270894662,4.787400166837193
184.65,1.6208462948268108,4.770918546295008
184.70000000000002,1.6679156483035902,4.754062285521248
184.75,1.7146916374731145,4.736398570249226
184.8,1.7614676266426652,4.718734854977194
184.85000000000002,1.8078842304035043,4.700154489174663
184.9,1.8542011448368236,4.681319855188969
184.95000000000002,1.9003961246777907,4.6621958516859054
185.0,1.946224658659497,4.6422022158713325
185.05,1.9920531926412293,4.622208580056747
185.10000000000002,2.037510559602751,4.6013925501813935
185.15,2.0828217164129277,4.580252562751848
185.20000000000002,2.1280312883538053,4.558901799836569
185.25,2.1727963986150605,4.536628836331556
185.3,2.217561508876341,4.514355872826532
185.35000000000002,2.261950074128119,4.491349393055644
185.4,2.3061408139455057,4.4679575458778285
185.45000000000002,2.350255644290515,4.444426555286194
185.5,2.3938440531728853,4.419930624785363
185.55,2.4374324620552805,4.395434694284518
185.60000000000002,2.4806445753670117,4.370288465694923
185.65,2.5236030739184634,4.344703950804016
185.70000000000002,2.5665158133978907,4.319044755445079
185.75,2.608817220768103,4.292387843874194
185.8,2.6511186281383394,4.265730932303295
185.85000000000002,2.693048835593099,4.23850107461045
185.9,2.7346663866754954,4.210788632605059
185.95000000000002,2.7762719533335445,4.183058674426582
186.0,2.8171793157004723,4.154308236096372
186.05,2.8580866780674232,4.125557797766146
186.10000000000002,2.898632002148716,4.096305766230667
186.15,2.9388032927128234,4.06653552245584
186.20000000000002,2.9789745832769534,4.036765278680997
186.25,3.0184089544168953,4.006026362272468
186.3,3.057818755808271,3.975255149194442
186.35000000000002,3.096878973140243,3.9440476366562938
186.4,3.135502349788797,3.9122949237602005
186.45000000000002,3.174125726437373,3.8805422108640886
186.5,3.212001311114521,3.8479028692820756
186.55,3.2498138250277706,3.81518874707833
186.60000000000002,3.287291740958936,3.782097571123
186.65,3.3242694671846373,3.748442738436208
186.70000000000002,3.3612471934103594,3.714787905749397
186.75,3.3974694390132107,3.6803236884412467
186.8,3.433588980777757,3.6457494393138865
186.85000000000002,3.4693906999920325,3.6108514146199706
186.9,3.504629203504349,3.575379624839763
186.95000000000002,3.5398677070166853,3.5399078350595348
187.0,3.574345553703803,3.5036991660809482
187.05,3.608680722616005,3.4673522793398264
187.10000000000002,3.6427159149510064,3.4307290753030872
187.15,3.6761260244660665,3.3935300889971356
187.20000000000002,3.709536133981146,3.3563311026911626
187.25,3.7421822750475267,3.3184631280747756
187.3,3.7746461856656164,3.2804355787535022
187.35000000000002,3.8068283463166996,3.2421735625288455
187.4,3.83832551721093,3.20334151100362
187.45000000000002,3.869822688105178,3.1645094594783716
187.5,3.9005538241793816,3.1250718802503483
187.55,3.9310643261930505,3.085459896370775
187.60000000000002,3.961311029482922,3.0456499615202555
187.65,3.9908155577394564,3.0052831086288285
187.70000000000002,4.0203200859960075,2.9649162557373785
187.75,4.049057172256826,2.9240031468006933
187.8,4.077537058375043,2.8829069658747923
187.85000000000002,4.105770204272722,2.8416443468567976
187.9,4.133207428179101,2.7998448403488374
187.95000000000002,4.160644652085495,2.7580453338408533
188.0,4.187313137692687,2.7157549489906057
188.05,4.21369033902371,2.673278564375814
188.10000000000002,4.2398363916034185,2.630662637157534
188.15,4.265136880690249,2.5875362502005306
188.20000000000002,4.290437369777093,2.544409863243503
188.25,4.3149674287190045,2.500844426626335
188.3,4.3391751971480765,2.4570953243762808
188.35000000000002,4.363165414187933,2.4132293934988085
188.4,4.386265144930248,2.3688852570247447
188.45000000000002,4.409364875672576,2.3245411205506556
188.5,4.431691628244723,2.279806604926875
188.55,4.453668705347954,2.2348954918032877
188.60000000000002,4.47543935828071,2.1898865642753247
188.65,4.496279876117483,2.1444368908299305
188.70000000000002,4.517120393954268,2.09898721738451
188.75,4.53718411809676,2.0531931095976903
188.8,4.556874890163735,2.0072336329317406
188.85000000000002,4.576367473606673,1.961192179374426
188.9,4.5948960408684085,1.9147519791678596
188.95000000000002,4.6134246081301535,1.8683117789612667
189.0,4.6311709398684755,1.8215708330659832
189.05,4.648525578641218,1.7746792931779738
189.10000000000002,4.665687008750077,1.727718996689308
189.15,4.681856738120108,1.6804057865667807
189.20000000000002,4.698026467490148,1.6330925764442266
189.25,4.713406589743174,1.5855205549875702
189.3,4.728381178515349,1.537815610892583
189.35000000000002,4.743163979427646,1.4900531041449736
189.4,4.756933952599422,1.4419866102136845
189.45000000000002,4.770703925771205,1.393920116282368
189.5,4.783674744812335,1.3456355202793453
189.55,4.796231389569499,1.2972378894236563
189.60000000000002,4.808593867225744,1.2487924805526784
189.65,4.819929238455749,1.2000943352176043
189.70000000000002,4.83126460968576,1.1513961898825027
189.75,4.841788918567836,1.1025199780687
189.8,4.8518958438875135,1.053552130856646
189.85000000000002,4.861802246544715,1.0045455187421983
189.9,4.870674330838972,0.9553389529173684
189.95000000000002,4.879546415133236,0.9061323870925104
190.0,4.887593043415209,0.8567876850797462
190.05,4.895224672884023,0.8073735349640935
190.10000000000002,4.902645337664372,0.7579295145474267
190.15,4.909031683375332,0.7083390458214909
190.20000000000002,4.915418029086295,0.6587485770955267
190.25,4.920961978229584,0.6090603770971824
190.3,4.926098999173932,0.5593249670172548
190.35000000000002,4.931010484022607,0.509569125338114
190.4,4.934894929672654,0.4597202428833345
190.45000000000002,4.938779375322704,0.40987136042852673
190.5,4.941801939157641,0.3599662122607021
190.55,4.94443135152409,0.31003539822158743
190.60000000000002,4.946816551983768,0.2600948018988263
190.65,4.948189267171532,0.210113648920815
190.70000000000002,4.949561982359297,0.16013249594277532
190.75,4.950050852057008,0.110138190045559
190.8,4.950166001318624,0.060138322639253505
190.85000000000002,4.950014251564268,0.010141197556138898
190.9,4.948871761850173,-0.039845747912167405
190.95000000000002,4.947729272136076,-0.08983269338050212
191.0,4.945678625158376,-0.13978745012136357
191.05,4.943279219163729,-0.18972984544712157
191.10000000000002,4.94058637677964,-0.23965444145611753
191.15,4.936931572487671,-0.2895206866083835
191.20000000000002,4.933276768195699,-0.3393869317606778
191.25,4.928687340735263,-0.3891728465768039
191.3,4.923779450457389,-0.4389313896927526
191.35000000000002,4.918547964479199,-0.48865390032279055
191.4,4.912390093392582,-0.5382732576712987
191.45000000000002,4.906232222305961,-0.587892615019835
191.5,4.899111364770737,-0.6373801453610324
191.55,4.891707408954131,-0.6868289212636436
191.60000000000002,4.8839463707412225,-0.7362196305256228
191.65,4.87530101471044,-0.7854665372213679
191.70000000000002,4.866655658679652,-0.8347134439171411
191.75,4.857017373819412,-0.8837731382127318
191.8,4.8471360875638645,-0.9327870156551124
191.85000000000002,4.836861264112594,-0.9817163910749065
191.9,4.825750299634903,-1.030466226647694
191.95000000000002,4.814639335157205,-1.0792160622205094
192.0,4.802504298475932,-1.1277189043961273
192.05,4.790170685836657,-1.1761738525362841
192.10000000000002,4.777404535191607,-1.224512891847941
192.15,4.763856078061757,-1.272642293562478
192.20000000000002,4.750307620931898,-1.3207716952770419
192.25,4.735703183077459,-1.3685894520964432
192.3,4.720948453801414,-1.4163628543616336
192.35000000000002,4.705720122270556,-1.4639834347506695
192.4,4.689768456442731,-1.5113706097805897
192.45000000000002,4.6738167906148975,-1.5587577848105365
192.5,4.6567769614868295,-1.6057633550890738
192.55,4.639638452045287,-1.6527343194620003
192.60000000000002,4.621983752975232,-1.6995095483928582
192.65,4.6036692438161975,-1.7460345820227454
192.70000000000002,4.585354734657152,-1.792559615652659
192.75,4.565920149024411,-1.8386273803688598
192.8,4.546441228141532,-1.884677045310527
192.85000000000002,4.5264026020609585,-1.9304816119529156
192.9,4.505771594213855,-1.976026771028399
192.95000000000002,4.485128491923259,-2.021566267183073
193.0,4.463358450839759,-2.0665781024180587
193.05,4.441588409756247,-2.1115899376530702
193.10000000000002,4.419214865748834,-2.1563004639053007
193.15,4.3963195658660705,-2.2007504947633016
193.20000000000002,4.373354359488938,-2.2451633983922945
193.25,4.349348287238374,-2.2890234997954932
193.3,4.325342214987797,-2.3328836011987164
193.35000000000002,4.300689253210501,-2.376378991292631
193.4,4.275587597852433,-2.4196214114178205
193.45000000000002,4.250357592689939,-2.462787151906876
193.5,4.224176236703328,-2.505384529745199
193.55,4.197994880716702,-2.547981907583546
193.60000000000002,4.171124396034769,-2.5901436952449393
193.65,4.143879905068397,-2.6320690779144154
193.70000000000002,4.11644878518461,-2.6738698167504027
193.75,4.088158397575998,-2.715096676550207
193.8,4.05986800996737,-2.7563235363500342
193.85000000000002,4.030848176734039,-2.797036228480864
193.9,4.0015297926026845,-2.837538479676632
193.95000000000002,3.9719674996620196,-2.8778594540666305
194.0,3.9416396695839437,-2.917611469396085
194.05,3.911311839505851,-2.957363484725562
194.10000000000002,3.8802169775718305,-2.9965149005699394
194.15,3.8488988908424764,-3.0354915274585115
194.20000000000002,3.8172814841329235,-3.0742213890841956
194.25,3.7849929566259797,-3.1123979655602425
194.3,3.7527044291190177,-3.1505745420363107
194.35000000000002,3.719614851214686,-3.1880561467909434
194.4,3.686376312844376,-3.2254085170906195
194.45000000000002,3.652785810650028,-3.262439664953606
194.5,3.6186182924449155,-3.298944194805412
194.55,3.5844507742397838,-3.335448724657239
194.60000000000002,3.5494526149312424,-3.371155956489036
194.65,3.5143777357276202,-3.4067895480684705
194.70000000000002,3.4789019382726156,-3.442018454385483
194.75,3.4429418910360194,-3.47675856093022
194.8,3.406981843799403,-3.511498667474976
194.85000000000002,3.370166870277839,-3.545331256913905
194.9,3.3333444080612042,-3.579155896990377
194.95000000000002,3.2960767023058835,-3.6124834251037212
195.0,3.2584151238533665,-3.64537119651596
195.05,3.220695815417633,-3.6781911552799893
195.10000000000002,3.182218950423083,-3.7101212486120208
195.15,3.143742085428555,-3.7420513419440344
195.20000000000002,3.104781232057376,-3.7733830552226797
195.25,3.0655134260869374,-3.8043352670057873
195.3,3.0261276983848457,-3.835133943051543
195.35000000000002,2.9860937974729285,-3.865088688548305
195.4,2.946059896561034,-3.8950434340450504
195.45000000000002,2.905509799560121,-3.924289894764956
195.5,2.8647351344889924,-3.9532282203615656
195.55,2.8237884020892583,-3.9819175220468703
195.60000000000002,2.782298772361554,-4.009821117246397
195.65,2.7408091426338737,-4.037724712445908
195.70000000000002,2.698778601914118,-4.064801769654714
195.75,2.6566002594291276,-4.0916529786631965
195.8,2.6142027676292203,-4.118150193462285
195.85000000000002,2.5713624000725246,-4.143932026360834
195.9,2.5285220325158533,-4.169713859259368
195.95000000000002,2.485124480094788,-4.194542924650589
196.0,2.4416491940525353,-4.219239068145934
196.05,2.3979157493395045,-4.243467135482828
196.10000000000002,2.35383305314721,-4.267061963229996
196.15,2.3097503569549405,-4.290656790977152
196.20000000000002,2.265103577267134,-4.3131651018222374
196.25,2.2204413636046514,-4.3356436843123545
196.3,2.175491048380712,-4.357531455096986
196.35000000000002,2.13027757662363,-4.378879569104382
196.4,2.0850260614884326,-4.400144413742674
196.45000000000002,2.0392899398277744,-4.420348551324927
196.5,1.993553818167142,-4.440552688907167
196.55,1.9475096903872402,-4.460035170854946
196.60000000000002,1.9012798577281669,-4.479082547900481
196.65,1.8549683569223272,-4.497924407068833
196.70000000000002,1.8082740645736795,-4.515802971386491
196.75,1.7615797722250583,-4.5336815357041385
196.8,1.714568550647586,-4.550700123550869
196.85000000000002,1.6674393438137571,-4.567398562496347
196.9,1.6201956964771715,-4.5837606269569
196.95000000000002,1.5726613955639455,-4.599268374591301
197.0,1.5251270946507463,-4.614776122225693
197.05,1.4772788304552762,-4.629278811983975
197.10000000000002,1.4293695122015386,-4.643586055759875
197.15,1.3813247959542416,-4.65741819075383
197.20000000000002,1.3330707744014672,-4.670515877724665
197.25,1.2848167528487202,-4.683613564695493
197.3,1.2362644884253058,-4.695555151136253
197.35000000000002,1.1876962957369184,-4.707434993685068
197.4,1.1389844806686638,-4.718693931545473
197.45000000000002,1.090132847811279,-4.729348412629445
197.5,1.0412647934188866,-4.739922772389182
197.55,0.9921606307178377,-4.749345150296564
197.60000000000002,0.9430564680167888,-4.758767528203944
197.65,0.8938140589533178,-4.767417043106163
197.70000000000002,0.8444884365345715,-4.7756013557226575
197.75,0.7951277361173335,-4.783556440279043
197.8,0.7456118642483782,-4.790497508860888
197.85000000000002,0.696095992379423,-4.797438577442733
197.9,0.6464616603459509,-4.803449641573053
197.95000000000002,0.5967868696878854,-4.809143074024468
198.0,0.5470728953071845,-4.8144519340934435
198.05,0.4972706170907092,-4.818894127746302
198.10000000000002,0.4474683388742339,-4.823336321399161
198.15,0.3975825427209689,-4.826687241869441
198.20000000000002,0.3476842888586186,-4.8298753857634775
198.25,0.2977580872482662,-4.832518457909098
198.3,0.24779543039564772,-4.834450534571152
198.35000000000002,0.1978327735430292,-4.836382611233207
198.4,0.14783737273905345,-4.837059147119643
198.45000000000002,0.09784192631758891,-4.837733933840839
198.5,0.047845828060084306,-4.837699151365529
198.55,-0.0021507737460573356,-4.837116220975586
198.60000000000002,-0.052143393651047,-4.836369028384301
198.65,-0.10210951591111893,-4.8345287495224625
198.70000000000002,-0.15207563817121927,-4.832688470660623
198.75,-0.20199841691995635,-4.829971353801776
198.8,-0.2519024439735159,-4.826874890684203
198.85000000000002,-0.3017815264538678,-4.823444429696896
198.9,-0.3515918819150882,-4.819093741380683
198.95000000000002,-0.401402237376337,-4.8147430530644675
199.0,-0.45110799951561326,-4.809346778001653
199.05,-0.5007931662532481,-4.8037446171458775
199.10000000000002,-0.550414808658497,-4.797636324095081
199.15,-0.5999433487379148,-4.7907862352197546
199.20000000000002,-0.6494718888173605,-4.783936146344424
199.25,-0.698816866153021,-4.775871592579898
199.3,-0.7481574407285658,-4.767777909823826
199.35000000000002,-0.7973777961813194,-4.759004947789998
199.4,-0.846499185325614,-4.749672792169058
199.45000000000002,-0.8955902191701486,-4.740191136116473
199.5,-0.9444613416285162,-4.729626412283955
199.55,-0.9933324640869118,-4.719061688451431
199.60000000000002,-1.042008157486483,-4.707644965512358
199.65,-1.0905980903434216,-4.69585435802349
199.70000000000002,-1.1391039161747603,-4.683735226649296
199.75,-1.18738191442032,-4.670726195732288
199.8,-1.2356599126659071,-4.657717164815272
199.85000000000002,-1.2836484591677297,-4.64368532981448
199.9,-1.3315839751513765,-4.629466106650745
199.95000000000002,-1.3793623159669646,-4.614740468842678
200.0,-1.4269250187265234,-4.599320050359255
200.05,-1.4744877214861096,-4.583899631875824
200.10000000000002,-1.52164794623673,-4.567289047482588
200.15,-1.5688077406903176,-4.55067719066002
200.20000000000002,-1.6157177624012462,-4.533383728888977
200.25,-1.6624448083899166,-4.515590944588269
200.3,-1.7090995810992173,-4.497615306875089
200.35000000000002,-1.7553643122683582,-4.478652853187652
200.4,-1.8016290434374729,-4.459690399500226
200.45000000000002,-1.8475317753546023,-4.439875452383414
200.5,-1.8933049178620271,-4.4197553275082235
200.55,-1.9389128635114128,-4.399271856104856
200.60000000000002,-1.9841654545506109,-4.378006790757203
200.65,-2.0294180455897837,-4.356741725409561
200.70000000000002,-2.0741767992370965,-4.334459207225654
200.75,-2.1188802053633586,-4.31206265658255
200.8,-2.1633052741489687,-4.289127567518325
200.85000000000002,-2.2074312093974964,-4.265613702705331
200.9,-2.2515173858474204,-4.24202743592456
200.95000000000002,-2.2950379296312633,-4.217411135049746
201.0,-2.3385584734150817,-4.192794834174947
201.05,-2.381667448029697,-4.167471790172816
201.10000000000002,-2.4245550628067662,-4.141768628913254
201.15,-2.4672870645540175,-4.115813070436173
201.20000000000002,-2.509514613251612,-4.089039312183102
201.25,-2.5517421619491825,-4.062265553930048
201.3,-2.5934050684964567,-4.0346255300378955
201.35000000000002,-2.6349458316824617,-4.00679811560671
201.4,-2.6761946236692293,-3.9785464844775302
201.45000000000002,-2.7170223164590936,-3.949683021389099
201.5,-2.757850009248935,-3.920819558300685
201.55,-2.7979405222037648,-3.890940684689456
201.60000000000002,-2.8380293108924914,-3.861059436029613
201.65,-2.8776696392133765,-3.830592063035955
201.70000000000002,-2.9169941576220912,-3.7997119359001412
201.75,-2.9561791504432002,-3.7686586574028054
201.8,-2.9947145159698816,-3.7367991909332248
201.85000000000002,-3.0332498814965625,-3.7049397244636437
201.9,-3.071160669321133,-3.672343864475249
201.95000000000002,-3.1088824986854138,-3.639525217498064
202.0,-3.14630322621259,-3.6063691489510084
202.05,-3.1831876508846197,-3.572612087221428
202.10000000000002,-3.2200720755566494,-3.5388550254918485
202.15,-3.256136810088969,-3.504224647581908
202.20000000000002,-3.2921604913925737,-3.469550530645241
202.25,-3.3277018052728815,-3.4343877252940156
202.3,-3.3628419491534958,-3.3988184929709715
202.35000000000002,-3.39785483080716,-3.363126657903012
202.4,-3.432089202255158,-3.326684816407838
202.45000000000002,-3.466323573703175,-3.290242974912643
202.5,-3.49987539214002,-3.2531758994331774
202.55,-3.5331823292603852,-3.215884507133324
202.60000000000002,-3.5661740566184443,-3.1783186325362305
202.65,-3.598532484337658,-3.1402012853628167
202.70000000000002,-3.6308909120568904,-3.1020839381893808
202.75,-3.6623485817446766,-3.063221212084566
202.8,-3.6937380251465752,-3.0243020286023783
202.85000000000002,-3.7246055906948863,-2.9849726610968936
202.9,-3.755006187976481,-2.945276267244039
202.95000000000002,-3.785278915152905,-2.9054844742648687
203.0,-3.8146714301925506,-2.865035987771023
203.05,-3.844063945232213,-2.824587501277154
203.10000000000002,-3.872710236831186,-2.783610972624728
203.15,-3.901076071360678,-2.7424359871184287
203.20000000000002,-3.9290995564999007,-2.7010314491918206
203.25,-3.9564207618730625,-2.6591560180065144
203.3,-3.9837419672462393,-2.6172805868211837
203.35000000000002,-4.010076098215551,-2.574778705506302
203.4,-4.03633538676579,-2.532229325195491
203.45000000000002,-4.06202065302494,-2.4893355812332367
203.5,-4.087201409004542,-2.4461391748052237
203.55,-4.112233498197186,-2.4028585922772883
203.60000000000002,-4.136319788291533,-2.3590424921599533
203.65,-4.160406078385866,-2.3152263920426437
203.70000000000002,-4.183670796456958,-2.2709720272130354
203.75,-4.206647379866841,-2.226563957959724
203.8,-4.229235230641482,-2.181960918208172
203.85000000000002,-4.251087568727416,-2.136988978955126
203.9,-4.272939906813338,-2.092017039702105
203.95000000000002,-4.293708686665212,-2.0465353330483254
204.0,-4.3144229521472415,-2.001027979735501
204.05,-4.334493325285982,-1.9552372577348527
204.10000000000002,-4.354056410993619,-1.9092232851004858
204.15,-4.373424633678403,-1.863129344101494
204.20000000000002,-4.391824160844729,-1.8166378674626873
204.25,-4.410223688011046,-1.7701463908239072
204.3,-4.427710652143756,-1.723306967596174
204.35000000000002,-4.444934978238765,-1.6763674044263501
204.4,-4.461700915508841,-1.6292661489497904
204.45000000000002,-4.4777391416068815,-1.58190820026502
204.5,-4.4937773677049115,-1.5345502515802765
204.55,-4.508622546679566,-1.486804922601962
204.60000000000002,-4.523464524356293,-1.439058554167865
204.65,-4.5375721631983,-1.391094006007405
204.70000000000002,-4.551208500952752,-1.3429894293784896
204.75,-4.564575568949029,-1.2948121682191247
204.8,-4.5769976381467705,-1.2463798216225823
204.85000000000002,-4.589419707344511,-1.19794747502604
204.9,-4.600820896989154,-1.1492669318935966
204.95000000000002,-4.612020837322709,-1.1005374609696734
205.0,-4.6226678653571325,-1.0516882101215344
205.05,-4.6326385898202895,-1.002692448532585
205.10000000000002,-4.642528764394284,-0.9536813473427054
205.15,-4.6512639637670645,-0.9044502972633457
205.20000000000002,-4.659999163139849,-0.855219247183958
205.25,-4.66788860179808,-0.8058490801808411
205.3,-4.675382748639615,-0.7564138926812601
205.35000000000002,-4.682504796205071,-0.7069270754659164
205.4,-4.688753148351749,-0.6573190308012763
205.45000000000002,-4.695001500498431,-0.6077109861366079
205.5,-4.700104098446262,-0.5579732457835626
205.55,-4.705102702013065,-0.5082237336011978
205.60000000000002,-4.709429999123766,-0.45841528998451864
205.65,-4.713175691006749,-0.4085557894623928
205.70000000000002,-4.716725920022321,-0.35868407493630594
205.75,-4.719216329900802,-0.30874613486429303
205.8,-4.721706739779285,-0.25880819479225176
205.85000000000002,-4.723221157432237,-0.20883388103426484
205.9,-4.724454709269292,-0.15884909985175827
205.95000000000002,-4.725187393493126,-0.10885825992893708
206.0,-4.725163306533534,-0.05885826573077213
206.05,-4.725112943926657,-0.00885861469577867
206.10000000000002,-4.723831233191618,0.04112495478052845
206.15,-4.722549522456578,0.09110852425680717
206.20000000000002,-4.720457881551438,0.14106112744588892
206.25,-4.717919357829766,0.1909966448389519
206.3,-4.715043338794576,0.2409107464939644
206.35000000000002,-4.711249608130363,0.29076661483108523
206.4,-4.7074558774661535,0.3406224831681778
206.45000000000002,-4.702541853774828,0.3903789174010103
206.5,-4.697495316451914,0.4401235900911249
206.55,-4.6917983767071085,0.48979400451290744
206.60000000000002,-4.685502225730975,0.5393960053081058
206.65,-4.679022163869217,0.5889723073477745
206.70000000000002,-4.671480382947304,0.6384002502599233
206.75,-4.663938602025395,0.687828193172044
206.8,-4.655434271609052,0.7370968560620208
206.85000000000002,-4.646651632630736,0.7863194652226275
206.9,-4.637369083884249,0.8354463742123
206.95000000000002,-4.6273511439020965,0.8844325036625392
207.0,-4.617290723299213,0.9334093874681356
207.05,-4.606043821013418,0.982128040866753
207.10000000000002,-4.5947969187276225,1.0308466942653702
207.15,-4.5827370590806265,1.0793668711307614
207.20000000000002,-4.570268310828838,1.127787221367362
207.25,-4.5574389651514124,1.176109861783584
207.3,-4.543756260406535,1.2242012704847802
207.35000000000002,-4.530073555661656,1.2722926791859763
207.4,-4.515270356457047,1.3200500013780596
207.45000000000002,-4.500382352835784,1.367782038294312
207.5,-4.484820898053014,1.4152946888064921
207.55,-4.468737015838402,1.4626371510672056
207.60000000000002,-4.452418895478104,1.509896733983264
207.65,-4.4351493116594325,1.5568196652080721
207.70000000000002,-4.417879727840751,1.6037425964329068
207.75,-4.39963171306023,1.650291385435596
207.8,-4.3811873548941245,1.6967650946897745
207.85000000000002,-4.362197398955234,1.7430142850731267
207.9,-4.342589937052089,1.7890093656547976
207.95000000000002,-4.322860254647691,1.834950517777217
208.0,-4.302102095587572,1.880437865825144
208.05,-4.281343936527441,1.9259252138730967
208.10000000000002,-4.25973915039497,1.9710132623148995
208.15,-4.2378434288779765,2.015964095224295
208.20000000000002,-4.215517119451241,2.060698444657802
208.25,-4.192497689987037,2.105084319293109
208.3,-4.169452718114106,2.149456536736318
208.35000000000002,-4.145324146256006,2.1932493674291287
208.4,-4.1211955743979205,2.237042198121914
208.45000000000002,-4.096340911379599,2.280422985156227
208.5,-4.071118464508768,2.3235950614769947
208.55,-4.045566784852839,2.366569194112983
208.60000000000002,-4.019266422518258,2.409093198405515
208.65,-3.9929660601836923,2.451617202698023
208.70000000000002,-3.9656596141205243,2.4935013287710066
208.75,-3.9382979779411875,2.535350353438112
208.8,-3.910318876752691,2.5767844897900147
208.85000000000002,-3.881913279887944,2.6179320543201134
208.9,-3.8532657171211175,2.6589080480296454
208.95000000000002,-3.823834133316313,2.6993281157527633
209.0,-3.7944025495115246,2.7397481834758586
209.05,-3.764083360749139,2.7795047060627733
209.10000000000002,-3.7336444129630957,2.8191717006260038
209.15,-3.7026844366636276,2.858428363387299
209.20000000000002,-3.671257385285382,2.897317184938871
209.25,-3.639661484016702,2.9360660076454224
209.3,-3.607266214678867,2.9741520487173214
209.35000000000002,-3.5748709453410323,3.0122380897892205
209.4,-3.5416962815619493,3.0496441136646886
209.45000000000002,-3.508353292558444,3.086903274743727
209.5,-3.4745735942923464,3.123761622683804
209.55,-3.4403039836084384,3.160170327461297
209.60000000000002,-3.4059247846789837,3.196473251735873
209.65,-3.3707502366418622,3.2320084620262697
209.70000000000002,-3.3355756886047208,3.267543672316686
209.75,-3.2997198748365673,3.302387352074681
209.8,-3.263662646394806,3.337026582393784
209.85000000000002,-3.227241321109602,3.3712771424123638
209.9,-3.1903242277504824,3.4049984742056405
209.95000000000002,-3.153343592610727,3.4386484606724697
210.0,-3.115589993923835,3.4714305561849197
210.05,-3.077836395236922,3.5042126516973884
210.10000000000002,-3.039490079887984,3.5362945447869514
210.15,-3.0009238647847374,3.5681166605652725
210.20000000000002,-2.962055188041106,3.5995626758377166
210.25,-2.9227007596392265,3.6304046758565214
210.3,-2.883316581684209,3.6612077159001277
210.35000000000002,-2.843198841866784,3.691050084303844
210.4,-2.8030811020493815,3.720892452707543
210.45000000000002,-2.762450411926883,3.7500268271058745
210.5,-2.7215947455859575,3.7788506805581226
210.55,-2.6804883013765632,3.80730941091525
210.60000000000002,-2.638920560350766,3.8350965105482397
210.65,-2.597345865343896,3.8628729188223163
210.70000000000002,-2.5550923520609987,3.8896056817781592
210.75,-2.512838838778125,3.916338444733987
210.8,-2.47014442559954,3.9423545318866933
210.85000000000002,-2.4272318764335314,3.9680160424438773
210.9,-2.3841115767375034,3.9933200075886384
210.95000000000002,-2.340567145091235,4.017894027866255
211.0,-2.297022713444992,4.042468048143858
211.05,-2.252880322746354,4.065950655418181
211.10000000000002,-2.2087315618702292,4.089421635651298
211.15,-2.16420754358611,4.112164819420404
211.20000000000002,-2.119482389143732,4.134517907800025
211.25,-2.074585388755505,4.15651606409451
211.3,-2.0293121411473956,4.177737116165886
211.35000000000002,-1.9840388935392865,4.1989581682372625
211.4,-1.9382581833445502,4.219060181122733
211.45000000000002,-1.8924654898009576,4.239135768736141
211.5,-1.8463582908528542,4.258468701278882
211.55,-1.8000751273071365,4.277386121087132
211.60000000000002,-1.7536506382869252,4.295944962845227
211.65,-1.7069062910409432,4.313692244342547
211.70000000000002,-1.6601619437949346,4.331439525839877
211.75,-1.6129978365607784,4.348037862026074
211.8,-1.565821883753708,4.364603775123348
211.85000000000002,-1.5183889791888623,4.3804074108770665
211.9,-1.4708112720816595,4.395781473008454
211.95000000000002,-1.4231192829729458,4.410786049502893
212.0,-1.37516992705955,4.424958532259597
212.05,-1.3272205711461271,4.439131015016308
212.10000000000002,-1.2789379853763652,4.45212160221983
212.15,-1.2306473213343245,4.465083537506553
212.20000000000002,-1.1821558904814027,4.4772580767789005
212.25,-1.133554474973514,4.4890012624892766
212.3,-1.0848643807148077,4.50035610222607
212.35000000000002,-1.0359829670540832,4.510873107433381
212.4,-0.9871015533933863,4.5213901126406855
212.45000000000002,-0.9379739959056951,4.53068875464084
212.5,-0.8888435145959828,4.53997292430076
212.55,-0.8395690107682969,4.54843865835786
212.60000000000002,-0.7902205499324505,4.556484117520306
212.65,-0.7408096991501519,4.564114051747627
212.70000000000002,-0.6912744848588794,4.570915709274913
212.75,-0.6417379739715181,4.577706953717911
212.8,-0.5920473504845182,4.583260505507013
212.85000000000002,-0.5423567269975182,4.5888140572961165
212.9,-0.49258137042581474,4.5935121073033685
212.95000000000002,-0.4427667803583375,4.597814039010144
213.0,-0.392918947457361,4.601664916911715
213.05,-0.3430119118844006,4.604712506175407
213.10000000000002,-0.29310264995964336,4.607714143589679
213.15,-0.24313474847054617,4.609505461756275
213.20000000000002,-0.1931668469814206,4.611296779922872
213.25,-0.14317804887967986,4.61218972262235
213.3,-0.09318089959551894,4.612723635965723
213.35000000000002,-0.04318468976001465,4.612762924537875
213.4,0.00681007067311469,4.612039094977908
213.45000000000002,0.05680234852735721,4.611223526961725
213.5,0.10676308495719565,4.609242412278989
213.55,0.15672382138706248,4.607261297596252
213.60000000000002,0.20663509505604447,4.604333671197858
213.65,0.25653019384178716,4.601096524744688
213.70000000000002,0.3063829979716369,4.5973137869695355
213.75,0.3561808869881042,4.592822656877699
213.8,0.4059636506191845,4.588184510421954
213.85000000000002,0.4556328192347666,4.582442238307401
213.9,0.5053019878503204,4.576699966192852
213.95000000000002,0.5548429037258408,4.569958650611405
214.0,0.6043519227414204,4.562968869776942
214.05,0.6537680633436551,4.555376115377983
214.10000000000002,0.7030856048802855,4.547143248514952
214.15,0.7523652458680172,4.538699696721975
214.20000000000002,0.8014601031901861,4.5292289531124865
214.25,0.850554960512327,4.519758209503003
214.3,0.8994325465525627,4.5092326757861025
214.35000000000002,0.9482736538151306,4.498530048007473
214.4,0.9969601391834577,4.487161951804915
214.45000000000002,1.045516591089253,4.475234211938505
214.5,1.0940001761469582,4.4630251607851905
214.55,1.142241247502963,4.44987985613195
214.60000000000002,1.190482318858968,4.43673455147871
214.65,1.2384052241621286,4.422476976036935
214.70000000000002,1.2863003893215885,4.4081224243424515
214.75,1.3339662637623073,4.393036408009528
214.8,1.381485215940712,4.377481692201509
214.85000000000002,1.42888226635611,4.361569829343363
214.9,1.4759949368086147,4.344824791784977
214.95000000000002,1.5231076072611462,4.3280797542265805
215.0,1.5697878822805462,4.310164994293742
215.05,1.6164644593289783,4.292240230556316
215.10000000000002,1.6628225907991425,4.273516404410063
215.15,1.7090335386960358,4.254423256569306
215.20000000000002,1.7550578248106847,4.234893959030059
215.25,1.8007739024291074,4.214644508489759
215.3,1.8464525867694486,4.194313425713221
215.35000000000002,1.8916448661062122,4.172920485561187
215.4,1.9368371454429503,4.151527545409165
215.45000000000002,1.9816060197059648,4.129268507744438
215.5,2.0262459041866756,4.106745614645482
215.55,2.070617243564365,4.083706713126468
215.60000000000002,2.114676486139051,4.060068118757381
215.65,2.1586387243937115,4.036254055034794
215.70000000000002,2.2020894454109547,4.0115147170670395
215.75,2.245540166428173,3.9867753790992992
215.8,2.288445676207922,3.9611058714877183
215.85000000000002,2.3312603810568198,3.9352814441232438
215.9,2.373706428714937,3.9088628425928955
215.95000000000002,2.415858025223297,3.881969666659257
216.0,2.4578333250169906,3.8548076853816515
216.05,2.4992951405949397,3.8268627779926225
216.10000000000002,2.540756956172889,3.798917870603594
216.15,2.5815341735678072,3.7699842885238737
216.20000000000002,2.6222799720859142,3.741005332312117
216.25,2.66253799096547,3.711358482491552
216.3,2.702541989356723,3.681363814420139
216.35000000000002,2.7422698957455776,3.6510104123844704
216.4,2.781506780320644,3.620019012144385
216.45000000000002,2.820693642708037,3.588965893039414
216.5,2.8591385851736804,3.5569973710402323
216.55,2.897583527639345,3.525028849041032
216.60000000000002,2.9354021273691537,3.4923260803815266
216.65,2.9730308005393282,3.4594006653431237
216.70000000000002,3.0102626289933183,3.4260330662257323
216.75,3.0470512221833284,3.392171592378631
216.8,3.083685826113791,3.3581469841606166
216.85000000000002,3.1196110602076486,3.3233708780631437
216.9,3.155536294301486,3.2885947719656907
216.95000000000002,3.190677126274981,3.253028478710177
217.0,3.2257162684562717,3.2173597456909415
217.05,3.260216791002084,3.1811750507650265
217.10000000000002,3.2943476691394373,3.1446362609988845
217.15,3.328197998830092,3.107841942219626
217.20000000000002,3.3613990155075792,3.07045621644651
217.25,3.3945892828307263,3.0330611837054273
217.3,3.4268394290148336,2.994852178600545
217.35000000000002,3.459089575198941,2.956643173495663
217.4,3.4906386477752873,2.9178573724668286
217.45000000000002,3.521917516109507,2.8788492656718048
217.5,3.552767040838255,2.83950567160227
217.55,3.583054838556963,2.799723146426621
217.60000000000002,3.613195622368997,2.759831587907482
217.65,3.642473183822478,2.719299817710063
217.70000000000002,3.6717507452759754,2.678768047512621
217.75,3.700144864510011,2.6376148933586885
217.8,3.7283936632926897,2.5963595256190004
217.85000000000002,3.7560428781108355,2.5547045879443746
217.9,3.7832450387849184,2.512751728033994
217.95000000000002,3.810140920443063,2.470605705309245
218.0,3.836279229850454,2.427981899973241
218.05,3.862413398958711,2.3853556267854676
218.10000000000002,3.887471317113742,2.342087847344672
218.15,3.9125292352687593,2.2988200679039013
218.20000000000002,3.936797116466406,2.255107924384078
218.25,3.960758787022581,2.2112235496687527
218.3,3.9842331916529417,2.1670810209847935
218.35000000000002,4.007083451937297,2.122607820010067
218.4,4.0297568666934485,2.0780465497217255
218.45000000000002,4.051481257301734,2.0330126641165576
218.5,4.073205647910006,1.987978778511415
218.55,4.09393101208271,1.942478358769411
218.60000000000002,4.114515786029767,1.8969122849693825
218.65,4.134412318547441,1.8510456585301576
218.70000000000002,4.153844449966692,1.804976229745922
218.75,4.1729055836935744,1.7587557816344952
218.8,4.191172776080247,1.712212149607022
218.85000000000002,4.209392030478859,1.665650395592905
218.9,4.226482724471686,1.6186620121471849
218.95000000000002,4.243573418464523,1.5716736287014381
219.0,4.2597570895388435,1.5243682009079862
219.05,4.275660470235357,1.4769647993167159
219.10000000000002,4.29097951030977,1.4293735002174397
219.15,4.30568551411044,1.381585076386835
219.20000000000002,4.320134480547266,1.3337210797518886
219.25,4.333633801524364,1.2855778732409449
219.3,4.34713312250147,1.2374346667299736
219.35000000000002,4.359491454403419,1.1889869537076279
219.4,4.371775550190357,1.1405194285934237
219.45000000000002,4.383245474304905,1.0918564159851798
219.5,4.394306571502441,1.0430952415860297
219.55,4.404883751300005,0.9942306762523245
219.60000000000002,4.4147148503958995,0.9452067077209213
219.65,4.424395072592264,0.896154452022501
219.70000000000002,4.432989952391182,0.8468987108216706
219.75,4.441584832190095,0.7976429696208682
219.8,4.449122352424912,0.7482163995172402
219.85000000000002,4.456475573985894,0.6987600537901559
219.9,4.463103442421207,0.6492051699989762
219.95000000000002,4.4692103525001,0.5995795148467371
220.0,4.474925538572966,0.5499106485425883
220.05,4.479782272567716,0.5001470862212953
220.10000000000002,4.484581888325527,0.450378673798845
220.15,4.48818537272242,0.400508693848982
220.20000000000002,4.491788857119314,0.35063871389909074
220.25,4.49441463137443,0.3007104381775769
220.3,4.496762585693757,0.2507655974979302
220.35000000000002,4.4984659726743805,0.20079857596506517
220.4,4.499556910914283,0.15081047884430163
220.45000000000002,4.500336272055966,0.10081950187121488
220.5,4.500169503633558,0.05081977998907347
220.55,4.50000273521115,0.0008200581069036372
220.60000000000002,4.498522712600399,-0.0491561468343346
220.65,4.495671242424674,-0.09907274184799456
220.70000000000002,4.491446373528535,-0.14889224382533542
220.75,4.485806113332606,-0.19857132491968812
220.8,4.478810137922514,-0.2480774250875536
220.85000000000002,4.4704520631024955,-0.29737219766944184
220.9,4.46069674386058,-0.34640948810002653
220.95000000000002,4.449604805858153,-0.3951615841297371
221.0,4.437171563647862,-0.4435893267012474
221.05,4.423368877299917,-0.4916445706712993
221.10000000000002,4.408257940041431,-0.539304385039434
221.15,4.391835866714463,-0.5865288176312051
221.20000000000002,4.374081588648481,-0.6332685736775769
221.25,4.355056502143751,-0.6795054078332532
221.3,4.334759632197091,-0.7251986062284395
221.35000000000002,4.313176956677064,-0.7702985608638728
221.4,4.290369730092127,-0.8147915898448258
221.45000000000002,4.266339004395054,-0.8586362626640619
221.5,4.241077689738838,-0.9017834806819686
221.55,4.214646575430075,-0.944223979221287
221.60000000000002,4.187048862537086,-0.9859156711738938
221.65,4.158284191975475,-1.0268107670018636
221.70000000000002,4.128412587430672,-1.066904251679325
221.75,4.097439524854479,-1.1061534576812957
221.8,4.0653710902819595,-1.144512672716855
221.85000000000002,4.032266265587245,-1.1819809452913133
221.9,3.998132929077831,-1.2185151207700573
221.95000000000002,3.962983246134201,-1.2540722922849545
222.0,3.9268749057966175,-1.2886553700295331
222.05,3.889818315866955,-1.3222208234557522
222.10000000000002,3.851831279959245,-1.3547292314073855
222.15,3.8129699690637873,-1.38618715105375
222.20000000000002,3.773247445132724,-1.416550805558983
222.25,3.73268663911081,-1.4457848844944305
222.3,3.6913420048711942,-1.4738993672689502
222.35000000000002,3.649229378452107,-1.5008503791163448
222.4,3.6063762436803444,-1.5266072832909516
222.45000000000002,3.5628351644458904,-1.551183249489721
222.5,3.5186248637888,-1.574534472159306
222.55,3.4737767473042527,-1.5966354830099034
222.60000000000002,3.4283413420048854,-1.6175024056035383
222.65,3.382340361491913,-1.6370916893256773
222.70000000000002,3.335808452799229,-1.655383455532644
222.75,3.2887939846405723,-1.6723965434084367
222.8,3.241321753035343,-1.6880878611214576
222.85000000000002,3.1934289248540453,-1.702443462655384
222.9,3.145161613807862,-1.715484665286799
222.95000000000002,3.096547776161462,-1.7271690572003302
223.0,3.047626344108253,-1.737488885970178
223.05,2.9984411033768406,-1.7464677125424548
223.10000000000002,2.9490232319924528,-1.7540640427475263
223.15,2.8994126487430947,-1.7602764937399467
223.20000000000002,2.84965076090337,-1.765130641048186
223.25,2.7997720112547526,-1.7685861609201594
223.3,2.7498165111852186,-1.7706481290343896
223.35000000000002,2.69982326013677,-1.771343913797298
223.4,2.6498299880174176,-1.7706346282794625
223.45000000000002,2.599876198667228,-1.7685318074105605
223.5,2.5499984738156787,-1.7650644000000413
223.55,2.500237830265292,-1.7601952342243912
223.60000000000002,2.45063236719612,-1.7539422165196308
223.65,2.4012162564952653,-1.7463356744843992
223.70000000000002,2.352033777204025,-1.737340439572624
223.75,2.303120838942304,-1.726980614172396
223.8,2.2545092274963543,-1.7152877153229236
223.85000000000002,2.2062464334258545,-1.70222887360505
223.9,2.158365413176965,-1.687834125570915
223.95000000000002,2.110895604065222,-1.6721360017837996
224.0,2.0638876299474487,-1.655104233064806
224.05,2.0173707606532463,-1.6367744445838346
224.10000000000002,1.971372134485361,-1.6171800188663579
224.15,1.9259454016669653,-1.5962935907525118
224.20000000000002,1.8811154507466274,-1.5741559480789291
224.25,1.8369071801882801,-1.5508011787997826
224.3,1.7933771299800116,-1.52620512545718
224.35000000000002,1.750545159749448,-1.5004132364001888
224.4,1.708433994876332,-1.4734601739302107
224.45000000000002,1.6671028981469378,-1.4453252889781139
224.5,1.6265661074566977,-1.4160581170594868
224.55,1.5868442473037625,-1.3856937793680668
224.60000000000002,1.5479991055282571,-1.3542154299002236
224.65,1.510038767595782,-1.3216760525770874
224.70000000000002,1.4729818326702349,-1.2881111275859563
224.75,1.4368923850077544,-1.25350789755536
224.8,1.4017718957528693,-1.21792209712462
224.85000000000002,1.3676370155789228,-1.1813894808227436
224.9,1.3345538658186413,-1.143901653209902
224.95000000000002,1.3025169162440526,-1.1055163501715002
225.0,1.2715409452095765,-1.066269530634673
225.05,1.241693821591254,-1.026157418939256
225.10000000000002,1.2129627068891675,-0.9852389586885243
225.15,1.1853605807737406,-0.943550257216113
225.20000000000002,1.158956740766474,-0.9010923978578822
225.25,1.133730817884033,-0.85792470259526
225.3,1.1096940624721612,-0.8140833841683696
225.35000000000002,1.0869168535883675,-0.7695746023490818
225.4,1.065371157954136,-0.7244572010302505
225.45000000000002,1.0450665600818347,-0.6787674672020206
225.5,1.026074146720261,-0.6325168296590166
225.55,1.0083581777299486,-0.5857627796552015
225.60000000000002,0.9919266279858963,-0.5385416577996591
225.65,0.9768508931442315,-0.49087032666681835
225.70000000000002,0.9630875768326419,-0.4428040415560309
225.75,0.9506430919442529,-0.39437918512146125
225.8,0.9395887214279154,-0.3456181878003832
225.85000000000002,0.9298735575247303,-0.2965731863616767
225.9,0.9215024892124863,-0.24728060139147898
225.95000000000002,0.914546244698713,-0.197768531918605
226.0,0.9089466439864906,-0.14808512394855783
226.05,0.9047079342041228,-0.09826677729116735
226.10000000000002,0.9018972657812766,-0.04834750551574976
226.15,0.9004520823534259,0.001629569475768462
226.20000000000002,0.8629811013345074,0.014026693259291487
226.25,0.8129826838015768,0.01362889406243486
226.3,0.7629842662686178,0.013231094865578004
226.35000000000002,0.7129858487356588,0.01283329566872115
226.4,0.6629874312027282,0.01243549647186452
226.45000000000002,0.6129890136697692,0.012037697275007666
226.5,0.5629905961368387,0.011639898078151037
226.55,0.5129921786038796,0.011242098881294182
226.60000000000002,0.46299376107092055,0.010844299684437328
226.65,0.41299534353799,0.010446500487580699
226.70000000000002,0.362996926005031,0.010048701290723844
226.75,0.3129985084721004,0.009650902093867215
226.8,0.26300009093914134,0.009253102897010361
226.85000000000002,0.21300167340618237,0.008855303700153505
226.9,0.1630032558732517,0.008457504503296876
226.95000000000002,0.11300483834029273,0.008059705306440021
227.0,0.06300642080736218,0.007661906109583392
227.05,0.013008003274403102,0.007264106912726538
227.10000000000002,-0.03699041425855587,0.006866307715869682
227.15,-0.08698883179148653,0.006468508519013054
227.20000000000002,-0.1369872493244455,0.0060707093221562
227.25,-0.18698566685737616,0.005672910125299571
227.3,-0.23698408439033503,0.005275110928442715
227.35000000000002,-0.2869825019232941,0.00487731173158586
227.4,-0.33698091945622477,0.004479512534729231
227.45000000000002,-0.38697933698918385,0.004081713337872377
227.5,-0.4369777545221143,0.0036839141410157476
227.55,-0.4869761720550734,0.003286114944158893
227.60000000000002,-0.5369745895880325,0.0028883157473020386
227.65,-0.5869730071209629,0.0024905165504454096
227.70000000000002,-0.636971424653922,0.002092717353588555
227.75,-0.6869698421868526,0.0016949181567319262
227.8,-0.7369682597198115,0.00129711895987507
227.85000000000002,-0.7869666772527706,0.0008993197630182154
227.9,-0.8369650947857012,0.0005015205661615865
227.95000000000002,-0.8869635123186603,0.00010372136930473196
228.0,-0.9369619298515908,-0.00029407782755189703
228.05,-0.9869603473845499,-0.0006918770244087515
228.10000000000002,-1.036958764917509,-0.001089676221265606
228.15,-1.0869571824504394,-0.0014874754181222367
228.20000000000002,-1.1369555999833985,-0.0018852746149790912
228.25,-1.186954017516329,-0.0022830738118357202
228.3,-1.2369524350492882,-0.0026808730086925747
228.35000000000002,-1.286950852582247,-0.0030786722055494292
228.4,-1.3369492701151775,-0.003476471402406058
228.45000000000002,-1.3869476876481368,-0.0038742705992629127
228.5,-1.4369461051810672,-0.004272069796119542
228.55,-1.486944522714026,-0.004669868992976396
228.60000000000002,-1.5369429402469854,-0.005067668189833251
228.65,-1.5869413577799159,-0.00546546738668988
228.70000000000002,-1.6369397753128752,-0.005863266583546734
228.75,-1.6869381928458056,-0.006261065780403363
228.8,-1.7369366103787645,-0.006658864977260218
228.85000000000002,-1.7869350279117238,-0.007056664174117072
228.9,-1.8369334454446542,-0.007454463370973701
228.95000000000002,-1.886931862977613,-0.007852262567830556
229.0,-1.936930280510544,-0.008250061764687185
229.05,-1.9869286980435028,-0.008647860961544043
229.10000000000002,-2.0369271155764617,-0.009045660158400897
229.15,-2.0869255331093925,-0.009443459355257526
229.20000000000002,-2.101048289178044,0.02717484133330297
229.25,-2.1040166728101055,0.07708308661906438
229.3,-2.1090613950302672,0.126824358050213
229.35000000000002,-2.1161736980753534,0.17631231130136038
229.4,-2.1253412351408816,0.22546104180606666
229.45000000000002,-2.1365480918147894,0.2741852338753293
229.5,-2.149774813703957,0.322400308793529
229.55,-2.1649984402057205,0.37002257163545516
229.60000000000002,-2.182192544365561,0.41696935654872774
229.65,-2.201327278751944,0.46315917025011677
229.70000000000002,-2.2223694272686316,0.5085118334863883
229.75,-2.2452824628143913,0.5529486202138681
229.8,-2.270026610690296,0.5963923942557792
229.85000000000002,-2.296558917644191,0.6387677431993588
229.9,-2.3248333264327834,0.6800011093009761
229.95000000000002,-2.3548007557718202,0.720020917171749
230.0,-2.386409185535378,0.7587576980217952
230.05,-2.4196037470567937,0.7961442102480305
230.10000000000002,-2.4543268183739713,0.8321155561555014
230.15,-2.49051812425417,0.8666092946102129
230.20000000000002,-2.5281148408244736,0.8995655494276582
230.25,-2.567051704626104,0.9309271133087325
230.3,-2.6072611259037894,0.9606395471430875
230.35000000000002,-2.648673305932902,0.9886512745069909
230.4,-2.691216358181235,1.01491367119212
230.45000000000002,-2.734816433094892,1.0393811496096788
230.5,-2.7793978462914293,1.0620112379232
230.55,-2.8248832099383296,1.082764653773032
230.60000000000002,-2.8711935670880124,1.1016053724641106
230.65,-2.9182485287368216,1.1185006894990037
230.70000000000002,-2.9659664133698254,1.1334212773475176
230.75,-3.0142643887489315,1.1463412363542587
230.8,-3.063058615698855,1.157238139696005
230.85000000000002,-3.1122643936405416,1.1660930723105911
230.9,-3.161796307620102,1.1728906637299417
230.95000000000002,-3.2115683765777625,1.1776191147601571
231.0,-3.261494202599173,1.1802702179623286
231.05,-3.311487120890703,1.1808393718986143
231.10000000000002,-3.3614603502175378,1.1793255891187626
231.15,-3.4113271435441437,1.1757314978732805
231.20000000000002,-3.461000938615333,1.1700633375502338
231.25,-3.5103955082162503,1.162330947843648
231.3,-3.559425109851171,1.1525477516722407
231.35000000000002,-3.608004634580427,1.1407307318782405
231.4,-3.6560497547578215,1.1269004017466437
231.45000000000002,-3.703477070411785,1.1110807693961076
231.5,-3.750204254015918,1.0932992961033952
231.55,-3.7961501933982844,1.0735868486335018
231.60000000000002,-3.8412351325405925,1.0519776456584853
231.65,-3.8853808100235163,1.0285091983577712
231.70000000000002,-3.9285105948775714,1.0032222453031197
231.75,-3.9705496196034695,0.9761606817414527
231.8,-4.011424910131692,0.9473714833979328
231.85000000000002,-4.051065512494934,0.9169046249320052
231.9,-4.089402615994155,0.8848129931875766
231.95000000000002,-4.126369672644182,0.8511522953880534
232.0,-4.161902512691317,0.8159809624358003
232.05,-4.19593945600297,0.7793600474834151
232.10000000000002,-4.228421419135324,0.7413531199534494
232.15,-4.2592920178936975,0.7020261551900662
232.20000000000002,-4.2884976652073625,0.6614474199343621
232.25,-4.315987664148754,0.6196873538223906
232.3,-4.341714295936031,0.5768184471110295
232.35000000000002,-4.36563290276575,0.5329151148446195
232.4,-4.387701965332237,0.48805356768024016
232.45000000000002,-4.407883174898954,0.4423116795960534
232.5,-4.426141499796627,0.39576885271264556
232.55,-4.442445246233016,0.3485058794613551
232.60000000000002,-4.456766113308428,0.30060480233963155
232.65,-4.469079242141729,0.2521487714962155
232.70000000000002,-4.479363259021492,0.20322190039360274
232.75,-4.487600312507287,0.15390911979863345
232.8,-4.493776104416913,0.10429603035395463
232.85000000000002,-4.497879914645562,0.05446875398711727
232.9,-4.499904619774016,0.0045137844145288
232.95000000000002,-4.5001517099275015,-0.045484954959052214
233.0,-4.500318478349909,-0.09548467684119362
233.05,-4.499673310854309,-0.14547689414253884
233.10000000000002,-4.498582372614407,-0.1954649912633308
233.15,-4.49701310559668,-0.24543662813273817
233.20000000000002,-4.494665151277353,-0.2953814688123849
233.25,-4.492173338433052,-0.3453177319562249
233.3,-4.488569854036158,-0.39518771190611623
233.35000000000002,-4.484966369639264,-0.4450576918560075
233.4,-4.480300471971713,-0.4948374587301606
233.45000000000002,-4.4754437379769625,-0.5446010210514537
233.5,-4.469861942059372,-0.5942846016497944
233.55,-4.4637550319804795,-0.6439102568020334
233.60000000000002,-4.457260141358629,-0.693483205416907
233.65,-4.449906919797653,-0.7429395511439632
233.70000000000002,-4.442501880888673,-0.7923875251676032
233.75,-4.43390700108976,-0.8416432663684057
233.8,-4.425312121290842,-0.890899007569236
233.85000000000002,-4.415763800101114,-0.939975992738001
233.9,-4.405932701005225,-0.9889999612693765
233.95000000000002,-4.395486758430841,-1.0378925659733333
234.0,-4.384425661233305,-1.0866537403724834
234.05,-4.373086227514318,-1.135348084506112
234.10000000000002,-4.360802131727374,-1.1838156096203438
234.15,-4.348518035940437,-1.2322831347345482
234.20000000000002,-4.335074139844778,-1.2804411330061596
234.25,-4.32157481886768,-1.3285843395171035
234.3,-4.307254601981615,-1.3764861904330745
234.35000000000002,-4.292548598180937,-1.4242746142637066
234.4,-4.277357314741845,-1.4719069941170546
234.45000000000002,-4.261453934045332,-1.519310395708325
234.5,-4.245396945849501,-1.5666601047318978
234.55,-4.228306251856664,-1.6136484881776445
234.60000000000002,-4.211215557863827,-1.6606368716233915
234.65,-4.193121832425047,-1.7072460793214028
234.70000000000002,-4.174854640038373,-1.753789711348876
234.75,-4.155917801921056,-1.8000607555683634
234.8,-4.136485670501806,-1.8461301843525988
234.85000000000002,-4.116712121592359,-1.8920505173059592
234.9,-4.0961273476453135,-1.9376165911059617
234.95000000000002,-4.075523577258736,-1.9831737937818652
235.0,-4.053799186650464,-2.0282076793870076
235.05,-4.0320747960421786,-2.073241564992176
235.10000000000002,-4.009521508308773,-2.11786265870131
235.15,-3.98667124802443,-2.1623358596760114
235.20000000000002,-3.9633154276404134,-2.206541214410769
235.25,-3.9393537570842385,-2.2504255891260936
235.3,-3.915202842319789,-2.29420352156994
235.35000000000002,-3.8901449241647574,-2.3374713010107357
235.4,-3.86508700600974,-2.3807390804515065
235.45000000000002,-3.8390681115085896,-2.4234340638049265
235.5,-3.812929802101199,-2.4660578691409305
235.55,-3.7861474302817517,-2.5082754797928852
235.60000000000002,-3.7589452696076533,-2.5502283397032897
235.65,-3.73140772803427,-2.5919576977656558
235.70000000000002,-3.7031589292515914,-2.633213065505344
235.75,-3.6748745760050383,-2.6744434254143234
235.8,-3.6455970145515404,-2.7149751956117654
235.85000000000002,-3.6163194530980425,-2.755506965809207
235.9,-3.586286458559865,-2.7954784665949086
235.95000000000002,-3.5559986608411553,-2.8352609917705593
236.0,-3.5252548804671187,-2.874687214030915
236.05,-3.4939760121328995,-2.9136953208259375
236.10000000000002,-3.462530572080671,-2.952566383683011
236.15,-3.4302804258965818,-2.9907753887878714
236.20000000000002,-3.3980302797124744,-3.028984393892754
236.25,-3.364941467507825,-3.0664672681461584
236.3,-3.331740450830337,-3.1038529939192747
236.35000000000002,-3.2979893346553353,-3.140737678309376
236.4,-3.2638584565180015,-3.1772764680754975
236.45000000000002,-3.2294548431063435,-3.2135539955279966
236.5,-3.1944157009250533,-3.249222728547232
236.55,-3.1593694123837213,-3.2848842625014045
236.60000000000002,-3.123444178289864,-3.319660368598877
236.65,-3.0875189441960265,-3.3544364746963304
236.70000000000002,-3.0509764581722796,-3.388558671517616
236.75,-3.0141878649822695,-3.422420145364718
236.8,-2.977045670620964,-3.4558876192368926
236.85000000000002,-2.9394169974507682,-3.4888130342753136
236.9,-2.901685491282801,-3.5216179006414383
236.95000000000002,-2.863240548817136,-3.553586422640638
237.0,-2.8247956063514925,-3.5855549446398203
237.05,-2.785693241885861,-3.616712319797057
237.10000000000002,-2.746456357310772,-3.6477037200371596
237.15,-2.7068102997369587,-3.678163470498794
237.20000000000002,-2.6668063013457064,-3.708158138570207
237.25,-2.6266274303840795,-3.7379133618946274
237.3,-2.5858816318659725,-3.7668923181063843
237.35000000000002,-2.5451358333478655,-3.795871274318141
237.4,-2.5037189958327075,-3.8238811375796633
237.45000000000002,-2.4622571802547584,-3.851826044968692
237.5,-2.4203554780818965,-3.879100242936348
237.55,-2.378203881573537,-3.9059934188699867
237.60000000000002,-2.3358285856483954,-3.93252605276699
237.65,-2.2930138807995206,-3.9583504801314504
237.70000000000002,-2.2501762320967256,-3.984135763628488
237.75,-2.2067255110795085,-4.008875101596228
237.8,-2.1632747900622666,-4.033614439563982
237.85000000000002,-2.1193774792894504,-4.057545949429895
237.9,-2.0753182367147893,-4.081184543798969
237.95000000000002,-2.031008850141181,-4.104342487401374
238.0,-1.9863689656604706,-4.1268653805003295
238.05,-1.9416590303233832,-4.14924498086095
238.10000000000002,-1.8964667509866193,-4.170637921012985
238.15,-1.8512744716498812,-4.192030861165008
238.20000000000002,-1.805651675064084,-4.212483950960235
238.25,-1.7599355974456614,-4.232733401500536
238.3,-1.7139641125516758,-4.25238607317771
238.35000000000002,-1.667753164654756,-4.271479221018477
238.4,-1.6214447144620057,-4.290327710353325
238.45000000000002,-1.5747681374135656,-4.308252474090754
238.5,-1.528091560365152,-4.326177237828172
238.55,-1.4810217218405866,-4.343038144937115
238.60000000000002,-1.4339090513880481,-4.359783182495513
238.65,-1.3865553500522079,-4.3758220492254445
238.70000000000002,-1.3390363978738065,-4.391376765033462
238.75,-1.2914106642649266,-4.406590835389726
238.8,-1.2435154991054669,-4.42094538708421
238.85000000000002,-1.195620333946007,-4.4352999387786936
238.9,-1.1473884296322994,-4.4484772903245595
238.95000000000002,-1.0991473582762943,-4.4616225949778
239.0,-1.0506974234067834,-4.473961556755732
239.05,-1.0021409715009881,-4.485889296622142
239.10000000000002,-0.9534848580320202,-4.497388108724403
239.15,-0.9046437507694883,-4.508090736503023
239.20000000000002,-0.8557932391232447,-4.5187477086810235
239.25,-0.8066983818010952,-4.528218452290508
239.3,-0.7576035244789179,-4.537689195899998
239.35000000000002,-0.7083476432497379,-4.5462648255446645
239.4,-0.6590301017131356,-4.554497692407691
239.45000000000002,-0.6096343912014908,-4.562223080473598
239.5,-0.5601253721859112,-4.569212861308062
239.55,-0.5106015438073274,-4.576087282444771
239.60000000000002,-0.4609323751917453,-4.581829554559324
239.65,-0.41126320657619136,-4.587571826673873
239.70000000000002,-0.3614941770378383,-4.5923434663477325
239.75,-0.311696288021371,-4.596834596439569
239.8,-0.26185385589141985,-4.6007511306249995
239.85000000000002,-0.2119587571056488,-4.603988277078171
239.9,-0.16205448678258175,-4.60704991841655
239.95000000000002,-0.11209375035270641,-4.609031033099288
240.0,-0.062133013922859484,-4.611012147782024
240.05,-0.012144366330889583,-4.611961864467244
240.10000000000002,0.03785039410227567,-4.612685694027212
240.15,0.08784634905429317,-4.6127806029679554
240.20000000000002,0.13784349833845033,-4.612246689624582
240.25,0.18783541709492668,-4.611487908365833
240.3,0.23780331858405226,-4.609696590199236
240.35000000000002,0.28777122007317785,-4.607905272032639
240.4,0.33768697621429045,-4.605037675093811
240.45000000000002,0.38759401178725084,-4.601990085830121
240.5,0.4374517083550237,-4.598273042622216
240.55,0.48726629842250097,-4.59397111091544
240.60000000000002,0.5370548818681334,-4.5894066051338696
240.65,0.5867455053551052,-4.58385305334477
240.70000000000002,0.6364361288421051,-4.578299501555668
240.75,0.6859892214390448,-4.571641426368046
240.8,0.7355244357303174,-4.56483976884076
240.85000000000002,0.7849552125636486,-4.557342544633526
240.9,0.834303673399467,-4.549297085471085
240.95000000000002,0.8836014350091587,-4.540963518224481
241.0,0.9327319163188711,-4.531679348564561
241.05,0.9818623976286114,-4.522395178904635
241.10000000000002,1.0307674622616678,-4.511995241327488
241.15,1.0796488759223648,-4.5014782361201835
241.20000000000002,1.128368845170325,-4.490254226279893
241.25,1.176970260678214,-4.478511040569518
241.3,1.225494847809525,-4.466466538335386
241.35000000000002,1.273785511851593,-4.453504603048655
241.4,1.3220761758936337,-4.440542667761932
241.45000000000002,1.3700538701202616,-4.426470694985731
241.5,1.4180032260336535,-4.412298212229029
241.55,1.4657348689900047,-4.397421840762184
241.60000000000002,1.5133125760972304,-4.382047778630788
241.65,1.5607883466784092,-4.366371309911726
241.70000000000002,1.607964299485476,-4.349805396814452
241.75,1.6551402522925158,-4.333239483717188
241.8,1.7019188050247938,-4.315585827706259
241.85000000000002,1.7486631522708023,-4.297838546208928
241.9,1.7951368482516485,-4.279404554808299
241.95000000000002,1.8414200117973663,-4.260487135000049
242.0,1.887579542469433,-4.241277775596583
242.05,1.9333722360130259,-4.221202187983175
242.10000000000002,1.9791649295566185,-4.201126600369767
242.15,2.024481617187723,-4.180001340755374
242.20000000000002,2.069754864795832,-4.158780288683998
242.25,2.114710345132132,-4.1369029173740035
242.3,2.15943549957451,-4.114549828994384
242.35000000000002,2.2040210173772237,-4.091925921037535
242.4,2.248169778253323,-4.068454940804432
242.45000000000002,2.2923185391294476,-4.044983960571315
242.5,2.3359210807709023,-4.020516004419916
242.55,2.37946551241717,-3.9959419841422985
242.60000000000002,2.4226532321376713,-3.970754051050201
242.65,2.465565781303655,-3.9450925404930315
242.70000000000002,2.5083305116958674,-3.9191907528582957
242.75,2.550584024978741,-3.8924579899024683
242.8,2.592837538261638,-3.8657252269466253
242.85000000000002,2.6344854031755705,-3.838061313332174
242.9,2.6760531442013438,-3.8102742136992
242.95000000000002,2.717235564710388,-3.7819261019618704
243.0,2.75809123105132,-3.753102248509618
243.05,2.798800655789532,-3.724076546696886
243.10000000000002,2.8389183956069535,-3.6942341782931725
243.15,2.8790361354243523,-3.6643918098894757
243.20000000000002,2.9185017564892877,-3.6336954276343616
243.25,2.957856184891164,-3.6028534276155595
243.3,2.996808961703279,-3.571511987846526
243.35000000000002,3.0353751768065473,-3.5396898720681866
243.4,3.073808195965696,-3.5077104060266557
243.45000000000002,3.1115617946526095,-3.474928310514187
243.5,3.1493153933395015,-3.442146215001737
243.55,3.186385281166918,-3.4085964423167336
243.60000000000002,3.223302374526059,-3.3748751105234374
243.65,3.259815444899234,-3.3407224876102477
243.70000000000002,3.295872673340995,-3.3060832572911445
243.75,3.3318226665433293,-3.271335175992449
243.8,3.3669972145804707,-3.2357999657020327
243.85000000000002,3.4021717626176122,-3.200264755411616
243.9,3.436647515732966,-3.1640550304605353
243.95000000000002,3.4709171264168717,-3.1276463256830453
244.0,3.504795692523583,-3.0908787189589932
244.05,3.538138681527085,-3.053619557879958
244.10000000000002,3.571414464240522,-3.0163017596968693
244.15,3.6038097335783355,-2.9782157186249947
244.20000000000002,3.636205002916167,-2.9401296775530983
244.25,3.667904210227578,-2.9014665091909193
244.3,3.6993312616058236,-2.862577687639347
244.35000000000002,3.7303966656872545,-2.823404053677071
244.4,3.7608356134732808,-2.783737059113863
244.45000000000002,3.791262285045153,-2.7440608872447436
244.5,3.820693868849946,-2.7036408195216426
244.55,3.850125452654756,-2.6632207517985185
244.60000000000002,3.8788824852466726,-2.6223223798842246
244.65,3.9072880821114016,-2.5811748153541525
244.70000000000002,3.9353785708713707,-2.539815522760493
244.75,3.9627402070507047,-2.497966498093391
244.8,3.9901018432300543,-2.4561174734262647
244.85000000000002,4.0164602502837194,-2.4136303860924775
244.9,4.0427606126182845,-2.3711063817999696
244.95000000000002,4.068427302721867,-2.328201396566156
245.0,4.093649749592698,-2.285029320245388
245.05,4.1186211258961745,-2.2417147658987124
245.10000000000002,4.142749697754274,-2.1979219352059016
245.15,4.16687826961236,-2.1541291045131157
245.20000000000002,4.190041583755648,-2.1098201631352405
245.25,4.2130610132198525,-2.0654342884999335
245.3,4.2355072190191585,-2.020760218472552
245.35000000000002,4.257402940536164,-1.9758093855631316
245.4,4.279129101277114,-1.9307785817275702
245.45000000000002,4.299887260337243,-1.8852912336796213
245.5,4.320645419397361,-1.8398038856316983
245.55,4.340497877844584,-1.7939169070951972
245.60000000000002,4.3601053397477445,-1.7479218265134926
245.65,4.379219395475491,-1.7017237044186653
245.70000000000002,4.397663753641595,-1.6552499951644906
245.75,4.416037113431194,-1.608749136840674
245.8,4.433306697249876,-1.5618262056158394
245.85000000000002,4.450576281068557,-1.5149032743910047
245.9,4.467020912344454,-1.4676884542173807
245.95000000000002,4.4831047945590665,-1.4203459919566674
246.0,4.498793846112627,-1.3728749079281648
246.05,4.5136818497338895,-1.3251428710119166
246.10000000000002,4.528569853355153,-1.2774108340956687
246.15,4.5422963555709925,-1.2293324840437951
246.20000000000002,4.555979060315869,-1.1812410753426021
246.25,4.5689379316234575,-1.1329535320323372
246.3,4.5814066798752435,-1.0845331817957404
246.35000000000002,4.59359690693624,-1.0360448330108691
246.4,4.604843809222029,-0.9873261796122795
246.45000000000002,4.616090711507824,-0.9386075262136622
246.5,4.626282258817249,-0.889659181325512
246.55,4.636300198799403,-0.8406730518752727
246.60000000000002,4.645714550573328,-0.7915713745834794
246.65,4.654497189551639,-0.7423487654229006
246.70000000000002,4.663133915916776,-0.6931020110475317
246.75,4.6706756968386856,-0.643674068135411
246.8,4.678217477760598,-0.5942461252232621
246.85000000000002,4.684830444717884,-0.5446883946538899
246.9,4.691126595694014,-0.49508639385871966
246.95000000000002,4.696956865584351,-0.4454312021135374
247.0,4.702003402907264,-0.3956865294234271
247.05,4.70704994023018,-0.34594185673328853
247.10000000000002,4.710844828092739,-0.29608609110588907
247.15,4.714638558756949,-0.24623022276879988
247.20000000000002,4.71764850472539,-0.19632461943661036
247.25,4.720187028447061,-0.14638910204355168
247.3,4.722412767645687,-0.09644162587211719
247.35000000000002,4.723694478380727,-0.04645805639581006
247.4,4.724976189115766,0.0035255130804686535
247.45000000000002,4.72516073652494,0.05352341164536565
247.5,4.725184823484533,0.10352340584353059
247.55,4.7245863256657135,0.15351586895091485
247.60000000000002,4.723352773828658,0.20350065013344984
247.65,4.72197245927641,0.25347996170178105
247.70000000000002,4.719482049397927,0.3034179017738147
247.75,4.716991639519445,0.35335584184582003
247.8,4.713575345446017,0.4032359256439452
247.85000000000002,4.70982965356303,0.45309542616610693
247.9,4.705636038488144,0.5029156052190017
247.95000000000002,4.700637434921343,0.5526651174013665
248.0,4.695638831354543,0.602414629583703
248.05,4.689419829368644,0.6520259965921263
248.10000000000002,4.683171477221962,0.7016340412567947
248.15,4.676182352330282,0.7511393018293174
248.20000000000002,4.668688205488747,0.8005744893288985
248.25,4.660931183529212,0.8499664372015449
248.3,4.652195984156427,0.8991974872809325
248.35000000000002,4.643460784783643,0.9484285373603202
248.4,4.633702437146469,0.9974647431483741
248.45000000000002,4.623731712683312,1.0464605047373234
248.5,4.613215838410268,1.095338168025607
248.55,4.602015898076711,1.1440676389495377
248.60000000000002,4.590745106030469,1.1927798843843294
248.65,4.578323036832735,1.2412122309808413
248.70000000000002,4.565900967634994,1.2896445775773808
248.75,4.552663458565162,1.3378568108398252
248.8,4.539027120810708,1.3859613874687478
248.85000000000002,4.525048120244914,1.4339641554027058
248.9,4.510206142568196,1.4817105238367754
248.95000000000002,4.495364164891469,1.5294568922708722
249.0,4.479450373725872,1.576855244758373
249.05,4.463412147627833,1.6242131934431434
249.10000000000002,4.4467727637807215,1.6713590894383832
249.15,4.429548437685722,1.7182986526081807
249.20000000000002,4.41218686409229,1.7651858853666738
249.25,4.393787336925972,1.811677362005458
249.3,4.375387809759644,1.8581688386442687
249.35000000000002,4.356143735390007,1.9043137279329825
249.4,4.336580649682378,1.9503277005673298
249.45000000000002,4.316633104080336,1.9961724773773972
249.5,4.295918838598307,2.0416798306902217
249.55,4.275204573116266,2.087187184003072
249.60000000000002,4.253419149700195,2.1321906037213623
249.65,4.2315668116142735,2.177162542974383
249.70000000000002,4.209098914548742,2.221825746016347
249.75,4.186122331138858,2.2662338152696586
249.8,4.162976015546286,2.310551341485868
249.85000000000002,4.138889725451939,2.3543674416032028
249.9,4.114803435357606,2.3981835417205124
249.95000000000002,4.089888122494498,2.4415302437643205
250.0,4.064707366514897,2.484726650192333
250.05,4.039137176546914,2.527689429961091
250.10000000000002,4.0128778879966625,2.5702388102719222
250.15,3.9866185994464267,2.6127881905827297
250.20000000000002,3.9593358550933546,2.6546880311853673
250.25,3.9320146497201875,2.696563462370681
250.3,3.9041026234763447,2.7380427358158075
250.35000000000002,3.8757367889468393,2.779217721322126
250.4,3.8472000411748746,2.8202717653080125
250.45000000000002,3.817807526135212,2.8607202518018813
250.5,3.7884150110955663,2.901168738295727
250.55,3.7582498433649594,2.941040777374176
250.60000000000002,3.727849246083348,2.980737171227053
250.65,3.6970871875425884,3.0201494648205625
250.70000000000002,3.6656977441406897,3.05906864830275
250.75,3.634308300738809,3.0979878317849154
250.8,3.601985034544544,3.1361342751850816
250.85000000000002,3.5696266068253086,3.1742516223585207
250.9,3.536736082664085,3.211905623940452
250.95000000000002,3.5034291455437225,3.249197016240301
251.0,3.469976281654598,3.286354736321901
251.05,3.4357419102065805,3.322796577817096
251.10000000000002,3.401507538758563,3.3592384193122906
251.15,3.366591300391381,3.395023359243172
251.20000000000002,3.331451156510767,3.430592591566216
251.25,3.29600411350601,3.465850903128041
251.3,3.259980432202405,3.500525020064708
251.35000000000002,3.2239567508988003,3.5351991370013747
251.4,3.1871231118142225,3.569010306829943
251.45000000000002,3.150238687142193,3.6027673685595225
251.5,3.112907308262255,3.636023563233708
251.55,3.0751854788979744,3.668842210210893
251.60000000000002,3.037361493017846,3.7015404119721724
251.65,2.9988261274911903,3.7333998784417326
251.70000000000002,2.9602907619645134,3.765259344911311
251.75,2.9211899694627097,3.7964171160696827
251.8,2.8818654510539967,3.8272972432054946
251.85000000000002,2.8423066681510645,3.857871193629904
251.9,2.8022178794623547,3.8877524422897336
251.95000000000002,2.762129090773622,3.9176336909495806
252.0,2.7213785126380783,3.946603373752256
252.05,2.6805508198482135,3.9754668368406865
252.10000000000002,2.6393781104005707,4.003829011350944
252.15,2.5978373472145893,4.0316564257821135
252.20000000000002,2.5562477186856634,4.059408871726638
252.25,2.5140201699880924,4.086182629979693
252.3,2.471792621290498,4.112956388232763
252.35000000000002,2.4291310466758125,4.139026176298003
252.4,2.3862434318987735,4.164729337557547
252.45000000000002,2.3432019889699482,4.190168346404409
252.5,2.299681445186124,4.214784647279211
252.55,2.2561609014022745,4.239400948154027
252.60000000000002,2.2121393184623916,4.263104841659027
252.65,2.1680133832138893,4.286618706472007
252.70000000000002,2.1236499288928563,4.309673009711342
252.75,2.078946522766594,4.332069560354446
252.8,2.0342431166403063,4.354466110997563
252.85000000000002,1.9889937745144073,4.375737870079035
252.9,1.9437411834752347,4.397002935426676
252.95000000000002,1.8981887791548349,4.4176085686513575
253.0,1.85241563664741,4.437728693526548
253.05,1.8065653558119694,4.457667160795004
253.10000000000002,1.7603006246428285,4.476629614482441
253.15,1.7140358934737139,4.4955920681698665
253.20000000000002,1.6674304484122169,4.5136925062076525
253.25,1.620703402423551,4.531485290508359
253.3,1.573839553716303,4.548904753809644
253.35000000000002,1.5266797592626908,4.565516610632222
253.4,1.4795199648091057,4.5821284674547895
253.45000000000002,1.4319998208979392,4.597674736517454
253.5,1.3844371181383734,4.613095155000878
253.55,1.3366985554104296,4.627948956858989
253.60000000000002,1.2887630394267555,4.642168180022733
253.65,1.2408110347870829,4.65632913901953
253.70000000000002,1.1925330365414957,4.6693381699365455
253.75,1.144255038295936,4.682347200853553
253.8,1.0957824949811767,4.694596334466898
253.85000000000002,1.0471925621242109,4.706386941955773
253.9,0.9985468708380273,4.717934463118661
253.95000000000002,0.9496757483796318,4.728499186951185
254.0,0.9008046259212641,4.739063910783703
254.05,0.8517402948048648,4.748677078282729
254.10000000000002,0.8026189056605424,4.758009233903674
254.15,0.7534219366563945,4.766914337393285
254.20000000000002,0.7040813620808496,4.7750080201493565
254.25,0.6547407875053327,4.783101702905424
254.3,0.6052279000387983,4.790055350642515
254.35000000000002,0.5556993599593525,4.796905439517845
254.4,0.5060944291634172,4.803146882861954
254.45000000000002,0.45640926242578234,4.8087490437177305
254.5,0.4067168575595282,4.814278847263846
254.55,0.35690650209827945,4.818629535580062
254.60000000000002,0.30709614663703066,4.822980223896278
254.65,0.2572270586434052,4.8265445070676085
254.70000000000002,0.20732303158984566,4.8296409701851815
254.75,0.15740687821920193,4.832492118253754
254.8,0.10744075595909483,4.834332397115594
254.85000000000002,0.057474633698987726,4.8361726759774335
254.9,0.007485265873017961,4.837054023996924
254.95000000000002,-0.04251133593312179,4.837636954386866
255.0,-0.09250755746681495,4.837805931623122
255.05,-0.14250300388828624,4.837131144901924
255.10000000000002,-0.19249845030975754,4.836456358180725
255.15,-0.24246456009660025,4.834656681536547
255.20000000000002,-0.29242721694921875,4.8327246048744925
255.25,-0.34236029017148323,4.830215551452503
255.3,-0.39225854403383353,4.827027407558465
255.35000000000002,-0.44215458050964485,4.823810290553291
255.4,-0.49195685872609185,4.819368096900434
255.45000000000002,-0.5417591369425672,4.814925903247576
255.5,-0.5914867138752827,4.809750546722415
255.55,-0.6411615045333482,4.804057114271
255.60000000000002,-0.6908127927398423,4.798179169290272
255.65,-0.7403286646087693,4.791238100708431
255.70000000000002,-0.7898445364777247,4.784297032126585
255.75,-0.8392255359584516,4.776474598095938
255.8,-0.8885511583771979,4.768290285479444
255.85000000000002,-0.9378171965490325,4.759772868546047
255.9,-0.9869213592500534,4.750350490638672
255.95000000000002,-1.0360255219511023,4.74092811273129
256.0,-1.084920520543975,4.7304852148001135
256.05,-1.133772153401348,4.719830733716143
256.1,-1.1825142107120075,4.708702538363238
256.15000000000003,-1.2310824034004062,4.69682269581442
256.2,-1.2796505960887496,4.684942853265617
256.25,-1.3279222105237574,4.6719133628637195
256.3,-1.3761762320765205,4.658815675892887
256.35,-1.424257727164172,4.645112597095158
256.40000000000003,-1.4721670454179159,4.630805353319257
256.45,-1.5200553228738023,4.6164307538341305
256.5,-1.5675896237870268,4.60092300619973
256.55,-1.6151239247002513,4.585415258565331
256.6,-1.6624107943979578,4.569180237407621
256.65000000000003,-1.709540001231771,4.552481798462148
256.7,-1.7565976269209225,4.535589126563313
256.75,-1.8032919192695702,4.5177105622456555
256.8,-1.849986211618218,4.4998319979279975
256.85,-1.8963472689232828,4.481114847681233
256.90000000000003,-1.9425771015823559,4.462067470635698
256.95,-1.9886739068910584,4.442708411675764
257.0,-2.0344100285517275,4.422504274093507
257.05,-2.0801461502123963,4.40230013651125
257.1,-2.1254534305735495,4.381157350833216
257.15000000000003,-2.170666902330621,4.359809236825825
257.2,-2.2156760351912905,4.338042083743286
257.25,-2.2603382488538086,4.31556350125315
257.3,-2.305000462516327,4.293084918763015
257.35,-2.3491295575639715,4.269579462786104
257.40000000000003,-2.393212253756272,4.2459846350389325
257.45,-2.4370105073671837,4.221874074892067
257.5,-2.4804857934094655,4.1971779313967055
257.55,-2.523951089787929,4.172464705909884
257.6,-2.5667914573446247,4.146682873011335
257.65000000000003,-2.60963182490132,4.120901040112786
257.7,-2.6520999528525406,4.094517924637145
257.75,-2.6942782953375546,4.067666715628647
257.8,-2.736382319707177,4.040701944968281
257.85,-2.777871949434891,4.012798349768747
257.90000000000003,-2.8193615791626043,3.9848947545692144
257.95,-2.8603845962135273,3.9563158556104714
258.0,-2.9011592612846844,3.927377530013841
258.05,-2.941788395668796,3.8982395183436465
258.1,-2.981822296580722,3.868284772846878
258.15000000000003,-3.0218561974926477,3.8383300273501098
258.2,-3.0613236652987483,3.807637778058589
258.25,-3.1005914712692135,3.7766855662754595
258.3,-3.139636715744121,3.745458190116437
258.35,-3.17811358073868,3.713528096784398
258.40000000000003,-3.2165904457332393,3.681598003452359
258.45,-3.2543967428738028,3.6488802261566
258.5,-3.292058321326332,3.6159924547443505
258.55,-3.329415558345616,3.5827648877950247
258.6,-3.366238020562272,3.5489402477185332
258.65000000000003,-3.4030604827789275,3.515115607642042
258.7,-3.439105058492677,3.4804652293467835
258.75,-3.4750651057292936,3.445725122802027
258.8,-3.5106353480411903,3.410591548741829
258.85,-3.5457102272448244,3.374957957162383
258.90000000000003,-3.5807851064484586,3.3393243655829363
258.95,-3.614972717540282,3.3028391220615942
259.0,-3.649140235745419,3.266334592209763
259.05,-3.682829857388601,3.229393906458814
259.1,-3.716068395758921,3.1920415361591266
259.15000000000003,-3.7492593370617175,3.1546478718084496
259.2,-3.7815478645686467,3.1164712953324196
259.25,-3.813836392075613,3.0782947188563465
259.3,-3.845557341996115,3.0396502202848046
259.35,-3.8768754287254796,3.0006735933962188
259.40000000000003,-3.908075948166585,2.9616049092452785
259.45,-3.9384037782446506,2.9218528939158372
259.5,-3.9687316083227504,2.882100878586351
259.55,-3.998401606212566,2.841859952183171
259.6,-4.02771999034393,2.8013577009873885
259.65000000000003,-4.056849507818963,2.760722322488967
259.7,-4.085139895427558,2.7194954626891863
259.75,-4.113430283036186,2.678268602889359
259.8,-4.140972997052411,2.636542394413725
259.85,-4.168217488018793,2.5946170117442353
259.90000000000003,-4.195201406113681,2.5525269240146082
259.95,-4.221382762100272,2.5099295461763194
260.0,-4.247564118086892,2.4673321683379816
260.05,-4.27290932416893,2.4242352519865085
260.1,-4.298010979527006,2.3809928318613043
260.15000000000003,-4.322780836838201,2.3375633465648327
260.2,-4.346786909088751,2.2937032451616592
260.25,-4.370792981339328,2.2498431437584356
260.3,-4.393876703900294,2.2054931838879956
260.35,-4.416772003783065,2.16104315302998
260.40000000000003,-4.439265609634452,2.11639256967223
260.45,-4.4610356507179345,2.0713807344372803
260.5,-4.482805691801441,2.026368899202279
260.55,-4.503570325628428,1.9808863071516054
260.6,-4.524201333475538,1.9353411480761062
260.65000000000003,-4.544362883887332,1.8895904107435924
260.7,-4.563841804770191,1.8435407458019721
260.75,-4.583320725653072,1.7974910808602997
260.8,-4.601715138909251,1.7509986679134786
260.85,-4.620029648068297,1.7044736342835591
260.90000000000003,-4.637809822890862,1.6577459848671374
260.95,-4.654948332332389,1.6107750204942535
261.0,-4.672086841773935,1.5638040561213162
261.05,-4.6880664600530215,1.516426683653375
261.1,-4.704018125880851,1.4690395086234391
261.15000000000003,-4.7193741670635925,1.4214601375580669
261.2,-4.73412889633962,1.373686735292931
261.25,-4.748862039926747,1.3259069625802482
261.3,-4.762410497056606,1.277777560865684
261.35,-4.775958954186463,1.22964815915112
261.40000000000003,-4.788854725208428,1.1813438546970647
261.45,-4.801188337847689,1.132888906556963
261.5,-4.813453827534904,1.0844175280134656
261.55,-4.824564792012602,1.0356676924406503
261.6,-4.835675756490299,0.9869178568678351
261.65000000000003,-4.846081783034538,0.9380166539482349
261.7,-4.855963069290077,0.8890027765058989
261.75,-4.865733224313804,0.8399679457544448
261.8,-4.874378580344591,0.7907210390586715
261.85,-4.883023936375379,0.7414741323628984
261.90000000000003,-4.890917428383742,0.6921049619586679
261.95,-4.898321384200341,0.6426561860561015
262.0,-4.905575195355248,0.5931868562594518
262.05,-4.911733066441869,0.5435674989109155
262.1,-4.91789093752849,0.4939481415623791
262.15000000000003,-4.923255792826637,0.44424048164926955
262.2,-4.928163683104505,0.39448193853338887
262.25,-4.932886811198283,0.3447075152115489
262.3,-4.936541615490254,0.2948412700592492
262.35,-4.940196419782225,0.24497502490694947
262.40000000000003,-4.943023209516564,0.19505855390017066
262.45,-4.945422615511208,0.14511615857446342
262.5,-4.9476073718035565,0.09516615520432078
262.55,-4.948749861517653,0.04517920973597465
262.6,-4.94989235123175,-0.0048077357323714764
262.65000000000003,-4.950178287410225,-0.05480348208226604
262.7,-4.950063138148609,-0.10480334948852608
262.75,-4.949708447080841,-0.15479965216089353
262.8,-4.948335731893076,-0.20478080513893324
262.85,-4.946963016705311,-0.2547619581169729
262.90000000000003,-4.944711902182745,-0.30470792545822883
262.95,-4.942082489816301,-0.3546387394972753
263.0,-4.939193834385706,-0.4045526295270788
263.05,-4.935309388735656,-0.45440151198188666
263.1,-4.931424943085607,-0.5042503944366945
263.15000000000003,-4.926647104380959,-0.5540183432884941
263.2,-4.921510083436616,-0.6037537533683652
263.25,-4.916099433615495,-0.6534574181880213
263.3,-4.909713087904529,-0.7030478869139967
263.35,-4.903326742193564,-0.7526383556399722
263.40000000000003,-4.89603894557149,-0.8021011887399956
263.45,-4.888407316102686,-0.8515153388555922
263.5,-4.88049304074593,-0.9008821895089905
263.55,-4.871620956451666,-0.9500887553338484
263.6,-4.862748872157404,-0.9992953211587063
263.65000000000003,-4.852974223449273,-1.0483274038554447
263.7,-4.842867298129607,-1.097295251067443
263.75,-4.832474060856401,-1.146200239287814
263.8,-4.82113868962639,-1.1948983846229158
263.85,-4.809803318396379,-1.2435965299580174
263.90000000000003,-4.797571147076565,-1.2920740028506834
263.95,-4.785014502319413,-1.3404716337063227
264.0,-4.772173141894288,-1.3887915610569541
264.05,-4.758403168722503,-1.4368580549882761
264.1,-4.744633195550718,-1.4849245489195981
264.15000000000003,-4.729978923622473,-1.5327256319841125
264.2,-4.715004334850315,-1.5804305760790454
264.25,-4.699751730626097,-1.6280443944122427
264.3,-4.683582001256058,-1.6753576045347969
264.35,-4.667412271886017,-1.722670814657351
264.40000000000003,-4.6503772681671816,-1.7696761021347054
264.45,-4.633022629394459,-1.8165676420226613
264.5,-4.6154015524145695,-1.8633567445504244
264.55,-4.5968729851528245,-1.9097969447570173
264.6,-4.578344417891079,-1.9562371449636102
264.65000000000003,-4.558975838323591,-2.0023298903257705
264.7,-4.539285066256639,-2.0482893669916677
264.75,-4.519344016646712,-2.0941378693007002
264.8,-4.498503498809927,-2.13958754274612
264.85,-4.477662980973142,-2.1850372161915406
264.90000000000003,-4.456013595611372,-2.230103606540833
264.95,-4.434036518508166,-2.275014719664369
265.0,-4.411829549816964,-2.3198097300490916
265.05,-4.388729819074636,-2.364153866523181
265.1,-4.365630088332309,-2.4084980029972702
265.15000000000003,-4.341758095693769,-2.4524274222973217
265.2,-4.317550327264731,-2.496176524547316
265.25,-4.293136858441644,-2.53980840307671
265.3,-4.267836369354798,-2.5829347900337383
265.35,-4.242535880267954,-2.626061176990766
265.40000000000003,-4.2165047097558634,-2.6687464575701183
265.45,-4.1901275084248635,-2.711222842184872
265.5,-4.163572124146111,-2.7535854479621977
265.55,-4.136134900239719,-2.7953849544701765
265.6,-4.108697676333327,-2.837184460978156
265.65000000000003,-4.080575779463763,-2.8785221227919573
265.7,-4.052095893345576,-2.9196183037178165
265.75,-4.023468133423377,-2.9606092298364404
265.8,-3.9939636051668255,-3.0009760827278904
265.85,-3.9644590769102743,-3.0413429356193404
265.90000000000003,-3.9343197080970143,-3.081233412799843
265.95,-3.90380920608338,-3.120845396679371
266.0,-3.8731833447115416,-3.1603661924232087
266.05,-3.8416861738172865,-3.1991982439484654
266.1,-3.810189002923031,-3.238030295473722
266.15000000000003,-3.778109990591216,-3.2763781497457316
266.2,-3.745646079973163,-3.314405699066962
266.25,-3.7131008955795006,-3.3523620789493696
266.3,-3.679690786064429,-3.389561065255334
266.35,-3.6462806765493574,-3.4267600515612986
266.40000000000003,-3.612344185363889,-3.4634741721454754
266.45,-3.578009016451726,-3.499821058886556
266.5,-3.543627552941411,-3.5361230981679346
266.55,-3.508389049429075,-3.5715948879481627
266.6,-3.4731505459167384,-3.6070666777283904
266.65000000000003,-3.4374428309237524,-3.6420604674017913
266.7,-3.401323289159247,-3.6766347165291124
266.75,-3.3651926093445725,-3.711197032899744
266.8,-3.3282148831188505,-3.7448518655865555
266.85,-3.2912371568931285,-3.7785066982733664
266.90000000000003,-3.253848310382401,-3.811698245303616
266.95,-3.2160357964691944,-3.8444123675073243
267.0,-3.178223282555945,-3.8771264897110695
267.05,-3.139623351841003,-3.9089070015648266
267.1,-3.100999975192418,-3.9406597144609457
267.15000000000003,-3.062023667095213,-3.971971950177534
267.2,-3.0226138657038772,-4.002743163255528
267.25,-2.983204064312497,-4.0335143763335575
267.3,-2.9430894526816935,-4.063359123954839
267.35,-2.902918162117568,-4.093129367729677
267.40000000000003,-2.862451374758677,-4.122490209542629
267.45,-2.8215440123917723,-4.151240647872822
267.5,-2.7806366500248214,-4.1799910862030485
267.55,-2.7391068584389577,-4.20783179557306
267.6,-2.697489307356528,-4.235544237578473
267.65000000000003,-2.655632065380444,-4.262886717301402
267.7,-2.6133306580102555,-4.289543628872272
267.75,-2.571029250640019,-4.316200540443171
267.8,-2.5281866208801715,-4.341974157411574
267.85,-2.4852281223286856,-4.3675586723025015
267.90000000000003,-2.4420832186187904,-4.392821049683186
267.95,-2.398494809736445,-4.417316980184004
268.0,-2.3549064008540497,-4.441812910684849
268.05,-2.3108558374694765,-4.465461703758681
268.1,-2.2666650976520546,-4.488853550936515
268.15000000000003,-2.2223378160575575,-4.511979412343913
268.2,-2.1775727057963277,-4.534252375848912
268.25,-2.132807595535047,-4.556525339353937
268.3,-2.0876562851741673,-4.577996987524139
268.35,-2.042345128363954,-4.599136974953701
268.40000000000003,-1.9969429640431717,-4.620075317215174
268.45,-1.9511144300614913,-4.640068953029736
268.5,-1.9052858960797592,-4.660062588844321
268.55,-1.8591430250137932,-4.679310254474561
268.6,-1.812826110580458,-4.698144888460261
268.65000000000003,-1.766458488759949,-4.716850187886946
268.7,-1.719682499590457,-4.734513903158956
268.75,-1.6729065104209118,-4.752177618430985
268.8,-1.6258829810592919,-4.76916000527735
268.85,-1.57867751332192,-4.785641625819545
268.90000000000003,-1.5314555072597456,-4.802073892500955
268.95,-1.4838504288496834,-4.817362990236505
269.0,-1.4362453504395671,-4.832652087972073
269.05,-1.3884534976233647,-4.8473334844449925
269.1,-1.3404789292641144,-4.86142038583402
269.15000000000003,-1.2925043609048643,-4.875507287223046
269.2,-1.2442012743776623,-4.888420995484385
269.25,-1.1958875705632657,-4.901296787643923
269.3,-1.1474408784074979,-4.91364709546536
269.35,-1.0988186081963298,-4.925303631808218
269.40000000000003,-1.0501963379851618,-4.936960168151076
269.45,-1.0013261636724604,-4.947522087760061
269.5,-0.9524260913454796,-4.957951993148764
269.55,-0.903438911383913,-4.967946741597951
269.6,-0.8542919769794536,-4.977143417010557
269.65000000000003,-0.8051450425749942,-4.986340092423162
269.7,-0.7558228120916682,-4.994530119324213
269.75,-0.7064601118289483,-5.0024877460290815
269.8,-0.6570473831954496,-5.01010809200894
269.85,-0.6075001497993421,-5.016821635245793
269.90000000000003,-0.5579529164032344,-5.023535178482647
269.95,-0.5082940315511976,-5.029338846751811
270.0,-0.4585936144906501,-5.034804058916748
270.05,-0.408870586849552,-5.040036773110491
270.1,-0.3590484325020797,-5.044250196442963
270.15000000000003,-0.3092262781546073,-5.048463619775436
270.2,-0.2593462347970506,-5.051872076967283
270.25,-0.20943386655209612,-5.054831045737312
270.3,-0.1595158264667038,-5.057668485160292
270.35,-0.10954482478012723,-5.059371127354562
270.40000000000003,-0.05957382309355068,-5.061073769548831
270.45,-0.009587939003048905,-5.062083738574287
270.5,0.04041007858439372,-5.062528977080026
270.55,0.09040807718106246,-5.062969044365906
270.6,0.1404014760486938,-5.062156597651837
270.65000000000003,0.19039487491632515,-5.061344150937769
270.7,0.24037172758409656,-5.059957878838352
270.75,0.2903288760470719,-5.057888261132251
270.8,0.3402860245100472,-5.05581864342615
270.85,0.3901815659656304,-5.052608871887323
270.90000000000003,0.4400708552888217,-5.0492833928500955
270.95,0.4899245122716476,-5.045508586865085
271.0,0.5397143766690226,-5.040929350761553
271.05,0.5895042410663975,-5.036350114658021
271.1,0.6391883162196759,-5.030760187978838
271.15000000000003,0.6888472528264026,-5.024930092345784
271.2,0.7384645141882504,-5.018779843698172
271.25,0.7879611029930302,-5.01170257751045
271.3,0.83745769179781,-5.004625311322727
271.35,0.8868178427377745,-4.996672563048813
271.40000000000003,0.9361207664627402,-4.988352604384722
271.45,0.9853896466190984,-4.979845300238903
271.5,1.0344677105346323,-4.970287913446279
271.55,1.0835457744501662,-4.960730526653656
271.6,1.1324709594369116,-4.950437527628319
271.65000000000003,1.1812931110989942,-4.939648759993144
271.7,1.2301030819037155,-4.928807984062393
271.75,1.278638430801134,-4.916794661982035
271.8,1.3271737796985528,-4.904781339901677
271.85,1.3755546119716708,-4.89217578940618
271.90000000000003,1.4237724490708308,-4.878945514069679
271.95,1.4719902861699359,-4.865715238733194
272.0,1.5198844926411463,-4.851361078952489
272.05,1.5677543098159874,-4.8369222215306245
272.1,1.6154832885306762,-4.822036827869828
272.15000000000003,1.6629747978654543,-4.806398524218024
272.2,1.7104663072001784,-4.790760220566239
272.25,1.757625518584877,-4.7741539253936
272.3,1.8047086715376466,-4.757326070270991
272.35,1.8516804043839588,-4.7401984213455695
272.40000000000003,1.8983254107985261,-4.722191662153914
272.45,1.9449704172130402,-4.704184902962279
272.5,1.9912908929289315,-4.685367953631091
272.55,2.0374682398833315,-4.666193683677487
272.6,2.0835796569798197,-4.64686610810115
272.65000000000003,2.1292601274593665,-4.626536459388804
272.7,2.174940597938862,-4.60620681067648
272.75,2.2203210984201576,-4.5852253284362074
272.8,2.2654757898032636,-4.563753163987819
272.85,2.3106263484924146,-4.542272583322976
272.90000000000003,2.3552266908373873,-4.519671489041658
272.95,2.399827033182309,-4.497070394760366
273.0,2.4441690185002987,-4.473974985152735
273.05,2.488186792621751,-4.45025926122549
273.1,2.532204566743203,-4.426543537298246
273.15000000000003,2.575686028154561,-4.401861685772844
273.2,2.619093383477777,-4.37704633762218
273.25,2.662301202187319,-4.3518919268390786
273.3,2.7050706743696025,-4.325992655628278
273.35,2.747840146551886,-4.300093384417477
273.40000000000003,2.790113492548304,-4.273397605969408
273.45,2.8322180208553718,-4.246430798667945
273.5,2.8741990887912507,-4.219276462601133
273.55,2.915612033219081,-4.191259181615673
273.6,2.9570249776469115,-4.163241900630212
273.65000000000003,2.9980000628718573,-4.1345946304405405
273.7,3.0386952210014284,-4.105544602819149
273.75,3.079360189786242,-4.076453389418649
273.8,3.1193118133622395,-4.04638899563393
273.85,3.1592634369382364,-4.0163246018492105
273.90000000000003,3.1988534990109354,-3.98579211200289
273.95,3.2380363102322613,-3.954732374322275
274.0,3.2772191214536317,-3.9236726366416246
274.05,3.3156884328085026,-3.8917356903340714
274.1,3.3540776403219166,-3.8597002607834607
274.15000000000003,3.3921994502495116,-3.8273524704500863
274.2,3.429770764834727,-3.794361618379622
274.25,3.4673420794199856,-3.7613707663091205
274.3,3.5042788627147914,-3.727675357648579
274.35,3.5410085126524873,-3.693749956907324
274.40000000000003,3.5775825143583653,-3.6596602375068903
274.45,3.613447260470229,-3.6248217532355045
274.5,3.649312006582133,-3.5899832689640796
274.55,3.6846396560052024,-3.5546056034341698
274.6,3.719616806357499,-3.518876078483032
274.65000000000003,3.75456724522387,-3.483121054467338
274.7,3.7886346694842286,-3.4465230954496664
274.75,3.8227020937446263,-3.4099251364319536
274.8,3.8563479231845084,-3.3729445164419416
274.85,3.8894840666239645,-3.335501279429616
274.90000000000003,3.9226202100634207,-3.2980580424172903
274.95,3.9549230041135823,-3.259895801178841
275.0,3.987106901243776,-3.22163097705127
275.05,4.019002253400264,-3.183129594462323
275.1,4.050213541238316,-3.1440673939163952
275.15000000000003,4.081424829076369,-3.105005193370467
275.2,4.111924303736994,-3.065388766368713
275.25,4.142143234688926,-3.0255539046001196
275.3,4.172223578962457,-2.9856166305699046
275.35,4.201431033317256,-2.945034311635262
275.40000000000003,4.2306384876720555,-2.90445199270062
275.45,4.259273464470441,-2.863468488830982
275.5,4.287450962496878,-2.8221643897006206
275.55,4.315628460523317,-2.780860290570259
275.6,4.342785695325488,-2.7388788167734277
275.65000000000003,4.369915408964,-2.6968790710849784
275.7,4.396629009567861,-2.6546178952448725
275.75,4.4226937737100664,-2.611949076767988
275.8,4.448758537852271,-2.569280258291103
275.85,4.473950762936242,-2.5260933937681487
275.90000000000003,4.498934086285034,-2.482782499590699
275.95,4.523673799248415,-2.4393351361779807
276.0,4.547559874751721,-2.3954095696244284
276.05,4.571445950255028,-2.351484003070876
276.1,4.594624227453194,-2.3071850029754075
276.15000000000003,4.617397942304761,-2.262672556268214
276.2,4.6401156787339985,-2.218132352268565
276.25,4.66176262393492,-2.173061188943561
276.3,4.683409569135842,-2.127990025618556
276.35,4.7045294456760285,-2.0826738294262546
276.40000000000003,4.725035925150988,-2.037072466513027
276.45,4.745542404625923,-1.9914711035998516
276.5,4.765041102706296,-1.94543170472927
276.55,4.784394141968705,-1.8993289947079606
276.6,4.803415686255577,-1.8530920078796935
276.65000000000003,4.82160304061615,-1.8065171204255788
276.7,4.839790394976704,-1.7599422329715173
276.75,4.857160622771386,-1.7130600470600814
276.8,4.874170785084975,-1.666042450587426
276.85,4.891058611750444,-1.6189823274041026
276.90000000000003,4.906880819696206,-1.5715517704210498
276.95,4.9227030276419494,-1.524121213438051
277.0,4.937913168413383,-1.4764949983508362
277.05,4.952537411303665,-1.4286814906371472
277.1,4.967161654193947,-1.380867982923458
277.15000000000003,4.98067772087475,-1.3327307123565595
277.2,4.994094745988431,-1.2845645059760076
277.25,5.007117773482325,-1.2362938703949358
277.3,5.019319091918624,-1.1878054405542362
277.35,5.031520410354922,-1.1393170107135364
277.40000000000003,5.042829466730416,-1.0906159534496458
277.45,5.053807358779274,-1.0418359792167762
277.5,5.064620832696173,-0.9930211694531389
277.55,5.074368352722147,-0.9439805143459242
277.6,5.084115872748122,-0.8949398592387096
277.65000000000003,5.093199314610128,-0.8457758702590299
277.7,5.1017102954463445,-0.7965055627178639
277.75,5.11022127628257,-0.7472352551766419
277.8,5.117565403908114,-0.6977784664056259
277.85,5.124834460757834,-0.6483096801610039
277.90000000000003,5.131678261273121,-0.598783859989865
277.95,5.137700795116145,-0.549147894338884
278.0,5.143723328959176,-0.49951192868784644
278.05,5.1488183038603665,-0.44977523892995197
278.1,5.153590504362394,-0.4000034989325468
278.15000000000003,5.158185181572168,-0.35021698836566095
278.2,5.16170402949505,-0.3003409649747421
278.25,5.1652228774179365,-0.25046494158376653
278.3,5.168063056992001,-0.20054960791246215
278.35,5.170326326103538,-0.15060085804892492
278.40000000000003,5.172589595215076,-0.1006521081853877
278.45,5.173673159878705,-0.05066476387146429
278.5,5.174679418360644,-0.0006748904582647292
278.55,5.175263645959079,0.04931816908155545
278.6,5.175012257312515,0.09931753711505913
278.65000000000003,5.174760868665951,0.14931690514856277
278.7,5.173589328707117,0.19930007228698413
278.75,5.172080452154679,0.2492773000167277
278.8,5.170411998727126,0.29924770019402
278.85,5.167646589111705,0.34917116671689646
278.90000000000003,5.164881179496284,0.3990946332397729
278.95,5.161461586240344,0.4489736033754673
279.0,5.157441393420432,0.4988117218159903
279.05,5.153421200600518,0.5486498402565133
279.1,5.1482554588624625,0.5983810359824034
279.15000000000003,5.142983026604473,0.6481022734779324
279.2,5.137326753079662,0.6977779198133506
279.25,5.130805417447962,0.7473508174649816
279.3,5.1242840818162625,0.7969237151166125
279.35,5.116892672878068,0.8463710028001801
279.40000000000003,5.109126560123692,0.8957641955769942
279.45,5.101249219405376,0.945138463502994
279.5,5.0922432433548215,0.9943207000867138
279.55,5.083237267304267,1.0435029366704334
279.6,5.07363946636485,1.0925690903697582
279.65000000000003,5.063399325310535,1.1415092529276099
279.7,5.0531591842562325,1.190449415485406
279.75,5.041852855038893,1.239152456622017
279.8,5.030385028133322,1.28781958049497
279.85,5.01860420169441,1.3364087819683106
279.90000000000003,5.005915944850259,1.3847720752624846
279.95,4.993227688006123,1.4331353685566033
280.0,4.979759161117708,1.48128343132692
280.05,4.96585850241647,1.52931229439563
280.1,4.951922006245181,1.577330294975975
280.15000000000003,4.936817740857257,1.6249943397801205
280.2,4.92171347546935,1.672658384584212
280.25,4.906113595178315,1.7201584867307704
280.3,4.889815279797766,1.767427556065344
280.35,4.873516964417218,1.8146966253999177
280.40000000000003,4.856272297979169,1.8616260179565358
280.45,4.838790244776681,1.9084702045309851
280.5,4.82109365778925,1.9552312393243079
280.55,4.8024389278870325,2.00162090468499
280.6,4.783784197984814,2.048010570045672
280.65000000000003,4.764472969138029,2.094126595363118
280.7,4.744657365611019,2.140032388645179
280.75,4.724841762083986,2.1859381819272916
280.8,4.703938462256031,2.2313581438351786
280.85,4.682974522663418,2.276751020333129
280.90000000000003,4.66163832556084,2.3219662619041044
280.95,4.639539314013207,2.366817501447883
281.0,4.617440302465549,2.411668740991712
281.05,4.594547761725034,2.4561165131892735
281.1,4.57132766049146,2.500397738315768
281.15000000000003,4.54801155286529,2.5446270699874844
281.2,4.523685053526442,2.588310263894434
281.25,4.499358554187567,2.6319934578014337
281.3,4.474524930779529,2.6753858265590003
281.35,4.449107424931601,2.718443350831444
281.40000000000003,4.423689919083673,2.761500875103888
281.45,4.397367364590205,2.8040086703434706
281.5,4.370874934106353,2.8464132824400377
281.55,4.344151611060058,2.888669573973769
281.6,4.31660101791481,2.9303944444630328
281.65000000000003,4.289050424769563,2.972119314952296
281.7,4.260882124195362,3.0134250680778143
281.75,4.232290799858832,3.054443797613058
281.8,4.203699475522304,3.095462527148302
281.85,4.174118278375236,3.1357726216071873
281.90000000000003,4.144504312783819,3.1760592576289723
281.95,4.11454753790579,3.216087197236923
282.0,4.083929668016147,3.25561625039309
282.05,4.053311798126503,3.2951453035492566
282.1,4.021990884443475,3.3341155155799385
282.15000000000003,3.990388482377257,3.3728619758524054
282.2,3.9587033264397404,3.4115391891387445
282.25,3.9261363872263626,3.449478541667136
282.3,3.8935694480129843,3.4874178941955276
282.35,3.860571511550017,3.5249777628083288
282.40000000000003,3.827060640475412,3.5620860034001827
282.45,3.793549769400845,3.599194243991994
282.5,3.7592762686537036,3.6355961714093534
282.55,3.7248426682229305,3.671849821727285
282.6,3.6902329487669645,3.7079319302822635
282.65000000000003,3.6548984052889626,3.743308052698412
282.7,3.619563861811001,3.778684175114521
282.75,3.5837341760952413,3.813553138027823
282.8,3.5475210458982605,3.848029350136132
282.85,3.511307915701279,3.8825055622444413
282.90000000000003,3.474298371072917,3.9161238853443807
282.95,3.437229566359304,3.9496783741215924
283.0,3.399913578221139,3.982952790163976
283.05,3.362012552570284,4.015564325770492
283.1,3.324111526919429,4.048175861377008
283.15000000000003,3.285675136526712,4.0801491340191856
283.2,3.2469658700558997,4.1117970832305675
283.25,3.2082355654441006,4.143418629453476
283.3,3.168742549635559,4.174082968715038
283.35,3.129249533827017,4.204747307976601
283.40000000000003,3.0894602993822584,4.235020074379673
283.45,3.049208521587511,4.264681402474634
283.5,3.008956743792718,4.294342730569629
283.55,2.9681527616043804,4.323234613215534
283.6,2.9271676892339773,4.351874163540121
283.65000000000003,2.886101419773954,4.380394345653674
283.7,2.844408984184399,4.407993998090003
283.75,2.802716548594797,4.4355936505263625
283.8,2.760700219751502,4.462690395954937
283.85,2.718326799837764,4.489232688335492
283.90000000000003,2.675953379924026,4.5157749807160465
283.95,2.6330333605316176,4.541419757952423
284.0,2.590005766037287,4.566887897107703
284.05,2.5468561788341355,4.592143891123761
284.1,2.5032016333884606,4.616521763507001
284.15000000000003,2.4595470879427856,4.640899635890242
284.2,2.415561292417557,4.664666393090332
284.25,2.371307416310887,4.68793857497205
284.3,2.3270535402042163,4.7112107568537684
284.35,2.2822798022796804,4.733463458590343
284.40000000000003,2.2374545949878244,4.755615225816509
284.45,2.192484837837971,4.777464984439198
284.5,2.1471166603067564,4.798482321746725
284.55,2.1017484827755415,4.8194996590542525
284.6,2.056060626303752,4.83980354368806
284.65000000000003,2.0101781830049115,4.859673153571768
284.7,1.9642957397061234,4.879542763455454
284.75,1.9179396490597924,4.898279785265185
284.8,1.871571969829417,4.916989096390687
284.85,1.8250539773236993,4.935311945693434
284.90000000000003,1.778230398994924,4.952849120850518
284.95,1.7314068206662019,4.9703862960075815
285.0,1.6842923568462713,4.987116044409724
285.05,1.6370425046877235,5.003469988001276
285.1,1.589779108619904,5.019783148088579
285.15000000000003,1.5421328775916576,5.034943513150279
285.2,1.4944866465634656,5.050103878211961
285.25,1.4466994007026326,5.064800973172157
285.3,1.3986869365416101,5.078758167918487
285.35,1.350674472380588,5.0927153626648165
285.40000000000003,1.30241515181585,5.105781727870663
285.45,1.2540668319625372,5.118526921763133
285.5,1.2056928491295218,5.131169547679795
285.55,1.1570392635078883,5.142694677013574
285.6,1.1083856778862546,5.154219806347353
285.65000000000003,1.0596134547712,5.1652144451601965
285.7,1.0106853864348357,5.175512218165403
285.75,0.9617573180984158,5.185809991170623
285.8,0.9126394283873286,5.195145997523802
285.85,0.8634678340424307,5.204209898978629
285.90000000000003,0.8142695150322973,5.213117841478684
285.95,0.764885505451902,5.22094213683095
286.0,0.7155014958714506,5.228766432183226
286.05,0.6660321098709725,5.236004230215495
286.1,0.616466930210656,5.242583969210488
286.15000000000003,0.5669017505503395,5.249163708205481
286.2,0.5172143584818186,5.254724765786374
286.25,0.4674993685113365,5.260055785598293
286.3,0.4177655119142871,5.265187214366836
286.35,0.3679321661760046,5.269266142232143
286.40000000000003,0.3180988204377221,5.273345070097451
286.45,0.2682218769978043,5.276793995255737
286.5,0.2183017049056076,5.279618250606588
286.55,0.1683815328134109,5.282442505957439
286.6,0.11841473985651496,5.284206386978874
286.65000000000003,0.0684393257471606,5.285774183075333
286.7,0.018459545071296053,5.28710954451505
286.75,-0.031539491778885535,5.2874198895750615
286.8,-0.08153852862906712,5.287730234635073
286.85,-0.13153336068013646,5.287380506802891
286.90000000000003,-0.18152438606062432,5.286433204629277
286.95,-0.23151541144105534,5.2854859024556635
287.0,-0.2814721896011647,5.28345258264095
287.05,-0.33142357438214265,5.281248232745049
287.1,-0.3813605582845651,5.278790074206028
287.15000000000003,-0.4312406984284699,5.275330071427885
287.2,-0.481120838572318,5.271870068649746
287.25,-0.5309455247459659,5.267733926689285
287.3,-0.5807228613032491,5.263020460314653
287.35,-0.6305001978605324,5.258306993940022
287.40000000000003,-0.6801599173971219,5.252498362727014
287.45,-0.7298029564732907,5.246534415101717
287.5,-0.7794109872881073,5.240307079510176
287.55,-0.8288883199700253,5.2330964241526665
287.6,-0.8783656526519432,5.225885768795157
287.65000000000003,-0.9277354505163216,5.217997109406893
287.7,-0.9770157727439495,5.209544308620332
287.75,-1.0262960949716333,5.2010915078337625
287.8,-1.0753757257247172,5.191550952030363
287.85,-1.1244278580974403,5.1818613540155205
287.90000000000003,-1.1734249705369453,5.17191054962202
287.95,-1.2222178780401127,5.160990285093076
288.0,-1.271010785543336,5.15007002056412
288.05,-1.319645852903601,5.138483914045922
288.1,-1.3681486645445364,5.126339892351036
288.15000000000003,-1.4166514761854718,5.1141958706561494
288.2,-1.4648735898559562,5.100987736904105
288.25,-1.5130556181953243,5.087627641653518
288.3,-1.5611656099227167,5.074019892334803
288.35,-1.6089963704904984,5.059452176538916
288.40000000000003,-1.6568271310582798,5.044884460743028
288.45,-1.7044540756270257,5.029676549385654
288.5,-1.751903306209553,5.013910430106422
288.55,-1.7993525367920802,4.99814431082719
288.6,-1.8464468327536352,4.98135325290707
288.65000000000003,-1.8934845125402724,4.964398705425932
288.7,-1.9404384529458736,4.947220687632655
288.75,-1.9870348215228153,4.929088439138771
288.8,-2.033631190099757,4.910956190644886
288.85,-2.07998455229091,4.892221976138792
288.90000000000003,-2.1261101284701898,4.872923498941579
288.95,-2.1722357046494167,4.853625021744387
289.0,-2.2179404652368184,4.833355239372394
289.05,-2.263566065708733,4.8129027436425975
289.1,-2.3091037335848172,4.792260516684122
289.15000000000003,-2.354200491381859,4.770666942728059
289.2,-2.39929724917885,4.74907336877202
289.25,-2.444120910308032,4.726927395578323
289.3,-2.4886602930685444,4.704206405650223
289.35,-2.5331996758290565,4.681485415722124
289.40000000000003,-2.5772631436331204,4.657859792044308
289.45,-2.6212169716533356,4.634025761701857
289.5,-2.665088214484068,4.610043898596742
289.55,-2.7084286785471203,4.585111907605257
289.6,-2.751769142610173,4.560179916613772
289.65000000000003,-2.794817651475035,4.53475485876565
289.7,-2.8375173304451407,4.50874068155695
289.75,-2.880217009415295,4.4827265043482205
289.8,-2.922398679818202,4.455885649828938
289.85,-2.9644305579898864,4.428805745520368
289.90000000000003,-3.006396566279898,4.401626372112849
289.95,-3.0477340504700536,4.373497874093508
290.0,-3.0890715346602557,4.345369376074135
290.05,-3.130111346192864,4.316815035324168
290.1,-3.1707282825661283,4.287655740414113
290.15000000000003,-3.2113452189393925,4.2584964455040595
290.2,-3.2514170418608654,4.228597656329213
290.25,-3.29128773247636,4.198426013519368
290.3,-3.331122223273111,4.1682077639686
290.35,-3.370221442343224,4.137042862747706
290.40000000000003,-3.409320661413337,4.1058779615268115
290.45,-3.4481312818447933,4.074360185136125
290.5,-3.4864342916950055,4.042221743412609
290.55,-3.5247373015452177,4.010083301689094
290.6,-3.5624847871290237,3.977299441160164
290.65000000000003,-3.5999673538488968,3.9442077927864334
290.7,-3.637449920568727,3.9111161444127402
290.75,-3.6740960671456793,3.877100771779772
290.8,-3.7107344759211753,3.843076853686752
290.85,-3.747109509664893,3.808776380463951
290.90000000000003,-3.782880579782176,3.7738417194141425
290.95,-3.8186516498994183,3.738907058364374
291.0,-3.8538748736457813,3.7034253700459727
291.05,-3.888755973157155,3.667602069013278
291.1,-3.923637072668529,3.6317787679805833
291.15000000000003,-3.9576730842492234,3.59515306215974
291.2,-3.991642144291752,3.5584637863448374
291.25,-4.02539023853109,3.521575029786141
291.3,-4.058425767289217,3.4840429922758793
291.35,-4.091461296047343,3.446510954765617
291.40000000000003,-4.1239757996863045,3.4085318163644938
291.45,-4.1560568959888835,3.3701807634451715
291.5,-4.188137992291499,3.331829710525806
291.55,-4.219386478166682,3.2927997843897665
291.6,-4.250492844710884,3.253653980522441
291.65000000000003,-4.281438528466009,3.2143837580763113
291.7,-4.3115504846585875,3.174467970544916
291.75,-4.3416624408511995,3.1345521830134753
291.8,-4.3713000260438735,3.0942878101143383
291.85,-4.400398520452796,3.0536272933550164
291.90000000000003,-4.429497014861718,3.0129667765956945
291.95,-4.457797203552355,2.971750004119912
292.0,-4.4858638259598225,2.9303704837428173
292.05,-4.513848241195978,2.888936701327673
292.1,-4.540865234246128,2.8468643578401887
292.15000000000003,-4.567882227296278,2.804792014352704
292.2,-4.594491640043992,2.7624651232128197
292.25,-4.6204419104773935,2.71972657545515
292.3,-4.646392180910794,2.67698802769748
292.35,-4.671600557285147,2.6338116865739334
292.40000000000003,-4.6964676867531026,2.5904339748774263
292.45,-4.72133481622103,2.547056263180969
292.5,-4.745117465329551,2.5030748448947895
292.55,-4.7688857207814195,2.459085413973531
292.6,-4.7923332252080515,2.4149278525869944
292.65000000000003,-4.814987568844966,2.3703545341735976
292.7,-4.837641912481856,2.3257812157602515
292.75,-4.8596327433558155,2.2808811021604627
292.8,-4.881158842144523,2.235752097397004
292.85,-4.902684940933231,2.1906230926335457
292.90000000000003,-4.923197829754756,2.145026346495483
292.95,-4.943582064495515,2.0993702080907912
293.0,-4.963751905440401,2.053621564677013
293.05,-4.982981379383383,2.00746717884124
293.1,-5.002210853326364,1.9613127930054672
293.15000000000003,-5.020876601302696,1.9149318176563215
293.2,-5.038939148306999,1.8683083858251792
293.25,-5.057001695311321,1.821684953993984
293.3,-5.074145590852478,1.774718848421459
293.35,-5.091029783083252,1.7276558687801802
293.40000000000003,-5.107824537697526,1.6805620667276033
293.45,-5.123519692855639,1.6330893155480182
293.5,-5.1392148480137685,1.5856165643683788
293.55,-5.154466474065068,1.5380033389583232
293.6,-5.168962662145361,1.4901508517591995
293.65000000000003,-5.183458850225653,1.4422983645600755
293.7,-5.197153163421197,1.3942139309397379
293.75,-5.210441212994517,1.3460119834838784
293.8,-5.223729262567836,1.297810036028019
293.85,-5.235853536278821,1.2493029607372315
293.90000000000003,-5.247925040294299,1.2007820498759871
293.95,-5.259692196319663,1.1521894725998933
294.0,-5.270539517423272,1.10338029697813
294.05,-5.281386838526881,1.0545711213563662
294.1,-5.291569767790174,1.00562303646848
294.15000000000003,-5.301186043156337,0.9565564771018011
294.2,-5.310802318522488,0.9074899177351781
294.25,-5.319391930645678,0.8582355245030042
294.3,-5.327771076318827,0.8089426252396283
294.35,-5.336002189598155,0.759626474024054
294.40000000000003,-5.343138904341525,0.7101384219036366
294.45,-5.350275619084886,0.6606503697832754
294.5,-5.35690418622372,0.6110955496590605
294.55,-5.3627939548729,0.5614436551810115
294.6,-5.368683723522079,0.5117917607029623
294.65000000000003,-5.373704307275198,0.4620478320479842
294.7,-5.378343403594356,0.41226350936165224
294.75,-5.38298249991352,0.3624791866752637
294.8,-5.386391144761723,0.31259579802223664
294.85,-5.389776633800697,0.26271054505137276
294.90000000000003,-5.392826615166867,0.21280675838689397
294.95,-5.394956355117576,0.16285213690160683
295.0,-5.397086095068288,0.11289751541626289
295.05,-5.398522018255174,0.06292205184578195
295.1,-5.399394661806269,0.012929667493421532
295.15000000000003,-5.4002673053573655,-0.0370627168589389
295.2,-5.400088860499855,-0.08706022719186657
295.25,-5.399703855688666,-0.13705874488285408
295.3,-5.399169612036003,-0.18705423602280685
295.35,-5.397527202597294,-0.23702725365470192
295.40000000000003,-5.395884793158586,-0.287000271286597
295.45,-5.393738941628353,-0.33695040126149955
295.5,-5.390840166839652,-0.38686630158119417
295.55,-5.3879413920509505,-0.4367822019008887
295.6,-5.384187237281952,-0.48663762476828754
295.65000000000003,-5.380033931305546,-0.5364648266711316
295.7,-5.3758806253291445,-0.5862920285739192
295.75,-5.370522931115769,-0.6360035700746066
295.8,-5.365117721837792,-0.685710548585295
295.85,-5.35941118708295,-0.7353809204998498
295.90000000000003,-5.352757494450292,-0.7849362267177745
295.95,-5.346103801817642,-0.8344915329356428
296.0,-5.338803392034469,-0.8839517109131566
296.05,-5.330905425890571,-0.9333239919095917
296.1,-5.323007459746673,-0.9826962729060267
296.15000000000003,-5.3141214798071434,-1.0318977331367778
296.2,-5.304984237228029,-1.0810557517913804
296.25,-5.295755912910604,-1.1301956526876111
296.3,-5.285385175042813,-1.179108307451782
296.35,-5.275014437175022,-1.2280209622159528
296.40000000000003,-5.264214856142428,-1.27683703985166
296.45,-5.252617184544986,-1.3254733844255908
296.5,-5.24101951294753,-1.374109728999577
296.55,-5.22866044472775,-1.4225543617630476
296.6,-5.2158431772202265,-1.470883624675307
296.65000000000003,-5.203025909712702,-1.5192128875875663
296.7,-5.189120515880713,-1.567238873924268
296.75,-5.175091761900329,-1.6152304779999642
296.8,-5.16085719212381,-1.6631590984132134
296.85,-5.1456258275942215,-1.710782680119835
296.90000000000003,-5.130394463064632,-1.7584062618264564
296.95,-5.114634371053511,-1.8058533815967177
297.0,-5.09821003276872,-1.8530788102544593
297.05,-5.081785694483928,-1.900304238912201
297.1,-5.064516571754226,-1.9472239005619332
297.15000000000003,-5.046909651281091,-1.9940212974067855
297.2,-5.0293027308079745,-2.0408186942515845
297.25,-5.010542402914503,-2.0871654969558793
297.3,-4.99176404001773,-2.133505254043275
297.35,-4.97269120970873,-2.179721349466159
297.40000000000003,-4.952753285302489,-2.2255741484033154
297.45,-4.932815360896271,-2.2714269473404194
297.5,-4.912278289641583,-2.3170102125712075
297.55,-4.891193418272197,-2.36234704306626
297.6,-4.87010854690281,-2.4076838735613126
297.65000000000003,-4.84812822244333,-2.452590475002704
297.7,-4.825909744307881,-2.497382653218771
297.75,-4.803627966624558,-2.542142434378508
297.8,-4.780289939130236,-2.5863616210815223
297.85,-4.7569519116359125,-2.6305808077845367
297.90000000000003,-4.733257857194161,-2.6746063268116402
297.95,-4.708815046064152,-2.718224545299536
298.0,-4.684372234934116,-2.7618427637874814
298.05,-4.659289914308056,-2.8050919690597245
298.1,-4.633757784238871,-2.8480816228630794
298.15000000000003,-4.608225654169686,-2.891071276666434
298.2,-4.581780281845272,-2.9335028887211894
298.25,-4.555174986722324,-2.9758367790623996
298.3,-4.52844928893446,-3.0180928714167585
298.35,-4.500787661611222,-3.059744214418298
298.40000000000003,-4.473126034287983,-3.1013955574198375
298.45,-4.445073725975595,-3.1427802993090355
298.5,-4.416373267623428,-3.1837227429387913
298.55,-4.387672809271262,-3.2246651865685476
298.6,-4.358321909615954,-3.265139364330435
298.65000000000003,-4.328600778650989,-3.3053470050740077
298.7,-4.298879647686058,-3.345554645817534
298.75,-4.268259288451172,-3.3850799308584993
298.8,-4.23753628904546,-3.4245273301075896
298.85,-4.20665911753245,-3.4638515086186055
298.90000000000003,-4.174953687716491,-3.502513708765354
298.95,-4.143248257900568,-3.5411759089120585
299.0,-4.1111430578522485,-3.5795017751554274
299.05,-4.078475257216578,-3.617354315382324
299.1,-4.045807456580906,-3.65520685560922
299.15000000000003,-4.0125059206526705,-3.6924984042421856
299.2,-3.9788964176561388,-3.7295173359977305
299.25,-3.9452869146595684,-3.766536267753317
299.3,-3.9108217465206327,-3.8027584806956765
299.35,-3.8762918054133957,-3.838920382846022
299.40000000000003,-3.8415952810586638,-3.8749191652558355
299.45,-3.806166748428571,-3.910201158902355
299.5,-3.770738215798438,-3.9454831525489142
299.55,-3.734923962939211,-3.980367956061833
299.6,-3.698619253889234,-4.014747719016193
299.65000000000003,-3.662314544839257,-4.049127481970553
299.7,-3.6254175617076787,-4.082865840635471
299.75,-3.588259645674267,-4.116321621541848
299.8,-3.551101729640855,-4.149777402448226
299.85,-3.513157914920667,-4.1823379281707975
299.90000000000003,-3.475170301140919,-4.2148485602674155
299.95,-3.4370220849387096,-4.247166684489617
300.0,-3.3982288075762392,-4.278711599000194
300.05,-3.359435530213769,-4.310256513510771
300.1,-3.3202903061896736,-4.34135731535305
300.15000000000003,-3.2807159091283804,-4.371916554499915
300.2,-3.241141512067133,-4.4024757936467465
300.25,-3.2010371879259543,-4.432330635620525
300.3,-3.1607067092412393,-4.46188486525122
300.35,-3.120376230556524,-4.491439094881916
300.40000000000003,-3.0793514962126,-4.520020495607546
300.45,-3.0382904523300907,-4.548551017426731
300.5,-2.9970893318363983,-4.576874430572448
300.55,-2.9553237013876874,-4.604363193971765
300.6,-2.913558070938976,-4.631851957371081
300.65000000000003,-2.871489703231196,-4.658867907392049
300.7,-2.829045910617762,-4.685297520869784
300.75,-2.7866021180042795,-4.711727134347548
300.8,-2.7437069007054156,-4.737411057095056
300.85,-2.7006117993797445,-4.762764799259305
300.90000000000003,-2.6575166980540734,-4.788118541423554
300.95,-2.613835686443564,-4.8124470941734625
301.0,-2.5701165419196617,-4.836708924320801
301.05,-2.526287795533988,-4.860767264446413
301.1,-2.4819722681365404,-4.883921832710301
301.15000000000003,-2.4376567407390928,-4.907076400974189
301.2,-2.393098100434476,-4.929751065342471
301.25,-2.3482142277985916,-4.951783722404363
301.3,-2.3033303551627076,-4.973816379466254
301.35,-2.2580842703736916,-4.995087076293138
301.40000000000003,-2.2126604497058158,-5.01598388265043
301.45,-2.1672366290379914,-5.0368806890077
301.5,-2.12134607739879,-5.0567283998687484
301.55,-2.0754110475101744,-5.076476134653624
301.6,-2.029401644332973,-5.096044692871924
301.65000000000003,-1.9829844674570236,-5.11463086221552
301.7,-1.9365672905811269,-5.133217031559094
301.75,-1.8899714428199785,-5.151340196705266
301.8,-1.843101486224996,-5.168753041641879
301.85,-1.7962315296300133,-5.186165886578491
301.90000000000003,-1.7490932868530693,-5.202827791284282
301.95,-1.7018002042620735,-5.2190562951905966
302.0,-1.6545071216710239,-5.23528479909693
302.05,-1.606870928714749,-5.250470887616094
302.1,-1.5591846415438058,-5.26550478318083
302.15000000000003,-1.5114583345741923,-5.280405940267853
302.2,-1.463409013001979,-5.294235715987138
302.25,-1.4153596914297113,-5.3080654917064365
302.3,-1.3671949563617176,-5.321474440688667
302.35,-1.3188130002409484,-5.334091346883463
302.40000000000003,-1.2704310441201792,-5.346708253078259
302.45,-1.2218730704104723,-5.358613655496473
302.5,-1.1731890900347628,-5.370009709847799
302.55,-1.1245051096590533,-5.381405764199124
302.6,-1.0755993470619571,-5.39179761766496
302.65000000000003,-1.0266441437990617,-5.4019656102637486
302.7,-0.9776765135339933,-5.412069748242069
302.75,-0.9284810603383462,-5.421003246150295
302.8,-0.8792856071426991,-5.42993674405852
302.85,-0.8300305883141795,-5.4385170076774445
302.90000000000003,-0.7806260101309328,-5.446210358997653
302.95,-0.7312214319477423,-5.453903710317853
303.0,-0.6817248900603858,-5.460953346906137
303.05,-0.6321424441332035,-5.4674016843568625
303.1,-0.5825599982060211,-5.473850021807587
303.15000000000003,-0.5328679234773331,-5.479363625408754
303.2,-0.4831389795726146,-5.484562869403491
303.25,-0.4334100356678394,-5.489762113398234
303.3,-0.38356850423911226,-5.49373562593463
303.35,-0.33372452479877673,-5.4976824871624865
303.40000000000003,-0.2838631603108508,-5.501368078220851
303.45,-0.2339356805470486,-5.5040600597271485
303.5,-0.18400820078318963,-5.506752041233448
303.55,-0.1340580467000397,-5.5088951708866825
303.6,-0.08407865464305814,-5.510330569652321
303.65000000000003,-0.03409926258607657,-5.511765968417959
303.7,0.01589361217957641,-5.512365823213821
303.75,0.06589329566595731,-5.512543731232276
303.8,0.1158929791523382,-5.5127216392507306
303.85,0.16588255419323494,-5.51177874673535
303.90000000000003,0.21587089541783838,-5.510699051586728
303.95,0.265854205865722,-5.509472196443485
304.0,0.31579957832380934,-5.507135581365199
304.05,0.36574495078189667,-5.504798966286915
304.1,0.41566481840375247,-5.502032947219885
304.15000000000003,0.4655356227863916,-5.498440890673957
304.2,0.515406427168974,-5.494848834128034
304.25,0.5652171587359839,-5.490547380353174
304.3,0.6149818429221958,-5.4857021550904035
304.35,0.6647465271084076,-5.480856929827632
304.40000000000003,0.7144026097995476,-5.475025091415675
304.45,0.7640296888185085,-5.468929763037292
304.5,0.8136548306966699,-5.4628201499761335
304.55,0.8631129066477115,-5.455478574993805
304.6,0.912570982598753,-5.448137000011477
304.65000000000003,0.9619824314952508,-5.440506388828843
304.7,1.011240213412143,-5.4319232122243655
304.75,1.0604979953290912,-5.423340035619878
304.8,1.109650876191435,-5.414196604012005
304.85,1.1586771998397865,-5.404377256298036
304.90000000000003,1.207703523488138,-5.394557908584067
304.95,1.2565532697578785,-5.383911122160123
305.0,1.3053171173516165,-5.3728618159440575
305.05,1.3540809649453542,-5.361812509727992
305.1,1.4025833547450994,-5.349673110858393
305.15000000000003,1.4510538745707504,-5.337400836911338
305.2,1.4994890603945659,-5.324996035796163
305.25,1.5476355863303173,-5.311508558629615
305.3,1.5957821122660687,-5.298021081463067
305.35,1.6438131358265138,-5.284140399996561
305.40000000000003,1.691605206743801,-5.269446252949572
305.45,1.739397277661034,-5.254752105902599
305.5,1.7869809399839358,-5.239409276470625
305.55,1.8343883190192973,-5.223517756310559
305.6,1.8817956980546588,-5.207626236150492
305.65000000000003,1.9288892663346169,-5.190836219312757
305.7,1.975881960019727,-5.173757380353034
305.75,2.0228746537048905,-5.156678541393291
305.8,2.069435895448487,-5.138457510349146
305.85,2.1159841726863178,-5.1202021580876504
305.90000000000003,2.1624452557129876,-5.101732445665906
305.95,2.2085196665874127,-5.082312129948349
306.0,2.2545940774618907,-5.0628918142307695
306.05,2.300469154023555,-5.043014718253452
306.1,2.3460405484318954,-5.022441725965484
306.15000000000003,2.391611942840236,-5.001868733677515
306.2,2.4368601628016684,-4.98060323355199
306.25,2.481899708896655,-4.958890580845367
306.3,2.526939254991641,-4.937177928138744
306.35,2.5715203815569447,-4.914544152853878
306.40000000000003,2.615999583987985,-4.8917055769109705
306.45,2.6604625097724086,-4.868836259181117
306.5,2.704353227713593,-4.84488620952339
306.55,2.748243945654777,-4.8209361598656635
306.6,2.7919890386809496,-4.79672704184599
306.65000000000003,2.835263503634915,-4.771680671191743
306.7,2.878537968588831,-4.746634300537524
306.75,2.92152662919555,-4.721108145542155
306.8,2.964157462561597,-4.694981300219452
306.85,3.0067882959276444,-4.668854454896749
306.90000000000003,3.048982643025022,-4.642035102535683
306.95,3.0909428734207096,-4.614844312456389
307.0,3.132903103816445,-4.587653522377065
307.05,3.1742660041356054,-4.559565866131092
307.1,3.2155290844607363,-4.53132833433237
307.15000000000003,3.256747437206667,-4.503027174791101
307.20000000000005,3.2972872614384503,-4.473760766551319
307.25,3.337827085670187,-4.44449435831157
307.3,3.378167730519654,-4.4149592336739625
307.35,3.4179586502292834,-4.384682465209298
307.40000000000003,3.4577495699389122,-4.354405696744633
307.45000000000005,3.4971773117610834,-4.323663880656087
307.5,3.536194152340476,-4.2923959074055285
307.55,3.5752109929199127,-4.261127934154935
307.6,3.6136914783753498,-4.229207668983049
307.65000000000003,3.6519095549643708,-4.196968273488772
307.70000000000005,3.6901276315533917,-4.164728877994496
307.75,3.727627375006155,-4.131659349125388
307.8,3.7650225081095687,-4.098468928516729
307.85,3.8023555190824823,-4.065210264278075
307.90000000000003,3.838904049867541,-4.031089817366369
307.95000000000005,3.8754525806526,-3.9969693704546616
308.0,3.9117637044182962,-3.962600948966212
308.05,3.94744250968278,-3.927572062959075
308.1,3.983121314947264,-3.8925431769519374
308.15000000000003,4.0183792663544144,-3.8570962770487767
308.20000000000005,4.053165773155718,-3.8211811138921967
308.25,4.087952279956983,-3.7852659507356576
308.3,4.12212672300242,-3.748772698949658
308.35,4.155998922938603,-3.7119939813063745
308.40000000000003,4.189871122874787,-3.6752152636630915
308.45000000000005,4.222932692930528,-3.6377086057281423
308.5,4.255869156064056,-3.6000896026014093
308.55,4.288746055976044,-3.562419759255015
308.6,4.320725944391777,-3.523984271266469
308.65000000000003,4.35270583280751,-3.485548783277923
308.70000000000005,4.384434361972893,-3.446909448892887
308.75,4.415437442961108,-3.4076817932245445
308.8,4.446440523949358,-3.368454137556157
308.85,4.476993738692755,-3.328880037797972
308.90000000000003,4.507000397549751,-3.2888850328068324
308.95000000000005,4.537007056406747,-3.248890027815693
309.0,4.566359052330942,-3.2084166038693605
309.05,4.595350304768172,-3.167679553385537
309.1,4.624341557205404,-3.126942502901714
309.15000000000003,4.652467487455307,-3.0856058807074636
309.20000000000005,4.680424991610019,-3.0441525580247095
309.25,4.708352520350843,-3.0026795628135776
309.3,4.735258588390066,-2.960536194383067
309.35,4.762164656429291,-2.918392825952556
309.40000000000003,4.788836689564806,-2.876104150352273
309.45000000000005,4.814674298875617,-2.833297399189597
309.5,4.840511908186399,-2.790490648026969
309.55,4.8659061960202195,-2.7474238636106323
309.6,4.890658999979096,-2.7039808124266567
309.65000000000003,4.915411803937974,-2.660537761242681
309.70000000000005,4.939507207918896,-2.616731014194845
309.75,4.963159546233417,-2.5726791482610194
309.8,4.986811884547966,-2.5286272823271436
309.85,5.009588391365657,-2.4841192609555787
309.90000000000003,5.032125299982009,-2.4394864507144716
309.95000000000005,5.05466220859836,-2.394853640473365
310.0,5.076100943339261,-2.3496835423939944
310.05,5.0975081639091,-2.304498025826446
310.1,5.118734633934428,-2.2592296435212607
310.15000000000003,5.138998622835409,-2.2135200082807303
310.20000000000005,5.1592626117363904,-2.1678103730402003
310.25,5.179129843259418,-2.121930785211614
310.3,5.198237780163487,-2.0757259505373953
310.35,5.2173457170675555,-2.0295211158631763
310.40000000000003,5.2358375883966115,-1.983070535008532
310.45000000000005,5.253777384380646,-1.936399733429262
310.5,5.271717180364661,-1.8897289318500452
310.55,5.288818743653126,-1.8427479642820455
310.6,5.305579048846892,-1.795640723120909
310.65000000000003,5.3223393540406585,-1.7485334819597729
310.70000000000005,5.338036844121216,-1.7010630939500684
310.75,5.353607054887656,-1.6535492166437105
310.8,5.369087842263354,-1.6060072758424895
310.85,5.383458107906899,-1.5581168230848248
310.90000000000003,5.397828373550444,-1.5102263703271603
310.95000000000005,5.411890227447688,-1.4622475862966806
311.0,5.425051456445985,-1.414010857020637
311.05,5.438212685444298,-1.365774127744538
311.1,5.45084466714082,-1.317400122808381
311.15000000000003,5.462788532896384,-1.268847635016152
311.20000000000005,5.4747323986519465,-1.220295147223923
311.25,5.485924772490199,-1.1715677860660942
311.3,5.496643718597906,-1.1227302575215337
311.35,5.507362664705615,-1.0738927289769733
311.40000000000003,5.517106902564521,-1.0248540843074272
311.45000000000005,5.526594147591982,-0.9757624131015071
311.5,5.536081392619434,-0.9266707418956428
311.55,5.544370177416962,-0.8773630600650778
311.6,5.552619719194504,-0.8280483050675869
311.65000000000003,5.560689869781993,-0.7787058554504669
311.70000000000005,5.567696489199635,-0.729199216659932
311.75,5.574703108617269,-0.6796925778694534
311.8,5.58131124701606,-0.6301346456899088
311.85,5.5870705113250985,-0.58046744449416
311.90000000000003,5.5928297756341365,-0.5308002432984114
311.95000000000005,5.597971440055635,-0.4810692878344028
312.0,5.602479705672675,-0.43127294719453185
312.05,5.606987971289721,-0.3814766065546043
312.1,5.610659913026346,-0.33161514308957296
312.15000000000003,5.613914327838104,-0.28172116765933186
312.20000000000005,5.617168742649861,-0.23182719222909073
312.25,5.619368925259612,-0.18187775786556545
312.3,5.621367430426911,-0.13191771405957015
312.35,5.623352201873097,-0.08195729380097484
312.40000000000003,5.62409353313305,-0.03196278982340226
312.45000000000005,5.624834864393002,0.018031714154170334
312.5,5.625347901494435,0.06802673188050712
312.55,5.624831589959874,0.11802406603344276
312.6,5.624315278425313,0.16802140018637843
312.65000000000003,5.623357371475429,0.2180086186204999
312.70000000000005,5.621583743931152,0.26797715117184845
312.75,5.619810116386877,0.3179456837231402
312.8,5.617383255420619,0.3678827997889573
312.85,5.614353434116227,0.41779091719349737
312.90000000000003,5.611323612811836,0.4676990345980373
312.95000000000005,5.607430982588435,0.5175438723567702
313.0,5.603146884527917,0.5673599993018094
313.05,5.598862786467395,0.6171761262469051
313.1,5.593508760532006,0.6668866701369168
313.15000000000003,5.587973096260476,0.716579289519211
313.20000000000005,5.582411293932693,0.7662686638745703
313.25,5.575627565821142,0.8158063367398193
313.3,5.568843837709584,0.8653440096051246
313.35,5.561828632826905,0.9148470127576036
313.40000000000003,5.553801132855905,0.9641983981912173
313.45000000000005,5.545773632884906,1.013549783624831
313.5,5.537312133739364,1.0628249602081963
313.55,5.528045940783311,1.111958835163294
313.6,5.518779747827258,1.161092710118392
313.65000000000003,5.508880221916464,1.2100988757191846
313.70000000000005,5.498381198529906,1.2589841547705498
313.75,5.487882175143358,1.3078694338218593
313.8,5.4765540392564365,1.3565657068691284
313.85,5.4648288279646176,1.4051714618798568
313.90000000000003,5.4531036166727995,1.4537772168905851
313.95000000000005,5.440357426111003,1.5021230501994167
314.0,5.427413445206974,1.5504185298880095
314.05,5.41446946430293,1.5987140095766574
314.1,5.400316901246801,1.646669221521415
314.15000000000003,5.386162340097647,1.694623870917235
314.20000000000005,5.37181782611832,1.7425198458339166
314.25,5.356461639983721,1.7901033256078462
314.3,5.341105453849105,1.8376868053818298
314.35,5.325371546163331,1.8851431195605506
314.40000000000003,5.308823450529356,1.9323253252199886
314.45000000000005,5.292275354895382,1.9795075308794268
314.5,5.275166284097275,2.0264850284902924
314.55,5.257436748529414,2.073236109424851
314.6,5.239707212961552,2.1199871903594096
314.65000000000003,5.221238288336152,2.1664471827898852
314.70000000000005,5.202338529855142,2.2127375611568865
314.75,5.183438771374154,2.259027939523835
314.8,5.163626365665824,2.3049322345404146
314.85,5.143568341650617,2.3507326239777027
314.90000000000003,5.123510317635411,2.3965330134149907
314.95000000000005,5.1023718510404565,2.441843943836625
315.0,5.081168251662866,2.4871253679907896
315.05,5.059854335488861,2.5323534331483746
315.1,5.037518575684402,2.5770872440072514
315.15000000000003,5.015182815879942,2.621821054866128
315.20000000000005,4.992566622541585,2.666410409898431
315.25,4.969112833522118,2.7105683059151673
315.3,4.945659044502625,2.7547262019319536
315.35,4.92176032565071,2.798640557294289
315.40000000000003,4.897203345963523,2.8421946012930355
315.45000000000005,4.872646366276336,2.8857486452917818
315.5,4.847485858932296,2.928952328223207
315.55,4.8218412250721,2.9718749650734453
315.6,4.796196591211904,3.014797601923683
315.65000000000003,4.769795998565186,3.0572555826232253
315.70000000000005,4.743079935144202,3.0995196566730367
315.75,4.716363871723247,3.1417837307228003
315.8,4.688745843247139,3.183461647932889
315.85,4.660975252730058,3.2250404201890905
315.90000000000003,4.633200321106316,3.2666162133811687
315.95000000000005,4.6043927731163,3.3074833784260234
316.0,4.575585225126315,3.3483505434708314
316.05,4.546622686967325,3.3891055107587023
316.1,4.516796407169989,3.4292352133921917
316.15000000000003,4.486970127372653,3.469364916025681
316.20000000000005,4.456844700640237,3.5092663825288084
316.25,4.426018559212613,3.54863323412605
316.3,4.395192417784955,3.588000085723336
316.35,4.363929692675083,3.627016125114231
316.40000000000003,4.332123192366615,3.665595219687965
316.45000000000005,4.300316692058147,3.704174314261699
316.5,4.267943108386831,3.7422737714431316
316.55,4.23517637218058,3.7800407014003237
316.6,4.202409635974329,3.8178076313575153
316.65000000000003,4.168952459988246,3.8549601444613546
316.70000000000005,4.13524621836931,3.8918910160449824
316.75,4.101539976750412,3.928821887628568
316.8,4.067027277382929,3.964997909321467
316.85,4.032402855222693,4.0010693577269825
316.90000000000003,3.9977597545905454,4.037122420058421
316.95000000000005,3.962239057654938,4.0723116242155255
317.0,3.926718360719371,4.107500828372591
317.05,3.891055712203299,4.142543092807897
317.1,3.8546612132934506,4.176827789818394
317.15000000000003,3.8182667143836024,4.211112486828891
317.20000000000005,3.7816142944549975,4.245116398089545
317.25,3.7443690191892345,4.278474897311987
317.3,3.7071237439234292,4.311833396534467
317.35,3.66951204619727,4.3447722781866265
317.40000000000003,3.6314395584432213,4.377183474959035
317.45000000000005,3.5933670706891725,4.409594671731443
317.5,3.5548272800598806,4.441442744206379
317.55,3.5159516670264144,4.472886133197916
317.6,3.4770760539929477,4.504329522189453
317.65000000000003,3.4376400203332578,4.5350619200472995
317.70000000000005,3.3979858773309193,4.565517608231123
317.75,3.3583317343286256,4.595973296414912
317.8,3.3180319457742034,4.625566084840963
317.85,3.277624360654437,4.65501480407948
317.90000000000003,3.2372167755346704,4.684463523317996
317.95000000000005,3.196086331375816,4.712893713842772
318.0,3.1549508686585748,4.741316833077554
318.05,3.11372530444523,4.769605980707238
318.1,3.071887989144844,4.796985517746006
318.15000000000003,3.0300506738444586,4.824365054784775
318.20000000000005,2.9880359067676516,4.851465847503776
318.25,2.9455232079277813,4.877784480396574
318.3,2.9030105090878626,4.904103113289403
318.35,2.860240878382929,4.929994816887082
318.40000000000003,2.8170796923299903,4.955235894885146
318.45000000000005,2.773918506277051,4.980476972883209
318.5,2.7304288674444654,5.0051398439060275
318.55,2.6866465007714133,5.0292873979955655
318.6,2.642864134098361,5.053434952085103
318.65000000000003,2.5986898304323947,5.076850249984786
318.70000000000005,2.5543139827224572,5.099889002989769
318.75,2.5099381350125705,5.122927755994725
318.8,2.465114968864007,5.145077754462394
318.85,2.4201737151659986,5.166993130709496
318.90000000000003,2.37523246146799,5.1889085069566
318.95000000000005,2.3297966652630677,5.209776504438155
319.0,2.284318438329231,5.2305546389778685
319.05,2.238814846137575,5.25127535552717
319.1,2.1928284184348397,5.270903102905384
319.15000000000003,2.1468419907321046,5.290530850283599
319.20000000000005,2.10077031258394,5.309951692584543
319.25,2.0543047780908297,5.328416635158676
319.3,2.007839243597667,5.346881577732829
319.35,1.9612365230713278,5.364988237664673
319.40000000000003,1.9143212788707287,5.382278693459658
319.45000000000005,1.8674060346701298,5.399569149254643
319.5,1.8203096461264667,5.416348369849818
319.55,1.772974373807336,5.4324533999483675
319.6,1.7256391014882055,5.448558430046917
319.65000000000003,1.6780867204020056,5.463998012325488
319.70000000000005,1.630361367280691,5.478907427788419
319.75,1.5826360141594302,5.4938168432513335
319.8,1.5346655873360544,5.50790565222282
319.85,1.4865803475095891,5.521610020534844
319.90000000000003,1.438495107683124,5.535314388846868
319.95000000000005,1.390144823382399,5.5480423586788215
320.0,1.3417301186257982,5.560533009715749
320.05,1.2933154138691423,5.57302366075269
320.1,1.2446236718606163,5.5843817991053735
320.15000000000003,1.1959101323798453,5.595650830619047
320.20000000000005,1.1471835294177242,5.606859971043023
320.25,1.0982019744713873,5.616900253660308
320.3,1.0492204195249948,5.626940536277605
320.35,1.0001986841251804,5.636771446181174
320.40000000000003,0.9509801025258383,5.645576627914153
320.45000000000005,0.9017615209264962,5.654381809647131
320.5,0.8524833574269359,5.6628279534437596
320.55,0.803058887935966,5.670392463707929
320.6,0.7536344184449961,5.677956973972098
320.65000000000003,0.7041386423859537,5.685012895060378
320.70000000000005,0.6545395540129034,5.691331948198615
320.75,0.6049404656399096,5.697651001336843
320.8,0.5552659739022476,5.703312322779864
320.85,0.5055236461221935,5.708381921089717
320.90000000000003,0.4557813183421392,5.71345151939957
320.95000000000005,0.40596705934096056,5.71771494378372
321.0,0.3561129622419,5.721531880046219
321.05,0.3062588651427828,5.725348816308723
321.1,0.2563438090995207,5.728212124785574
321.15000000000003,0.20640948347214155,5.730773984293946
321.20000000000005,0.15647515784476237,5.733335843802317
321.25,0.10649826715988932,5.7347978943179285
321.3,0.05651530454334254,5.736103056404865
321.35,0.006532341926795776,5.7374082184918
321.40000000000003,-0.043467458325322846,5.737468943208443
321.45000000000005,-0.0934674356305249,5.737516582271069
321.5,-0.1434659054287784,5.73743453722765
321.55,-0.19345126436683038,5.736224623249457
321.6,-0.24343662330488236,5.7350147092712636
321.65000000000003,-0.29341200557291236,5.733533645496115
321.70000000000005,-0.34335112234578224,5.731066944065561
321.75,-0.39329023911859534,5.72860024263501
321.8,-0.44320386697180986,5.725722496359479
321.85,-0.49306514704630017,5.722000568185242
321.90000000000003,-0.5429264271207905,5.718278640011006
321.95000000000005,-0.5927397673720545,5.714007604400672
322.0,-0.6424916654684165,5.709032804323874
322.05,-0.6922435635648351,5.70405800424707
322.1,-0.7419182453244301,5.69839812338253
322.15000000000003,-0.7915292853740039,5.6921735988865025
322.20000000000005,-0.8411403254235776,5.685949074390474
322.25,-0.8906381684615282,5.678905836481456
322.3,-0.9400769635199854,5.671435525700112
322.35,-0.9895157585784425,5.6639652149187665
322.40000000000003,-1.038798801429263,5.655545144760187
322.45000000000005,-1.0880340735341054,5.646833773986105
322.5,-1.1372693456388916,5.638122403212034
322.55,-1.1862998734277996,5.628333053891236
322.6,-1.2353004733865598,5.618386134585152
322.65000000000003,-1.28430107334532,5.608439215279068
322.70000000000005,-1.3330416453172713,5.597289159143791
322.75,-1.3817765724142703,5.586112984447339
322.8,-1.4304865546331544,5.574833987894422
322.85,-1.478924976242509,5.562435628648295
322.90000000000003,-1.5273633978518633,5.550037269402168
322.95000000000005,-1.5757401186425852,5.537409884683299
323.0,-1.6238513897343312,5.523797184953526
323.05,-1.671962660826132,5.510184485223738
323.1,-1.7199694567143367,5.496219512777849
323.15000000000003,-1.7677231392426296,5.48140108489269
323.20000000000005,-1.8154768217709227,5.466582657007532
323.25,-1.8630773908990086,5.451291878674784
323.3,-1.9104432730586094,5.435277097775776
323.35,-1.9578091552182102,5.419262316876768
323.40000000000003,-2.00496758324408,5.402658483816164
323.45000000000005,-2.0519156985842213,5.385457481926427
323.5,-2.09886381392431,5.3682564800367105
323.55,-2.145544599522503,5.350353299969577
323.6,-2.1920452459052195,5.331976959583362
323.65000000000003,-2.2385458922879367,5.313600619197148
323.70000000000005,-2.28471397223706,5.294412742988848
323.75,-2.3307377306284387,5.274872690186255
323.8,-2.3767614890198696,5.25533263738364
323.85,-2.42238226285845,5.234875644977042
323.90000000000003,-2.467900015940817,5.214184242068264
323.95000000000005,-2.5134177690231843,5.193492839159485
324.0,-2.558457123257794,5.1717832248737095
324.05,-2.6034400738506664,5.149953562577656
324.1,-2.648423024443539,5.128123900281602
324.15000000000003,-2.692847356293308,5.105179057489992
324.20000000000005,-2.7372670455722132,5.0822249466519
324.25,-2.78163465001117,5.0591730781624165
324.3,-2.8254629755121115,5.035109041016
324.35,-2.8692913010130527,5.011045003869582
324.40000000000003,-2.913006030531138,4.986780102045904
324.45000000000005,-2.956215263929763,4.961621363025352
324.5,-2.9994244973283397,4.93646262400483
324.55,-3.042454027194781,4.911003988895977
324.6,-3.085016831848708,4.884766465003787
324.65000000000003,-3.127579636502635,4.858528941111597
324.70000000000005,-3.1698922254367514,4.831896714691787
324.75,-3.211781673680098,4.804597005428428
324.8,-3.2536711219234924,4.777297296165037
324.85,-3.2952356335526027,4.749512444564638
324.90000000000003,-3.3364252237319922,4.721167821426292
324.95000000000005,-3.3776148139113813,4.692823198287945
325.0,-3.4184007376885486,4.6639074934894325
325.05,-3.458864410929121,4.634535889040895
325.1,-3.4993280841696937,4.605164284592356
325.15000000000003,-3.5393055557384923,4.575140285607392
325.20000000000005,-3.5790177124302196,4.544760282136467
325.25,-3.6187298691219016,4.514380278665576
325.3,-3.657869690114961,4.48327131221033
325.35,-3.696805206108168,4.451902129971324
325.40000000000003,-3.7357407221013754,4.420532947732317
325.45000000000005,-3.7740143793616387,4.388363088417261
325.5,-3.8121486218617404,4.356024573470862
325.55,-3.8502828643618856,4.323686058524425
325.6,-3.8876625485742946,4.290480108576304
325.65000000000003,-3.9249713917258497,4.257192720233377
325.70000000000005,-3.9622790184506456,4.223904002545906
325.75,-3.9987388586002233,4.189688800423723
325.8,-4.035198698749842,4.155473598301501
325.85,-4.071581983355628,4.121178847336415
325.90000000000003,-4.107169753984914,4.086057478034555
325.95000000000005,-4.1427575246142,4.050936108732696
326.0,-4.178190323318603,4.015661610193365
326.05,-4.212883509637061,3.979656293598817
326.1,-4.2475766959555195,3.9436509770042694
326.15000000000003,-4.282033622995062,3.9074236728287
326.20000000000005,-4.315810276183974,3.870557188057871
326.25,-4.349586929372849,3.8336907032870835
326.3,-4.38304337289067,3.796538169650569
326.35,-4.4158821239888875,3.7588338406377075
326.40000000000003,-4.448720875087105,3.7211295116248464
326.45000000000005,-4.481153012382149,3.683079936573275
326.5,-4.513033085805044,3.6445616173141606
326.55,-4.544913159227976,3.6060432980550026
326.6,-4.576297971356922,3.567125458787968
326.65000000000003,-4.607199198040009,3.527817518248161
326.70000000000005,-4.6381004247230955,3.4885095777083537
326.75,-4.668415710447615,3.448752817530552
326.8,-4.698318540606191,3.4086801242281575
326.85,-4.728221370764769,3.368607430925763
326.90000000000003,-4.757445759837296,3.3280416358852283
326.95000000000005,-4.7863312753345655,3.2872295421572963
327.0,-4.815216790831802,3.2464174484294106
327.05,-4.843329756612746,3.205073023662287
327.1,-4.871179682928175,3.1635473496252886
327.15000000000003,-4.8990296092436045,3.12202167558829
327.20000000000005,-4.926011480644724,3.0799295213882916
327.25,-4.952808198435176,3.037716538602725
327.3,-4.979604916225658,2.9955035558171104
327.35,-5.005436888973745,2.952695043449484
327.40000000000003,-5.0311634452203124,2.9098214582985547
327.45000000000005,-5.05689000146688,2.866947873147625
327.5,-5.081554148682931,2.8234548204267393
327.55,-5.1061942674158445,2.7799477572205284
327.6,-5.130775575643017,2.736408356849211
327.65000000000003,-5.154313668238547,2.6922953406639083
327.70000000000005,-5.177851760834078,2.6481823244786056
327.75,-5.201246952239005,2.60399535184573
327.8,-5.223668127281352,2.5593042911095907
327.85,-5.246089302323699,2.514613230373451
327.90000000000003,-5.268282432150565,2.4698113286364136
327.95000000000005,-5.289572504852651,2.4245704974731748
328.0,-5.310862577554714,2.3793296663099874
328.05,-5.331838604861991,2.3339458433969296
328.1,-5.3519841060392235,2.2881838637378444
328.15000000000003,-5.372129607216455,2.2424218840787598
328.20000000000005,-5.391874402432617,2.1964894875948837
328.25,-5.41086258702389,2.1502353110707815
328.3,-5.429850771615184,2.103981134546627
328.35,-5.44835112339738,2.0575338265495104
328.40000000000003,-5.466169978528041,2.0108167161740482
328.45000000000005,-5.483988833658701,1.9640996057985864
328.5,-5.501232455053187,1.9171713374615709
328.55,-5.517870707634582,1.870020849117986
328.6,-5.5345089602159785,1.822870360774401
328.65000000000003,-5.550484494119567,1.775495346957056
328.70000000000005,-5.565931617980756,1.727941310699146
328.75,-5.581378741841928,1.68038727444129
328.8,-5.596075765763853,1.63259996818705
328.85,-5.610321988310671,1.584672469366977
328.90000000000003,-5.62456821085749,1.536744970546904
328.95000000000005,-5.637977240982331,1.4885800375259726
329.0,-5.651013549379705,1.4403093977605328
329.05,-5.664049857777093,1.392038757995038
329.1,-5.676162352329204,1.3435310509125253
329.15000000000003,-5.687980499202868,1.294947808899728
329.20000000000005,-5.699798646076533,1.2463645668869303
329.25,-5.710607007987373,1.1975490998749825
329.3,-5.721199516641168,1.1486839920738066
329.35,-5.731792025294964,1.0998188842726304
329.40000000000003,-5.741289604175192,1.0507308072852393
329.45000000000005,-5.750649773320929,1.001614748469774
329.5,-5.760009942466656,0.9524986896543643
329.55,-5.768191035885086,0.9031732628845144
329.6,-5.77631294388177,0.8538373265855532
329.65000000000003,-5.784416197351147,0.8044985597771878
329.70000000000005,-5.791294705950966,0.7549739586233892
329.75,-5.7981732145507765,0.705449357469647
329.8,-5.804955774843444,0.6559126578899414
329.85,-5.810586532442142,0.6062307238609111
329.90000000000003,-5.816217290040839,0.5565487898318809
329.95000000000005,-5.821675509993552,0.5068494958602465
330.0,-5.82605495438312,0.4570416604642619
330.05,-5.8304343987726925,0.40723382506822076
330.1,-5.834565575177252,0.3574073034653982
330.15000000000003,-5.837690935799225,0.30750507785387554
330.20000000000005,-5.840816296421197,0.2576028522423529
330.25,-5.843618668391637,0.20768447300425452
330.3,-5.845487968089505,0.15771942803638733
330.35,-5.847357267787372,0.1077543830685201
330.40000000000003,-5.848830014459657,0.05777949439884611
330.45000000000005,-5.84944207072937,0.007783240667946348
330.5,-5.8500541269990824,-0.042213013062896584
330.55,-5.850197364568663,-0.09220910964274182
330.6,-5.849551790306379,-0.1422049418077692
330.65000000000003,-5.848906216044097,-0.19220077397279656
330.70000000000005,-5.847720994147316,-0.24218284836022574
330.75,-5.845818197893939,-0.2921466289058814
330.8,-5.84391540164056,-0.3421104094515938
330.85,-5.841403699086213,-0.3920433275276958
330.90000000000003,-5.838244884768548,-0.4419434466869556
330.95000000000005,-5.835086070450882,-0.4918435658462156
331.0,-5.831250790308728,-0.5416923138522657
331.05,-5.826837956477465,-0.5914972021422675
331.1,-5.8224251226462025,-0.6413020904322694
331.15000000000003,-5.8172700866996925,-0.6910317991414457
331.20000000000005,-5.811606025264644,-0.7407099473362129
331.25,-5.805941963829601,-0.7903880955309235
331.3,-5.7994719064005364,-0.8399640641979061
331.35,-5.7925602008639565,-0.8894840432626975
331.40000000000003,-5.7856484953273775,-0.9390040223274888
331.45000000000005,-5.777869056480513,-0.9883917424008289
331.5,-5.769714079669643,-1.037722223375667
331.55,-5.761559102858763,-1.0870527043505616
331.6,-5.752476820994955,-1.1362178829311274
331.65000000000003,-5.743083732295128,-1.1853276567514093
331.70000000000005,-5.733690643595301,-1.2344374305716914
331.75,-5.72331294744209,-1.2833460136016888
331.8,-5.712687689532344,-1.3322040108421935
331.85,-5.702062431622597,-1.381062008082698
331.90000000000003,-5.690397631631504,-1.4296802032503646
331.95000000000005,-5.678546926724524,-1.4782555137816313
332.0,-5.666696221817557,-1.526830824312843
332.05,-5.653753500977952,-1.5751251236568637
332.1,-5.640684846566899,-1.6233870162004254
332.15000000000003,-5.627616192155846,-1.671648908743987
332.20000000000005,-5.6134055962352445,-1.7195861109440074
332.25,-5.599127260350117,-1.767504052514445
332.3,-5.584848924464973,-1.8154219940849368
332.35,-5.569381351686414,-1.8629692264230198
332.40000000000003,-5.553902367662846,-1.910512901644853
332.45000000000005,-5.538380413042428,-1.9580419865596288
332.5,-5.521710573806483,-2.0051813168459485
332.55,-5.505040734570519,-2.0523206471323223
332.6,-5.4882755665438,-2.099424911443574
332.65000000000003,-5.4704254184159815,-2.1461300740256344
332.70000000000005,-5.452575270288163,-2.192835236607695
332.75,-5.434579530320988,-2.239482646991941
332.8,-5.415560366343883,-2.285724093786062
332.85,-5.3965412023667785,-2.3319655405801836
332.90000000000003,-5.377328344826016,-2.378124457905353
332.95000000000005,-5.3571521976193095,-2.4238729342066905
333.0,-5.336976050412625,-2.469621410507976
333.05,-5.316560330065374,-2.5152606101326267
333.1,-5.295239964213071,-2.5604871731230223
333.15000000000003,-5.273919598360767,-2.605713736113418
333.20000000000005,-5.252316057375344,-2.650802427790449
333.25,-5.229864961349926,-2.6954784648489647
333.3,-5.207413865324482,-2.740154501907531
333.35,-5.1846383197859325,-2.78466234927965
333.40000000000003,-5.161070697414456,-2.8287595960843728
333.45000000000005,-5.137503075042978,-2.8728568428890955
333.5,-5.113572100995716,-2.9167539825647104
333.55,-5.088902862473538,-2.960244540973823
333.6,-5.06423362395136,-3.003735099382936
333.65000000000003,-5.039164542981694,-3.0469921595816154
333.70000000000005,-5.013409295439106,-3.089848515283203
333.75,-4.987654047896548,-3.1327048709847425
333.8,-4.961464912268844,-3.1752929897405555
333.85,-4.934639949896932,-3.2174880296593176
333.90000000000003,-4.907814987525021,-3.2596830695780796
333.95000000000005,-4.880524564884335,-3.301573912491504
334.0,-4.852646858626135,-3.3430809419416794
334.05,-4.824769152367903,-3.384587971391902
334.1,-4.796396910023248,-3.4257537489195373
334.15000000000003,-4.7674840968366805,-3.466546508493252
334.20000000000005,-4.738571283650112,-3.5073392680669673
334.25,-4.709137372452137,-3.547752752339742
334.3,-4.679207744151802,-3.5878054345196464
334.35,-4.649278115851469,-3.6278581166995503
334.40000000000003,-4.618803353678492,-3.6674926578604943
334.45000000000005,-4.587875845362968,-3.7067799233468297
334.5,-4.55694833704748,-3.7460671888331207
334.55,-4.525454191914763,-3.784896730885231
334.6,-4.493548369987024,-3.8233937246265173
334.65000000000003,-4.461642548059285,-3.861890718367804
334.70000000000005,-4.429151120865341,-3.89988981452466
334.75,-4.396287170653834,-3.93757218144198
334.8,-4.363423220442289,-3.9752545483593433
334.85,-4.329957227367442,-4.012398375889874
334.90000000000003,-4.296155940355405,-4.049242276285063
334.95000000000005,-4.262354653343368,-4.086086176680252
335.0,-4.227937407915213,-4.122350551240469
335.05,-4.19322016858687,-4.158332675877846
335.1,-4.1585029292585265,-4.194314800515223
335.15000000000003,-4.123158324099127,-4.229676189960046
335.20000000000005,-4.087547096410404,-4.264773774812899
335.25,-4.051935868721722,-4.299871359665712
335.3,-4.015688356992217,-4.334306897333738
335.35,-3.9792056704750136,-4.368497737985716
335.40000000000003,-3.9427229839578097,-4.402688578637695
335.45000000000005,-3.9055975605149107,-4.436176076103569
335.5,-3.8682664960235904,-4.469438541796006
335.55,-3.830935431532227,-4.502701007488479
335.6,-3.792957613812524,-4.535218966776576
335.65000000000003,-3.754801788921395,-4.567532014093082
335.70000000000005,-3.716645964030266,-4.599845061409589
335.75,-3.6778417726776205,-4.631372686663914
335.8,-3.638885326739306,-4.662715872842996
335.85,-3.599928880800992,-4.694059059022078
335.90000000000003,-3.56032482005232,-4.724576267627794
335.95000000000005,-3.520592398925615,-4.754929763495832
336.0,-3.4808599777989553,-4.785283259363835
336.05,-3.440483015644629,-4.81477069251547
336.1,-3.399999756102117,-4.84411529503133
336.15000000000003,-3.359516496559605,-4.873459897547191
336.20000000000005,-3.3183940446932803,-4.901898930260351
336.25,-3.2771855585183984,-4.930216074663865
336.3,-3.23597707234347,-4.958533219067411
336.35,-3.194136965917703,-4.985905969629932
336.40000000000003,-3.152229323701079,-5.0131777411867136
336.45000000000005,-3.1103216814844554,-5.040449512743496
336.5,-3.067792158687628,-5.066738851603193
336.55,-3.025211873333649,-5.092947996937882
336.6,-2.9826315879796703,-5.11915714227257
336.65000000000003,-2.939441269449656,-5.144346700359203
336.70000000000005,-2.896215279402676,-5.169476638370657
336.75,-2.8529892893557447,-5.194606576382082
336.8,-2.8091671574469173,-5.218680752860787
336.85,-2.7653228096485725,-5.242715585211746
336.90000000000003,-2.7214784618502277,-5.2667504175627045
336.95000000000005,-2.677053839768512,-5.289694387017913
337.0,-2.632618872356568,-5.312618908192741
337.05,-2.5881839049445743,-5.335543429367595
337.1,-2.5431864357670664,-5.35734314841561
337.15000000000003,-2.4981889605265755,-5.379142855339829
337.20000000000005,-2.4531826263020347,-5.400923674378502
337.25,-2.407651110880603,-5.421584775593666
337.3,-2.3621195954591196,-5.442245876808854
337.35,-2.316571770000513,-5.462869799476147
337.40000000000003,-2.2705350198977765,-5.482379223864847
337.45000000000005,-2.22449826979504,-5.501888648253548
337.5,-2.1784391093601903,-5.521343282605472
337.55,-2.1319262497042284,-5.539688687660295
337.6,-2.0854133900482665,-5.558034092715117
337.65000000000003,-2.0388733044266063,-5.576307841760048
337.70000000000005,-1.991913761547676,-5.593477621391787
337.75,-1.9449542186687994,-5.610647401023507
337.8,-1.8979638500478604,-5.627729466940737
337.85,-1.8505873328617812,-5.643712758820633
337.90000000000003,-1.8032108156757019,-5.6596960507005285
337.95000000000005,-1.7558010174729053,-5.675576438493905
338.0,-1.7080374986857243,-5.690363130925317
338.05,-1.660273979898489,-5.705149823356746
338.1,-1.6124757955743019,-5.719819343944459
338.15000000000003,-1.5643554927197572,-5.73340008225976
338.20000000000005,-1.5162351898652127,-5.746980820575061
338.25,-1.4680798317323793,-5.7604310933175045
338.3,-1.4196331880551294,-5.772797285795832
338.35,-1.3711865443778795,-5.7851634782741606
338.40000000000003,-1.3227053724215356,-5.797386932942133
338.45000000000005,-1.2739630376169528,-5.808530756244673
338.5,-1.2252207028124256,-5.819674579547201
338.55,-1.1764452035365558,-5.8306644577328814
338.6,-1.1274380143602192,-5.840578861851926
338.65000000000003,-1.0784308251838823,-5.85049326597097
338.70000000000005,-1.029392590497842,-5.860243621944921
338.75,-0.9801515512567758,-5.868922334663679
338.8,-0.9309105120156536,-5.8776010473824485
338.85,-0.8816412181761437,-5.886106748399853
338.90000000000003,-0.8321974811136748,-5.89354427926026
338.95000000000005,-0.7827537440512058,-5.900981810120666
339.0,-0.7332851306736696,-5.9082385361806296
339.05,-0.6836699762613868,-5.914430179956455
339.1,-0.6340548218491041,-5.920621823732282
339.15000000000003,-0.5844186710026553,-5.926626066794399
339.20000000000005,-0.5346634881505672,-5.931567906467704
339.25,-0.4849083052985356,-5.936509746141002
339.3,-0.43513642069911584,-5.9412588088036005
339.35,-0.38527268689759925,-5.944947718042463
339.40000000000003,-0.3354089530960826,-5.948636627281326
339.45000000000005,-0.2855331394107548,-5.952128620926384
339.5,-0.23559240081642188,-5.954562266062419
339.55,-0.18565166222203217,-5.956995911198458
339.6,-0.1357037044987941,-5.959229753608374
339.65000000000003,-0.08571755597667284,-5.960406595112786
339.70000000000005,-0.035731407454551584,-5.961583436617197
339.75,0.014256949309091103,-5.962558849069005
339.8,0.06425688417359271,-5.962478142526199
339.85,0.11425681903809433,-5.962397435983394
339.90000000000003,0.164253890174863,-5.962114939826364
339.95000000000005,0.21423597908282074,-5.960776736404567
340.0,0.2642180679907217,-5.959438532982771
340.05,0.3141922492777977,-5.95789944570566
340.1,0.36412487122870174,-5.955304592124198
340.15000000000003,0.4140574931796057,-5.952709738542735
340.20000000000005,0.4639772807755376,-5.949916169337268
340.25,0.5138288460721663,-5.9460663073305495
340.3,0.5636804113688515,-5.942216445323827
340.35,0.6135144215599299,-5.93817129015134
340.40000000000003,0.6632533917936905,-5.933068855429857
340.45000000000005,0.7129923620274511,-5.9279664207083735
340.5,0.7627093507714281,-5.9226733568768175
340.55,0.8123042587745692,-5.916321577585889
340.6,0.8618991667777104,-5.90996979829496
340.65000000000003,0.9114680490330517,-5.903433278553772
340.70000000000005,0.9608875187865268,-5.895836173230901
340.75,1.0103069885399458,-5.888239067908038
340.8,1.059696857368156,-5.880464314068777
340.85,1.1089096238513507,-5.871626689101012
340.90000000000003,1.1581223903345457,-5.8627890641332465
340.95000000000005,1.2073025357649354,-5.853782060223987
341.0,1.2562774647353194,-5.843709506806841
341.05,1.3052523937057592,-5.833636953389684
341.1,1.3541923213508011,-5.823404438351605
341.15000000000003,1.402898429040969,-5.812103328951436
341.20000000000005,1.4516045367311368,-5.800802219551267
341.25,1.5002739861415175,-5.7893516794861135
341.3,1.5486804588605685,-5.776829163808337
341.35,1.5970869315796192,-5.76430664813056
341.40000000000003,1.6454558943287674,-5.751646308107732
341.45000000000005,1.6935321079566021,-5.737910308573207
341.5,1.7416083215843823,-5.724174309038699
341.55,1.7896470590711595,-5.71031312447139
341.6,1.8373625984324922,-5.695372331204034
341.65000000000003,1.8850781377938248,-5.680431537936679
341.70000000000005,1.9327571987543837,-5.665379185536154
341.75,1.9800818768606758,-5.649243050864844
341.8,2.0274065549670217,-5.633106916193516
341.85,2.0746967926853688,-5.616873784511336
341.90000000000003,2.1216006698325756,-5.599552516989544
341.95000000000005,2.1685045469797823,-5.5822312494677515
342.0,2.215377136187688,-5.564828429035755
342.05,2.2618305388969957,-5.546332986982955
342.1,2.308283941606304,-5.527837544930156
342.15000000000003,2.354710395063739,-5.509276818008146
342.20000000000005,2.4006839348544844,-5.489618902576682
342.25,2.446657474645178,-5.469960987145239
342.3,2.4926096593917224,-5.4502548170868845
342.35,2.538074251373656,-5.429446864858999
342.40000000000003,2.5835388433555897,-5.408638912631114
342.45000000000005,2.628988996625241,-5.387800432878155
342.5,2.673915877898762,-5.365855607997765
342.55,2.7188427591723348,-5.34391078311735
342.6,2.763763503962833,-5.321953785832993
342.65000000000003,2.808124251815731,-5.298885971677058
342.70000000000005,2.8524849996686292,-5.2758181575211225
342.75,2.8968457475214766,-5.252750343365213
342.8,2.940615909846157,-5.228580872268475
342.85,2.984382459734651,-5.204404662663583
342.90000000000003,3.0281490096231454,-5.18022845305869
342.95000000000005,3.071308538639352,-5.154985272758526
343.0,3.114453201942928,-5.129715962747843
343.05,3.157597865246553,-5.104446652737131
343.1,3.2001210245313687,-5.078146151455337
343.15000000000003,3.2426165060698553,-5.051799727621872
343.20000000000005,3.285111987608342,-5.025453303788406
343.25,3.3269735024434857,-4.998112469496992
343.3,3.368792917744695,-4.970705599849667
343.35,3.410612333045904,-4.9432987302023434
343.40000000000003,3.4517874038901737,-4.914935137186187
343.45000000000005,3.4929042961982266,-4.886485160614521
343.5,3.534021188506233,-4.858035184042889
343.55,3.574485504069426,-4.828666979175423
343.6,3.614873861082237,-4.7991918944799234
343.65000000000003,3.6552622180950474,-4.769716809784424
343.70000000000005,3.6949919680086585,-4.7393626985276445
343.75,3.7346262383342017,-4.708881153032741
343.8,3.7742605086597893,-4.678399607537803
343.85,3.813232395738518,-4.647078839678992
343.90000000000003,3.8520875050597403,-4.615610117435513
343.95000000000005,3.8909426143809624,-4.5841413951920345
344.0,3.9291338664703463,-4.55187375032909
344.05,3.967185233407813,-4.519437759914261
344.1,4.005236600345279,-4.487001769499433
344.15000000000003,4.042624981751076,-4.453807542286762
344.20000000000005,4.0798485334141965,-4.42042480420876
344.25,4.1170720850772735,-4.387042066130796
344.3,4.153635907571692,-4.352942051298516
344.35,4.190008094787975,-4.318633685014114
344.40000000000003,4.226380282004259,-4.284325318729713
344.45000000000005,4.262098415406135,-4.249340795887601
344.5,4.297596227619195,-4.214128506440839
344.55,4.333094039832297,-4.178916216994036
344.6,4.367945922156958,-4.143068935233133
344.65000000000003,4.402546901983878,-4.106974999523396
344.70000000000005,4.437147881810797,-4.070881063813657
344.75,4.471113528986771,-4.034193226117585
344.8,4.504795786425163,-3.997240478806248
344.85,4.538478043863554,-3.960287731494911
344.90000000000003,4.571538059013452,-3.922781978973075
344.95000000000005,4.6042802852899145,-3.8849937980369402
345.0,4.637022511566339,-3.847205617100849
345.05,4.669158093848924,-3.8089050130564504
345.1,4.700939574899609,-3.770305304997636
345.15000000000003,4.732721055950294,-3.7317055969388213
345.20000000000005,4.763914008962404,-3.692633610783218
345.25,4.794714638537337,-3.653246795504704
345.3,4.825515268112304,-3.6138599802261453
345.35,4.8557480078482955,-3.574040471252517
345.40000000000003,4.885548300231305,-3.5338914666087033
345.45000000000005,4.915348592614314,-3.493742461964889
345.5,4.94460415498185,-3.453199662993305
345.55,4.973385257317595,-3.4123138690259673
345.6,5.002166359653341,-3.37142807505863
345.65000000000003,5.030428407544649,-3.330186575964543
345.70000000000005,5.0581721117656455,-3.288589858833267
345.75,5.08591581598661,-3.246993141702039
345.8,5.113168645903946,-3.2050778728412164
345.85,5.139857400249394,-3.1627965484592946
345.90000000000003,5.166546154594841,-3.120515224077373
345.95000000000005,5.192774702830514,-3.077951439618491
346.0,5.218391622950018,-3.0350122570041647
346.05,5.244008543069552,-2.992073074389789
346.1,5.269198391439968,-2.948886335567516
346.15000000000003,5.293727271075104,-2.905316459921085
346.20000000000005,5.3182561507102415,-2.8617465842746537
346.25,5.34239353184442,-2.8179627425751
346.3,5.365818853081053,-2.7737897380931544
346.35,5.389244174317687,-2.7296167336112083
346.40000000000003,5.412315976501048,-2.6852619139014715
346.45000000000005,5.434622919586417,-2.6405137263383156
346.5,5.456929862671761,-2.5957655387752103
346.55,5.478923634245689,-2.5508661223896967
346.6,5.500098086963698,-2.5055710613775544
346.65000000000003,5.521272539681707,-2.4602760003654116
346.70000000000005,5.542176493000777,-2.4148586081597085
346.75,5.562205059599651,-2.3690453292987623
346.8,5.582233626198549,-2.323232050437764
346.85,5.602036641146559,-2.277323525822582
346.90000000000003,5.62090665081333,-2.231021012551942
346.95000000000005,5.639776660480101,-2.184718499281302
347.0,5.658468287546956,-2.138345891247837
347.05,5.676167802423118,-2.0915834365095556
347.1,5.693867317299278,-2.0448209817712746
347.15000000000003,5.711437780221105,-1.9980115279191584
347.20000000000005,5.727955602954778,-1.9508187156259713
347.25,5.744473425688433,-1.903625903332838
347.3,5.760913623653068,-1.856407012912878
347.35,5.776239304482576,-1.808813699232138
347.40000000000003,5.791564985312085,-1.7612203855513981
347.45000000000005,5.806866494733204,-1.7136196225332676
347.5,5.820990338097687,-1.6656559169986578
347.55,5.8351141814621865,-1.6176922114639936
347.6,5.849238024826685,-1.5697285059293293
347.65000000000003,5.8621823279978535,-1.5214335241034016
347.70000000000005,5.875095398670837,-1.47312977056607
347.75,5.888008469343806,-1.424826017028793
347.8,5.89979110419385,-1.3762352461380614
347.85,5.91148523293562,-1.3276220035700868
347.90000000000003,5.923179361677389,-1.2790087610021121
347.95000000000005,5.933794713829068,-1.2301503237881468
348.0,5.944262502554588,-1.1812583469494737
348.05,5.9547302912801205,-1.1323663701107454
348.1,5.964173431108983,-1.0832684573227174
348.15000000000003,5.973408257567953,-1.0341286773041485
348.20000000000005,5.982643084026923,-0.9849888972855796
348.25,5.990909765838959,-0.9356797509270364
348.3,5.998905787804917,-0.8863232555822387
348.35,6.006901809770874,-0.836966760237441
348.40000000000003,6.013988470568842,-0.7874746569147079
348.45000000000005,6.020740629534915,-0.7379326711925103
348.5,6.02749278850098,-0.6883906854703691
348.55,6.033396546344293,-0.6387439198535181
348.6,6.038900570723082,-0.5890477860437465
348.65000000000003,6.044404595101871,-0.539351652233975
348.70000000000005,6.049123247065561,-0.48957852063915974
348.75,6.053375654891185,-0.43975967854422304
348.8,6.057628062716814,-0.3899408364492297
348.85,6.061160082454941,-0.3400696205529894
348.90000000000003,6.064158183585565,-0.29015958759756044
348.95000000000005,6.067156284716191,-0.24024955464213152
349.0,6.069500819635533,-0.19030850533685603
349.05,6.071242717454902,-0.14033885662899204
349.1,6.072984615274272,-0.09036920792112804
349.15000000000003,6.074141483324327,-0.040386529320668677
349.20000000000005,6.074626075941334,0.009611122324149471
349.25,6.07511066855834,0.05960877396891079
349.3,6.075080354643788,0.10960494036352773
349.35,6.0743073355892365,0.15959896442183502
349.40000000000003,6.073534316534685,0.20959298848014235
349.45000000000005,6.072317968556813,0.2595745794472115
349.5,6.070287826976986,0.309533347698245
349.55,6.068257685397156,0.3594921159493353
349.6,6.065857109930861,0.4094311620357696
349.65000000000003,6.062571130277722,0.4593230685709964
349.70000000000005,6.059285150624582,0.5092149751062232
349.75,6.055702808237763,0.5590836159315389
349.8,6.051163069456054,0.6088770971494183
349.85,6.046623330674344,0.6586705783672978
349.90000000000003,6.041862330896724,0.7084410777344252
349.95000000000005,6.036071705108404,0.7581046323089965
350.0,6.030281079320091,0.8077681868835113
350.05,6.024345175268707,0.8574129476877637
350.1,6.017307325955618,0.9069151564975502
350.15000000000003,6.010269476642527,0.9564173653073367
350.20000000000005,6.003163059311181,1.0059089442370341
350.25,5.994882438997059,1.0552184902419321
350.3,5.986601818682928,1.1045280362468863
350.35,5.978321198368797,1.1538375822518405
350.40000000000003,5.968811758336496,1.2029248463212394
350.45000000000005,5.959293605769785,1.2520105343750656
350.5,5.949775453203085,1.3010962224288358
350.55,5.9391121926906525,1.3499448835749184
350.6,5.928362529529983,1.398775660160328
350.65000000000003,5.917612866369315,1.4476064367457377
350.70000000000005,5.905802831592042,1.4961897603144678
350.75,5.893828458596375,1.5447347331886654
350.8,5.881854085600694,1.5932797060629185
350.85,5.868904930298864,1.6415711873057237
350.90000000000003,5.855713423024687,1.6897996450442379
350.95000000000005,5.84252191575051,1.7380281027827518
351.0,5.828441893424768,1.786001480292583
351.05,5.814041597433268,1.8338829117181168
351.1,5.799641301441768,1.8817643431436506
351.15000000000003,5.784439257302855,1.9293936120297812
351.20000000000005,5.768839282879842,1.976897725514845
351.25,5.753239308456846,2.0244018389998546
351.3,5.736924671098538,2.071661263795005
351.35,5.7201348874906115,2.1187580064254665
351.40000000000003,5.703345103882685,2.1658547490559283
351.45000000000005,5.685927876686384,2.2127188763513033
351.5,5.6679589058569935,2.2593784529388388
351.55,5.649989935027581,2.306038029526427
351.6,5.6314806873076595,2.352481700328741
351.65000000000003,5.612343897216854,2.398674592260518
351.70000000000005,5.593207107126049,2.4448674841922955
351.75,5.573616965024746,2.4908658459982096
351.8,5.553324462437176,2.5365628299110967
351.85,5.533031959849605,2.5822598138239834
351.90000000000003,5.512372596990419,2.6277883324076234
351.95000000000005,5.490937219815775,2.6729604986760394
352.0,5.469501842641154,2.718132664944404
352.05,5.447785470550102,2.763167135852873
352.1,5.425220779721067,2.80778590687798
352.15000000000003,5.402656088892032,2.8524046779030865
352.20000000000005,5.379895447195431,2.8969212376570592
352.25,5.356215718088272,2.9409583859458213
352.3,5.332535988981086,2.984995534234634
352.35,5.308744335389427,3.0289706712294686
352.40000000000003,5.2839645487924445,3.0723983372525083
352.45000000000005,5.259184762195462,3.1158260032755476
352.5,5.234375862282396,3.1592365683797783
352.55,5.208511694918397,3.2020272781958985
352.6,5.182647527554399,3.2448179880120183
352.65000000000003,5.1567833601904,3.2876086978281385
352.70000000000005,5.129903458948236,3.3297678874975922
352.75,5.10297127355648,3.3718945701348435
352.8,5.076039088164693,3.4140212527721423
352.85,5.048187991888698,3.4555440496934637
352.90000000000003,5.020204826872865,3.4969800542751948
352.95000000000005,4.992221661857031,3.538416058856926
353.0,4.963415261359586,3.579280898792907
353.05,4.934398820008526,3.620000011397698
353.1,4.905382378657466,3.660719124002489
353.15000000000003,4.875637018666585,3.7009048610819115
353.20000000000005,4.845605657954191,3.74088132132746
353.25,4.81557429724183,3.7808577815729634
353.3,4.784906764881541,3.820343697047023
353.35,4.753879483853212,3.8595522143868823
353.40000000000003,4.722852202824884,3.8987607317267416
353.45000000000005,4.691279715953383,3.9375265423982877
353.5,4.659276143706281,3.97594231212141
353.55,4.627272571459144,4.014358081844576
353.6,4.594812766874779,4.052383948168126
353.65000000000003,4.561853150139357,4.089982667091185
353.70000000000005,4.528893533403935,4.127581386014244
353.75,4.495564454928295,4.164847919866005
353.8,4.461669645259438,4.201605801708029
353.85,4.427774835590581,4.238363683550053
353.90000000000003,4.393594922037934,4.274851955667453
353.95000000000005,4.3587863626230865,4.310745746097891
354.0,4.323977803208279,4.346639536528288
354.05,4.288965876251325,4.382331083617875
354.1,4.253265588344576,4.41733807496785
354.15000000000003,4.217565300437826,4.452345066317825
354.20000000000005,4.181740552378347,4.487221897832173
354.25,4.145171121368781,4.521319943459932
354.3,4.108601690359173,4.555417989087729
354.35,4.071983671813386,4.589462593670838
354.40000000000003,4.034568232936341,4.622630121972468
354.45000000000005,3.997152794059295,4.655797650274097
354.5,3.9597373551822925,4.68896517857569
354.55,3.9215236252678163,4.721209029931735
354.6,3.883285848968719,4.753425057987685
354.65000000000003,3.845048072669622,4.785641086043634
354.70000000000005,3.806105389493879,4.816998768497312
354.75,3.7670694664531483,4.848242915346809
354.8,3.7280335434123733,4.879487062196342
354.85,3.6883829628602847,4.9099431521840415
354.90000000000003,3.648573588689055,4.940195651718722
354.95000000000005,3.608764214517825,4.970448151253402
355.0,3.5684270852343984,4.999987739386329
355.05,3.5278694448512757,5.029229452854506
355.1,3.4873118044681526,5.058471166322684
355.15000000000003,3.4463097549429125,5.087079861788983
355.20000000000005,3.4050295066407337,5.115292289903394
355.25,3.363749258338602,5.143504718017772
355.3,3.3221041839688517,5.17116865265114
355.35,3.280127443182118,5.198333947292013
355.40000000000003,3.2381507023953846,5.225499241932885
355.45000000000005,3.1958847525362932,5.252205073950344
355.5,3.153238075319575,5.278306049456401
355.55,3.110591398102809,5.304407024962489
355.6,3.0677269631135924,5.330141942373233
355.65000000000003,3.0244373293407487,5.355162086413885
355.70000000000005,2.981147695567905,5.380182230454536
355.75,2.937707393862415,5.404933954142508
355.8,2.893802190158379,5.428857438163628
355.85,2.8498969864543424,5.452780922184748
355.90000000000003,2.8059036515642948,5.476537708667851
355.95000000000005,2.7614106539789214,5.4993493979053625
356.0,2.716917656393599,5.522161087142848
356.05,2.6723943240532986,5.544911731011405
356.1,2.627341680489142,5.566597194065765
356.15000000000003,2.582289036924985,5.588282657120126
356.20000000000005,2.537236393360828,5.609968120174486
356.25,2.4916751445896237,5.630562011124014
356.3,2.446091356994454,5.651107529089735
356.35,2.4005075693992843,5.671653047055457
356.40000000000003,2.354491787706709,5.691207009227428
356.45000000000005,2.308405694042044,5.710599584371858
356.5,2.262319600377431,5.729992159516264
356.55,2.215873168712721,5.748497342589906
356.6,2.1693139247097486,5.766724706575777
356.65000000000003,2.122754680706776,5.7849520705616495
356.70000000000005,2.0759016144845477,5.802400176666443
356.75,2.0288986751991795,5.819450798312925
356.8,1.9818957359137577,5.836501419959426
356.85,1.9346601701326782,5.8528847040970104
356.90000000000003,1.8872432713108664,5.86874779667454
356.95000000000005,1.839826372489055,5.88461088925207
357.0,1.7922325489294921,5.899922159415225
357.05,1.7444316881956032,5.91458768746915
357.1,1.6966308274617141,5.929253215523075
357.15000000000003,1.648703081969261,5.943485832516579
357.20000000000005,1.600548499848205,5.9569445182157175
357.25,1.5523939177272035,5.97040320391484
357.3,1.5041566675898614,5.983551080882736
357.35,1.4556788283758757,5.995794409888531
357.40000000000003,1.40720098916189,6.008037738894325
357.45000000000005,1.3586787205866326,6.020095340558951
357.5,1.3099082930704595,6.031115567411625
357.55,1.2611378655542311,6.042135794264312
357.6,1.2123551212503134,6.053098135881981
357.65000000000003,1.1633229593167524,6.0628882889003375
357.70000000000005,1.1142907973831915,6.072678441918694
357.75,1.0652586354496862,6.0824685949370405
357.8,1.0160092873673474,6.0910949736489535
357.85,0.9667464104763563,6.099648859340503
357.90000000000003,0.9174835335853653,6.108202745032052
357.95000000000005,0.8680540810141596,6.115720128864114
358.0,0.8185916545765761,6.123032335843042
358.05,0.7691292281389364,6.1303445428219785
358.1,0.7195444361885748,6.13675037514403
358.15000000000003,0.6699137518496462,6.14281627755433
358.20000000000005,0.6202830675107176,6.148882179964629
358.25,0.5705676895195316,6.154174450704824
358.3,0.5208001453630271,6.158990211146416
358.35,0.4710326012065225,6.163805971588007
358.40000000000003,0.42121136688109767,6.167983214355632
358.45000000000005,0.37133844756550693,6.171545786311758
358.5,0.321465528249973,6.175108358267881
358.55,0.27156313195952586,6.1781696472250625
358.6,0.221616388799915,6.1804767769892965
358.65000000000003,0.17166964564030412,6.182783906753531
358.70000000000005,0.12171073486971151,6.184728853242373
358.75,0.07172176587724079,6.185779081344081
358.8,0.021732796884713232,6.18682930944579
358.85,-0.0282580391480798,6.187658058377266
358.90000000000003,-0.07825760925631567,6.187450720504612
358.95000000000005,-0.1282571793645515,6.187243382631959
359.0,-0.17825542092230764,6.186956608643131
359.05,-0.228233960729809,6.185491836063026
359.1,-0.27821250053731034,6.1840270634829215
359.15000000000003,-0.32819104034481167,6.182562290902816
359.20000000000005,-0.3781195998066075,6.179904686343906
359.25,-0.4280454912087478,6.177183405818661
359.3,-0.4779713826109449,6.174462125293413
359.35,-0.5278269757610441,6.170693641448186
359.40000000000003,-0.5776686339678918,6.166717574648889
359.45000000000005,-0.6275102921747396,6.162741507849591
359.5,-0.6772687265450941,6.157865177079334
359.55,-0.7269946200626558,6.1526368394963695
359.6,-0.7767205135802174,6.147408501913406
359.65000000000003,-0.8263577292147106,6.1414278671597105
359.70000000000005,-0.8759363997929812,6.134950566511065
359.75,-0.9255150703711955,6.128473265862426
359.8,-0.9750071500876072,6.121392375245717
359.85,-1.024407232622018,6.113670209384097
359.90000000000003,-1.0738073151564287,6.105948043522475
359.95000000000005,-1.1231304946047385,6.097771444750853
360.0,-1.172320736978685,6.088809299070948
360.05,-1.2215109793526873,6.079847153391032
360.1,-1.2706416568659087,6.070579887986772
360.15000000000003,-1.3195909397220158,6.060383432334258
360.20000000000005,-1.368540222578123,6.050186976681745
360.25,-1.4174549688132558,6.039834574032725
360.3,-1.4661323252401366,6.028410259117086
360.35,-1.5148096816670173,6.016985944201448
360.40000000000003,-1.563485249033985,6.0055544154447515
360.45000000000005,-1.6118598841570617,5.992909468758009
360.5,-1.6602345192800838,5.980264522071282
360.55,-1.7086091544031605,5.96761957538454
360.6,-1.7566891616187934,5.9539027750605475
360.65000000000003,-1.8047304720820236,5.9400451963046255
360.70000000000005,-1.8527717825452537,5.926187617548703
360.75,-1.900536305133802,5.911413900229306
360.8,-1.9482138984602886,5.896352456254856
360.85,-1.995891491786775,5.881291012280406
360.90000000000003,-2.043318111940146,5.865468557686577
360.95000000000005,-2.0906018257592973,5.8492127769465
361.0,-2.1378855395783947,5.83295699620644
361.05,-2.1849520758738787,5.816094433783315
361.1,-2.2318119970030312,5.79865460030445
361.15000000000003,-2.2786719181321837,5.781214766825585
361.20000000000005,-2.3253564337139196,5.7633211684188295
361.25,-2.3717629170822065,5.744708315295688
361.3,-2.418169400450546,5.726095462172526
361.35,-2.4644502109768323,5.707180334584891
361.40000000000003,-2.5103738983797395,5.687406236999386
361.45000000000005,-2.5562975857826467,5.66763213941388
361.5,-2.602153267138707,5.647705416849344
361.55,-2.6475651058105587,5.626782584621281
361.6,-2.6929769444824108,5.605859752393218
361.65000000000003,-2.73838634025843,5.58493178879609
361.70000000000005,-2.783257601252184,5.5628734584686965
361.75,-2.8281288622458867,5.540815128141328
361.8,-2.8730001232396405,5.518756797813935
361.85,-2.9173733873412937,5.4957168159038385
361.90000000000003,-2.9616756837032123,5.472536942369645
361.95000000000005,-3.005977980065131,5.449357068835453
362.0,-3.0498354506147662,5.425352446292337
362.05,-3.0935407553428083,5.401065693964578
362.1,-3.1372460600708503,5.376778941636821
362.15000000000003,-3.1805678039712704,5.351821944965765
362.20000000000005,-3.223648467745675,5.326443678500958
362.25,-3.26672913152003,5.30106541203618
362.3,-3.309495528431726,5.275168686216655
362.35,-3.3519242971066863,5.248714960794171
362.40000000000003,-3.394353065781647,5.222261235371687
362.45000000000005,-3.436544814177775,5.195437795344718
362.5,-3.478294846023111,5.167925346509518
362.55,-3.5200448778684947,5.140412897674286
362.6,-3.561643000846007,5.112676119774561
362.65000000000003,-3.6026878835280765,5.084122352849404
362.70000000000005,-3.643732766210146,5.055568585924247
362.75,-3.6847186170586355,5.026932199264225
362.8,-3.725032384349173,4.9973551783384345
362.85,-3.7653461516397106,4.967778157412644
362.90000000000003,-3.8056599189302482,4.938201136486853
362.95000000000005,-3.8452585673729756,4.907674671726752
363.0,-3.8848157155761216,4.877093108227964
363.05,-3.924372863779313,4.8465115447291405
363.1,-3.963297933294948,4.815133300033679
363.15000000000003,-4.002073437381579,4.783566540890097
363.20000000000005,-4.040848941468211,4.751999781746514
363.25,-4.079083301437526,4.719785115752247
363.3,-4.117052630876463,4.687253131153103
363.35,-4.1550219603154,4.6547211465539595
363.40000000000003,-4.192548845717314,4.621685723237224
363.45000000000005,-4.229687979994048,4.588209093998677
363.5,-4.26682711427074,4.554732464760169
363.55,-4.3036301297441115,4.520892244298913
363.6,-4.339915573556713,4.486492148843763
363.65000000000003,-4.376201017369313,4.452092053388614
363.70000000000005,-4.412264141035534,4.4174632830247385
363.75,-4.447672939158228,4.38216148398415
363.8,-4.483081737280963,4.346859684943521
363.85,-4.518389324329626,4.311458889852857
363.90000000000003,-4.552899076134933,4.275277720298269
363.95000000000005,-4.587408827940241,4.239096550743681
364.0,-4.6219185797455085,4.202915381189134
364.05,-4.655534487610857,4.165902874234341
364.1,-4.689123361240459,4.128865223548908
364.15000000000003,-4.722712234870062,4.091827572863473
364.20000000000005,-4.7555212116022405,4.05410032010434
364.25,-4.7881679577783895,4.016229619502081
364.3,-4.820814703954575,3.978358918899778
364.35,-4.85280285116625,3.93993475171
364.40000000000003,-4.884486816634582,3.90125495941218
364.45000000000005,-4.916170782102915,3.86257516711436
364.5,-4.947324603581424,3.8234721433240444
364.55,-4.978025744176391,3.78400772940253
364.6,-5.0087268847713595,3.744543315481015
364.65000000000003,-5.039033288545936,3.7047797100523203
364.70000000000005,-5.068732181871261,3.6645556409487168
364.75,-5.098431075196551,3.6243315718451585
364.8,-5.127877375381698,3.5839258676014305
364.85,-5.156555233097291,3.542967590332413
364.90000000000003,-5.185233090812883,3.5020093130633962
364.95000000000005,-5.213807009232931,3.4609801914764597
365.0,-5.241445688940664,3.4193136175351326
365.05,-5.269084368648429,3.377647043593758
365.1,-5.296723048356196,3.3359804696523834
365.15000000000003,-5.323356052968271,3.2936648645985183
365.20000000000005,-5.34993806968932,3.2513163535616183
365.25,-5.376520086410339,3.2089678425247663
365.3,-5.402240564965759,3.1660935334764377
365.35,-5.427749102201651,3.123089876328635
365.40000000000003,-5.453257639437543,3.0800862191808323
365.45000000000005,-5.478055223631656,3.0366728434044057
365.5,-5.502474144002739,2.9930412455892257
365.55,-5.52689306437385,2.9494096477739955
365.6,-5.550757808218067,2.905476987813408
365.65000000000003,-5.5740716636723215,2.86124505202195
365.70000000000005,-5.597385519126576,2.8170131162304917
365.75,-5.620307899110579,2.7725810908129187
365.8,-5.642501940696063,2.72777679952177
365.85,-5.664695982281545,2.682972508230621
365.90000000000003,-5.686666897339023,2.6380611632706588
365.95000000000005,-5.707727084534374,2.59271286103895
366.0,-5.728787271729702,2.5473645588072924
366.05,-5.749798043012687,2.5019940585147005
366.1,-5.769711052609236,2.4561304340525005
366.15000000000003,-5.789624062205785,2.4102668095903006
366.20000000000005,-5.8095370718023345,2.3644031851281007
366.25,-5.828419667203768,2.31810749570332
366.3,-5.847172901733939,2.271757563722159
366.35,-5.865926136264108,2.2254076317409988
366.40000000000003,-5.8838206312687324,2.178722757614728
366.45000000000005,-5.901402226975284,2.13191584047194
366.5,-5.918983822681816,2.085108923329205
366.55,-5.935883543131485,2.0380556204267912
366.6,-5.952282377472609,1.9908213295751978
366.65000000000003,-5.968681211813732,1.943587038723604
366.70000000000005,-5.984579910103587,1.8961861280705294
366.75,-5.9997856087890336,1.848554345325371
366.8,-6.014991307474497,1.8009225625801581
366.85,-6.0298831609831876,1.7531949218102298
366.90000000000003,-6.043886104537139,1.7051957804447293
366.95000000000005,-6.0578890480910905,1.6571966390792285
367.0,-6.071768657450134,1.6091631940787514
367.05,-6.084559987296374,1.5608270597611789
367.1,-6.097351317142615,1.5124909254436063
367.15000000000003,-6.110142646988856,1.464154791126034
367.20000000000005,-6.121785328417101,1.4155300937172772
367.25,-6.133356952482969,1.3668875453005447
367.3,-6.144928576548851,1.3182449968837568
367.35,-6.155542156709806,1.269387231739526
367.40000000000003,-6.165886754545226,1.2204690419158586
367.45000000000005,-6.176231352380647,1.1715508520921913
367.5,-6.1858124660194935,1.12248121549293
367.55,-6.194923493427739,1.0733183313264412
367.6,-6.204034520835984,1.024155447159952
367.65000000000003,-6.2125802216850206,0.9748951320489702
367.70000000000005,-6.2204519148625055,0.9255186553974318
367.75,-6.2283236080399815,0.8761421787459496
367.8,-6.2358313658843665,0.826712366992993
367.85,-6.242458745066707,0.7771535348318594
367.90000000000003,-6.249086124249048,0.7275947026707258
367.95000000000005,-6.2555538218674025,0.6780165574966102
368.0,-6.260932694479439,0.6283067221577185
368.05,-6.266311567091482,0.5785968868187703
368.1,-6.271690439703525,0.5288870514798221
368.15000000000003,-6.275864460385792,0.479062154720259
368.20000000000005,-6.279991423693674,0.42923276405716015
368.25,-6.28411838700155,0.3794033733941179
368.3,-6.287246728431422,0.32950390770492216
368.35,-6.290119171694939,0.27958648519835605
368.40000000000003,-6.292991614958456,0.2296690626917899
368.45000000000005,-6.295074173031198,0.17971614721666082
368.5,-6.296690279155137,0.12974227203181268
368.55,-6.298306385279078,0.07976839684690773
368.6,-6.299343456676094,0.0297830834430184
368.65000000000003,-6.299702203359491,-0.02021562954859181
368.70000000000005,-6.300060950042887,-0.07021434254020203
368.75,-6.300053228143246,-0.12021107607542363
368.8,-6.299154388525816,-0.17020299629602664
368.85,-6.2982555489083865,-0.22019491651662962
368.90000000000003,-6.29720411961451,-0.27018217303987063
368.95000000000005,-6.295048262419881,-0.32013567421604505
369.0,-6.292892405225254,-0.37008917539216274
369.05,-6.290736548030625,-0.4200426765683372
369.1,-6.287387231885229,-0.46992962499917096
369.15000000000003,-6.283975721060856,-0.5198131051694258
369.20000000000005,-6.2805642102364825,-0.5696965853396806
369.25,-6.276176677294355,-0.6195009722573962
369.3,-6.271511671148354,-0.6692828737644678
369.35,-6.266846665002353,-0.7190647752715393
369.40000000000003,-6.261423945928732,-0.7687660475383303
369.45000000000005,-6.2555083957641875,-0.8184148769933393
369.5,-6.24959284559965,-0.8680637064482917
369.55,-6.24313834429577,-0.9176414360928721
369.6,-6.235975992543368,-0.967125784298898
369.65000000000003,-6.228813640790967,-1.016610132504924
369.70000000000005,-6.221331129391177,-1.0660440223729908
369.75,-6.212926507241358,-1.1153325841953194
369.8,-6.204521885091529,-1.164621146017704
369.85,-6.1960154989160605,-1.2138910352340508
369.90000000000003,-6.1863739234521375,-1.2629526294047888
369.95000000000005,-6.176732347988215,-1.3120142235755266
370.0,-6.167090772524303,-1.3610758177462088
370.05,-6.156334151292436,-1.4099036816633321
370.1,-6.145461722126644,-1.4587072705071402
370.15000000000003,-6.134589292960851,-1.507510859350948
370.20000000000005,-6.12282501506249,-1.5561039561731316
370.25,-6.1107286104768805,-1.6046186652426244
370.3,-6.098632205891257,-1.6531333743121723
370.35,-6.085866239894655,-1.7014721656768295
370.40000000000003,-6.072553512489402,-1.7496673032846317
370.45000000000005,-6.0592407850841505,-1.797862440892434
370.5,-6.045479437401099,-1.8459275641327657
370.55,-6.030958809253047,-1.893772640767532
370.6,-6.016438181104996,-1.941617717402298
370.65000000000003,-6.001688090332844,-1.9893899899677034
370.70000000000005,-5.985968747667135,-2.0368547375827473
370.75,-5.970249405001445,-2.084319485197737
370.8,-5.954517536262635,-2.131779908885423
370.85,-5.937609423641018,-2.1788343000468857
370.90000000000003,-5.920701311019401,-2.225888691208349
370.95000000000005,-5.903793198397783,-2.272943082369812
371.0,-5.88590876433386,-2.3196327230929485
371.05,-5.8678225783631985,-2.3662469899759175
371.1,-5.849736392392538,-2.4128612568588865
371.15000000000003,-5.830896509448785,-2.4591721319622337
371.20000000000005,-5.811643692013854,-2.5053167851824933
371.25,-5.792390874578947,-2.5514614384027
371.3,-5.772604191595545,-2.597375423376563
371.35,-5.752196922620305,-2.6430212706463068
371.40000000000003,-5.731789653645064,-2.6886671179160504
371.45000000000005,-5.71106511573602,-2.734166306171374
371.5,-5.689516305478042,-2.7792844707668047
371.55,-5.66796749522004,-2.8244026353622864
371.6,-5.646314337728285,-2.869469341368127
371.65000000000003,-5.623637618611019,-2.9140312803977366
371.70000000000005,-5.600960899493754,-2.9585932194273465
371.75,-5.578284180376514,-3.0031551584569054
371.8,-5.5545983599724185,-3.0471875041295453
371.85,-5.530808077960883,-3.0911650265906
371.90000000000003,-5.507017795949346,-3.135142549051655
371.95000000000005,-5.482437723780209,-3.1786798949626536
372.0,-5.457548929304995,-3.2220451795756495
372.05,-5.432660134829751,-3.2654104641886947
372.1,-5.407196576004607,-3.3084361923520986
372.15000000000003,-5.381225014440275,-3.3511618051611727
372.20000000000005,-5.355253452875943,-3.3938874179702463
372.25,-5.328917429023781,-3.43638515960674
372.3,-5.301879530727837,-3.4784440713346876
372.35,-5.274841632431894,-3.520502983062635
372.40000000000003,-5.247644415465585,-3.5624566206246118
372.45000000000005,-5.21955728538387,-3.6038222237723194
372.5,-5.191470155302188,-3.6451878269199804
372.55,-5.163383025220473,-3.686553430067688
372.6,-5.134304668098313,-3.7272276216264566
372.65000000000003,-5.105186074943754,-3.7678737473053023
372.70000000000005,-5.076067481789194,-3.808519872984148
372.75,-5.0461696228813935,-3.848592772606396
372.8,-5.016037987892833,-3.888493707093167
372.85,-4.985906352904274,-3.9283946415799385
372.90000000000003,-4.955201619157398,-3.967851367334788
372.95000000000005,-4.924076004445624,-4.006981868338677
373.0,-4.892950389733884,-4.046112369342521
373.05,-4.861451622124233,-4.084938312965062
373.1,-4.829351718612561,-4.123273625596406
373.15000000000003,-4.797251815100891,-4.161608938227751
373.20000000000005,-4.76497206239758,-4.199789766045279
373.25,-4.731918177364719,-4.237305638475889
373.3,-4.6988642923318205,-4.274821510906542
373.35,-4.665810407298921,-4.312337383337194
373.40000000000003,-4.6318298491928145,-4.349015863418333
373.45000000000005,-4.597842893425581,-4.385688562223811
373.5,-4.563855937658385,-4.4223612610292475
373.55,-4.5291425919984984,-4.458343584681357
373.6,-4.4942440665631525,-4.494149909854996
373.65000000000003,-4.4593455411278065,-4.529956235028634
373.70000000000005,-4.423913620337748,-4.565229444518885
373.75,-4.388125602977584,-4.600146744148487
373.8,-4.352337585617379,-4.635064043778129
373.85,-4.316201472037741,-4.669615472542553
373.90000000000003,-4.2795466032057865,-4.703621657140552
373.95000000000005,-4.242891734373832,-4.73762784173855
374.0,-4.206065974206634,-4.771445114253826
374.05,-4.1685674427428285,-4.804518670731155
374.1,-4.131068911279023,-4.837592227208483
374.15000000000003,-4.093568208658331,-4.870663258733903
374.20000000000005,-4.055249737119318,-4.902783264009672
374.25,-4.016931265580349,-4.934903269285405
374.3,-3.9786127940413367,-4.967023274561174
374.35,-3.9396563064241636,-4.998362399718772
374.40000000000003,-3.9005421360756967,-5.029508533956451
374.45000000000005,-3.8614279657272297,-5.060654668194132
374.5,-3.8218511392929457,-5.091204549847222
374.55,-3.7819660147740395,-5.121357109309285
374.6,-3.7420808902551332,-5.1515096687713475
374.65000000000003,-3.701899356384487,-5.181259720340972
374.70000000000005,-3.661268510053248,-5.210399629853681
374.75,-3.6206376637220545,-5.239539539366357
374.8,-3.579867173367228,-5.268479474923504
374.85,-3.538516309338042,-5.296588299944134
374.90000000000003,-3.4971654453088554,-5.324697124964763
374.95000000000005,-3.4558145812796695,-5.352805949985393
375.0,-3.41377714131878,-5.37987691629607
375.05,-3.3717324192011002,-5.406936874574813
375.1,-3.3296876970834206,-5.433996832853558
375.15000000000003,-3.287119737734523,-5.460220889586842
375.20000000000005,-3.2444077560835143,-5.486214862416054
375.25,-3.201695774432554,-5.512208835245236
375.3,-3.158613794742225,-5.537577265134545
375.35,-3.1152615742317833,-5.562488808178169
375.40000000000003,-3.0719093537213413,-5.587400351221793
375.45000000000005,-3.0283299338939216,-5.611904742648119
375.5,-2.9843649002225674,-5.6357180963445535
375.55,-2.940399866551163,-5.659531450041015
375.6,-2.8963396627453095,-5.683163695041929
375.65000000000003,-2.8517896292857583,-5.705863794573728
375.70000000000005,-2.8072395958262075,-5.728563894105525
375.75,-2.7626895623667074,-5.751263993637298
375.8,-2.7176084853212,-5.7728886711334875
375.85,-2.672501635525112,-5.794461155957313
375.90000000000003,-2.627394785729024,-5.816033640781138
375.95000000000005,-2.581894980601898,-5.836757211383221
376.0,-2.536259850170092,-5.8571884343145015
376.05,-2.490624719738234,-5.877619657245806
376.1,-2.4447233751878494,-5.8974356332993665
376.15000000000003,-2.3985888340176764,-5.9167126691456255
376.20000000000005,-2.352454292847503,-5.935989704991885
376.25,-2.306168636071627,-5.95489190204097
376.3,-2.2595638699933516,-5.973002555778229
376.35,-2.212959103915076,-5.991113209515487
376.40000000000003,-2.166306396079684,-6.009095743551519
376.45000000000005,-2.119260888392605,-6.026028558038956
376.5,-2.07221538070558,-6.042961372526373
376.55,-2.025169873018501,-6.0598941870138106
376.6,-1.9777564253724318,-6.075762920422215
376.65000000000003,-1.9302999381929387,-6.091507183649963
376.70000000000005,-1.8828434510134453,-6.107251446877711
376.75,-1.8351275812544614,-6.122179679286179
376.8,-1.7872901366878062,-6.136725431151695
376.85,-1.739452692121151,-6.151271183017211
376.90000000000003,-1.6914519786640339,-6.165254673074183
376.95000000000005,-1.643263839811511,-6.178592711682998
377.0,-1.5950757009590426,-6.191930750291797
377.05,-1.5468077205270447,-6.204965551561056
377.1,-1.498299372340782,-6.217087439047825
377.15000000000003,-1.449791024154519,-6.229209326534594
377.20000000000005,-1.4012733479469657,-6.241291784124081
377.25,-1.352475477944487,-6.252189851990276
377.3,-1.3036776079419528,-6.263087919856484
377.35,-1.2548797379394183,-6.273985987722691
377.40000000000003,-1.2058712768362028,-6.283882021003474
377.45000000000005,-1.1568147556864379,-6.293549374968445
377.5,-1.1077582345367285,-6.303216728933407
377.55,-1.058566223364569,-6.312147854160931
377.6,-1.0092820853586986,-6.3205783785230265
377.65000000000003,-0.9599979473528283,-6.329008902885121
377.70000000000005,-0.9106400635635529,-6.336973101972029
377.75,-0.8611594869817759,-6.34416146347729
377.8,-0.8116789103999427,-6.3513498249825595
377.85,-0.7621727926859901,-6.358345361263459
377.90000000000003,-0.7125270800732221,-6.36428701247931
377.95000000000005,-0.662881367460454,-6.37022866369516
378.0,-0.6132356548477425,-6.376170314911004
378.05,-0.563465171104508,-6.380945260281232
378.1,-0.5136857294679771,-6.385636442472955
378.15000000000003,-0.4639062878314463,-6.390327624664678
378.20000000000005,-0.4140542109991249,-6.394128295182375
378.25,-0.364172531939422,-6.397566040690723
378.3,-0.3142908528796624,-6.401003786199076
378.35,-0.26437475269268074,-6.4038300595060695
378.40000000000003,-0.21442239248126582,-6.406012193624404
378.45000000000005,-0.1644700322698509,-6.408194327742738
378.5,-0.11450740877490737,-6.4100463491148165
378.55,-0.06451596839124242,-6.410971491464567
378.6,-0.014524528007577489,-6.411896633814318
378.65000000000003,0.035467190763421856,-6.412774811968463
378.70000000000005,0.08546608562361582,-6.4124423773721295
378.75,0.13546498048375294,-6.412109942775797
378.8,0.18546387534394693,-6.411777508179465
378.85,0.23544315958980383,-6.410425144581879
378.90000000000003,0.28541787852156253,-6.408835343432945
378.95000000000005,0.3353925974533212,-6.407245542284012
379.0,0.3853347302516116,-6.404921932559995
379.05,0.43525365815083905,-6.402075770689546
379.1,0.48517258605006647,-6.399229608819096
379.15000000000003,0.535060402874687,-6.395936722222086
379.20000000000005,0.5848919599385428,-6.391836000262221
379.25,0.634723517002342,-6.387735278302359
379.3,0.6845399528486805,-6.383475330218806
379.35,0.7342526145536425,-6.378122642463241
379.40000000000003,0.7839652762586046,-6.372769954707676
379.45000000000005,0.8336779379635666,-6.367417266952112
379.5,0.8832556841141219,-6.360944135059019
379.55,0.9328180011590508,-6.354342867821607
379.6,0.9823803182039796,-6.347741600584197
379.65000000000003,1.0318215032794031,-6.340310735212571
379.70000000000005,1.0812021214809922,-6.332465064684774
379.75,1.130582739682525,-6.3246193941569855
379.8,1.1798707200689587,-6.3162345105185995
379.85,1.2290384001970467,-6.307149400127259
379.90000000000003,1.2782060803251347,-6.298064289735918
379.95000000000005,1.3273243363882044,-6.28872932914008
380.0,1.3762479739282998,-6.278410526407184
380.05,1.4251716114684507,-6.268091723674276
380.1,1.4740952490086014,-6.257772920941369
380.15000000000003,1.5227523930717441,-6.246264881962419
380.20000000000005,1.5714010379025503,-6.234718914868786
380.25,1.620049682733301,-6.223172947775166
380.3,1.6684736615836817,-6.210730679285567
380.35,1.7168165375564002,-6.197964852140904
380.40000000000003,1.7651594135291189,-6.185199024996241
380.45000000000005,1.8133342764011073,-6.171827891932583
380.5,1.8613408008091934,-6.157850280754326
380.55,1.9093473252173339,-6.143872669576053
380.6,1.9572572664814398,-6.129578240676293
380.65000000000003,2.0048970694079813,-6.114397688080219
380.70000000000005,2.052536872334523,-6.099217135484145
380.75,2.100166231444306,-6.084005178815684
380.8,2.1474091749741913,-6.067631288421747
380.85,2.194652118504076,-6.05125739802781
380.90000000000003,2.2418950620339606,-6.034883507633873
380.95000000000005,2.288801577082162,-6.017577007009605
381.0,2.3356177743681243,-6.000020137366143
381.05,2.3824339716541405,-5.982463267722661
381.1,2.428999400891284,-5.964262463181265
381.15000000000003,2.4753592350609384,-5.945533721211673
381.20000000000005,2.521719069230593,-5.926804979242081
381.25,2.567928474316205,-5.907716952756168
381.3,2.613802617207901,-5.887828186732281
381.35,2.6596767600995967,-5.867939420708393
381.40000000000003,2.705515364717715,-5.847971429620119
381.45000000000005,2.75087479543427,-5.826935221666404
381.5,2.7962342261507738,-5.805899013712712
381.55,2.8415936568673286,-5.784862805758997
381.6,2.886503438366306,-5.76288814466571
381.65000000000003,2.931319461634002,-5.740717802799351
381.70000000000005,2.976135484901698,-5.718547460932991
381.75,3.0206170441107765,-5.695721884878438
381.8,3.0648613084324854,-5.672431434590154
381.85,3.1091055727541943,-5.649140984301869
381.90000000000003,3.153144975196515,-5.625472960788058
381.95000000000005,3.196789490787342,-5.601077136169027
382.0,3.2404340063781203,-5.576681311550024
382.05,3.2840174929636285,-5.552179458321526
382.1,3.327034649457646,-5.526693692742082
382.15000000000003,3.3700518059516638,-5.501207927162639
382.20000000000005,3.4130689624456814,-5.475722161583195
382.25,3.455528375303222,-5.449321424587583
382.3,3.4978909592202156,-5.422761840933514
382.35,3.540253543137209,-5.3962022572794455
382.40000000000003,3.5822032422751695,-5.369002163311578
382.45000000000005,3.623884454236287,-5.341385563784232
382.5,3.6655656661973572,-5.313768964256918
382.55,3.7069928398010936,-5.285779227424463
382.6,3.7479663114825437,-5.257123082911095
382.65000000000003,3.788939783163994,-5.228466938397728
382.70000000000005,3.829831804552524,-5.199697397253845
382.75,3.8700716153664856,-5.1700198362750065
382.8,3.9103114261804928,-5.140342275296135
382.85,3.9505512369945,-5.110664714317263
382.90000000000003,3.99013654507311,-5.080122686451231
382.95000000000005,4.029617238565626,-5.049442483691955
383.0,4.0690979320580976,-5.018762280932714
383.05,4.10809840476409,-4.987479893855113
383.1,4.146795004718927,-4.955816458287636
383.15000000000003,4.185491604673763,-4.9241530227201595
383.20000000000005,4.2238956531123035,-4.892141089360009
383.25,4.261783679351328,-4.859514451964986
383.3,4.299671705590397,-4.826887814569926
383.35,4.337467932159252,-4.794157246325179
383.40000000000003,4.374523416029024,-4.760588047419375
383.45000000000005,4.411578899898796,-4.727018848513572
383.5,4.448634383768525,-4.693449649607806
383.55,4.484955595020538,-4.659090128228247
383.6,4.521155094554938,-4.624599604407057
383.65000000000003,4.557354594089339,-4.590109080585867
383.70000000000005,4.593022850437257,-4.55507484937092
383.75,4.6283434651872515,-4.51968482007341
383.8,4.663664079937286,-4.484294790775859
383.85,4.698669096656603,-4.448597607218246
383.90000000000003,4.733088482177433,-4.412330460923438
383.95000000000005,4.767507867698262,-4.37606331462863
384.0,4.8018395540200185,-4.339715009008454
384.05,4.835335936006327,-4.3025936890719585
384.1,4.868832317992636,-4.265472369135463
384.15000000000003,4.902328699978945,-4.228351049198966
384.20000000000005,4.935032961856565,-4.190532831967159
384.25,4.967585149917148,-4.152580822106484
384.3,5.000137337977767,-4.1146288122457655
384.35,5.0321280634628,-4.076207350552282
384.40000000000003,5.063715464525923,-4.037448659990309
384.45000000000005,5.095302865589046,-3.9986899694283364
384.5,5.12657113620314,-3.9596778069764786
384.55,5.157173767543725,-3.9201369552528114
384.6,5.187776398884309,-3.880596103529144
384.65000000000003,5.218313489423644,-3.8410058318740217
384.70000000000005,5.247911991304634,-3.8007078333331337
384.75,5.277510493185591,-3.7604098347922914
384.8,5.307108995066582,-3.720111836251403
384.85,5.335883515908723,-3.679224439196615
384.90000000000003,5.364459163828175,-3.6381947871631812
384.95000000000005,5.393034811747628,-3.597165135129747
385.0,5.4210431895917095,-3.555750903501836
385.05,5.448577906128027,-3.514015554153038
385.1,5.476112622664345,-3.47228020480424
385.15000000000003,5.5033473483010455,-3.430352308401565
385.20000000000005,5.529823714548878,-3.3879376643465697
385.25,5.556300080796682,-3.345523020291623
385.3,5.582753834473635,-3.303094652995784
385.35,5.608155101063182,-3.2600275465728097
385.40000000000003,5.633556367652729,-3.2169604401498355
385.45000000000005,5.658957634242276,-3.1738933337268613
385.5,5.68353211270336,-3.1303524947566035
385.55,5.707842210396095,-3.086660171058151
385.6,5.732152308088828,-3.0429678473596984
385.65000000000003,5.755916348298498,-2.998980632470807
385.70000000000005,5.7791198981526355,-2.95469073210777
385.75,5.802323448006747,-2.910400831744783
385.8,5.825270974393206,-2.865980877207568
385.85,5.847353297492457,-2.8211214188231706
385.90000000000003,5.869435620591709,-2.7762619604387733
385.95000000000005,5.891517943690961,-2.731402502054376
386.0,5.912507867085121,-2.686022266931707
386.05,5.9334549938246095,-2.6406216294762683
386.1,5.954402120564097,-2.59522099202083
386.15000000000003,5.9745506715249155,-2.5494640159016364
386.20000000000005,5.994349350448367,-2.503550920679397
386.25,6.014148029371794,-2.4576378254572093
386.3,6.0334503943244195,-2.4115180722670666
386.35,6.052088100507021,-2.3651215647664747
386.40000000000003,6.070725806689621,-2.3187250572658833
386.45000000000005,6.089177350074912,-2.2722564727581993
386.5,6.10664229304653,-2.225405904277188
386.55,6.124107236018168,-2.178555335796124
386.6,6.141572178989806,-2.13170476731506
386.65000000000003,6.157984626975819,-2.0844768563344758
386.70000000000005,6.174265758179704,-2.0372018654119692
386.75,6.190546889383571,-1.9899268744895167
386.8,6.206089461087841,-1.9424078752614735
386.85,6.221176480869765,-1.894738368927756
386.90000000000003,6.23626350065169,-1.8470688625940384
386.95000000000005,6.250932823240742,-1.7992729150718119
387.0,6.264816187364556,-1.7512390499285566
387.05,6.278699551488385,-1.7032051847852472
387.1,6.292492418699061,-1.6551463918532272
387.15000000000003,6.305163344384333,-1.606778554995666
387.20000000000005,6.317834270069605,-1.5584107181381046
387.25,6.330505195754863,-1.5100428812805982
387.3,6.34219810911405,-1.4614319358552859
387.35,6.353648580591846,-1.4127607256490748
387.40000000000003,6.365099052069643,-1.3640895154428638
387.45000000000005,6.375902335382881,-1.3152746114683653
387.5,6.38612510896649,-1.2663308181922568
387.55,6.39634788255011,-1.2173870249160923
387.6,6.406259579004169,-1.1683823300813263
387.65000000000003,6.415248187671336,-1.1191969164485327
387.70000000000005,6.424236796338502,-1.0700115028157393
387.75,6.4332254050056585,-1.0208260891830019
387.8,6.441003859762172,-0.9714352128253836
387.85,6.448752617245937,-0.9220392943962361
387.90000000000003,6.456501374729702,-0.8726433759670887
387.95000000000005,6.463379882047408,-0.8231221333850393
388.0,6.469883886433099,-0.7735469588826123
388.05,6.476387890818797,-0.723971784380129
388.1,6.482365727428853,-0.6743342998005452
388.15000000000003,6.487620864254884,-0.6246112313419254
388.20000000000005,6.492876001080916,-0.5748881628833056
388.25,6.497952586412727,-0.5251484913556135
388.3,6.501955531273166,-0.47530898461201093
388.35,6.505958476133604,-0.4254694778684084
388.40000000000003,6.509961420994042,-0.3756299711248058
388.45000000000005,6.5128815884421245,-0.3257171913047342
388.5,6.5156298090895275,-0.27579277560191395
388.55,6.518378029736934,-0.22586835989903697
388.6,6.520394456470801,-0.17591288590259951
388.65000000000003,6.521886214417905,-0.12593514427466118
388.70000000000005,6.523377972365009,-0.07595740264672288
388.75,6.5244912743681756,-0.025973126964333064
388.8,6.5247256259874025,0.024026323825839614
388.85,6.52495997760663,0.07402577461601229
388.90000000000003,6.525170897176125,0.1240250405417939
388.95000000000005,6.524147694296287,0.17401457000415466
389.0,6.523124491416452,0.22400409946645855
389.05,6.522101288536614,0.2739936289288193
389.1,6.520153782895952,0.3239526066883047
389.15000000000003,6.517873672895723,0.37390059061546677
389.20000000000005,6.515593562895493,0.4238485745426288
389.25,6.512746964014345,0.47376355478864357
389.3,6.509211389412447,0.5236383952619279
389.35,6.505675814810548,0.5735132357352122
389.40000000000003,6.501932013386072,0.6233706808667218
389.45000000000005,6.497143210928458,0.6731408262454843
389.5,6.49235440847085,0.7229109716241903
389.55,6.487565606013236,0.7726811170029528
389.6,6.481676403540972,0.8223313989798665
389.65000000000003,6.475637402785557,0.8719653638615686
389.70000000000005,6.469598402030142,0.9215993287432709
389.75,6.462819922246243,0.9711338681526626
389.8,6.455534543646096,1.0206002532909986
389.85,6.448249165045951,1.0700666384293342
389.90000000000003,6.440584402933503,1.1194722641744
389.95000000000005,6.432057255419706,1.1687397763429603
390.0,6.423530107905918,1.2180072885114646
390.05,6.41498215361752,1.2672709293622018
390.1,6.405218631683221,1.3163084011510242
390.15000000000003,6.395455109748923,1.3653458729398464
390.20000000000005,6.385691587814624,1.414383344728669
390.25,6.375033425205828,1.4632309633757632
390.3,6.364039705493344,1.5120073729082835
390.35,6.35304598578086,1.5607837824408035
390.40000000000003,6.341518037190214,1.609432701720144
390.45000000000005,6.329301074583329,1.657917192278077
390.5,6.317084111976457,1.7064016828359552
390.55,6.304690505781573,1.7548392931224392
390.6,6.291258029005507,1.8030011926661875
390.65000000000003,6.277825552229441,1.8511630922099358
390.70000000000005,6.264393075453374,1.899324991753684
390.75,6.249931000585898,1.9471857281851028
390.8,6.235291507317759,1.9949945687572512
390.85,6.220652014049619,2.0428034093294
390.90000000000003,6.2053420275776325,2.090397679819222
390.95000000000005,6.18950477907038,2.137823216819032
391.0,6.1736675305631445,2.185248753818788
391.05,6.157514740549899,2.2325644894248806
391.1,6.140489755773291,2.279576720741392
391.15000000000003,6.123464770996682,2.3265889520579037
391.20000000000005,6.106439786220074,2.3736011833744155
391.25,6.088272396890969,2.420183378332749
391.3,6.070070446193159,2.4667525633244924
391.35,6.051868495495349,2.5133217483162364
391.40000000000003,6.032880217115062,2.5595721339059576
391.45000000000005,6.013512815408867,2.6056688122152596
391.5,5.994145413702695,2.6517654905245087
391.55,5.9743422697516255,2.697672610893298
391.6,5.953821669229763,2.743267621083268
391.65000000000003,5.9333010687079,2.7888626312732376
391.70000000000005,5.912689129458396,2.8344151440226235
391.75,5.891028311842359,2.8794796420249424
391.8,5.869367494226298,2.9245441400273124
391.85,5.847706676610236,2.9696086380296824
391.90000000000003,5.825165542671908,3.014236288403649
391.95000000000005,5.802378210999195,3.058741765765866
392.0,5.779590879326508,3.103247243128033
392.05,5.7562676374000015,3.1474697658990323
392.1,5.732368207355267,3.1913880678190534
392.15000000000003,5.708468777310534,3.2353063697390745
392.20000000000005,5.684370328373933,3.2791131030715293
392.25,5.65937391916912,3.3224164462087695
392.3,5.634377509964278,3.3657197893460595
392.35,5.609381100759436,3.409023132483349
392.40000000000003,5.583433209230531,3.451761171481478
392.45000000000005,5.557355634039919,3.494422161533041
392.5,5.5312780588493355,3.5370831515845556
392.55,5.504585346037335,3.5793574140234914
392.6,5.477443101993829,3.6213490630537897
392.65000000000003,5.450300857950324,3.6633407120840875
392.70000000000005,5.422870982024835,3.705141272849251
392.75,5.394681239783332,3.7464370163630005
392.8,5.366491497541796,3.7877327598767976
392.85,5.338301755300261,3.829028503390594
392.90000000000003,5.30911272412061,3.8696235175991247
392.95000000000005,5.279893316995287,3.9101972313464017
393.0,5.250673909869997,3.9507709450936326
393.05,5.220781559197316,3.990847064010347
393.1,5.1905509718799845,4.030673080512758
393.15000000000003,5.160320384562653,4.07049909701517
393.20000000000005,5.129733052893329,4.110047180815518
393.25,5.098510409759452,4.149100305603807
393.3,5.067287766625539,4.18815343039214
393.35,5.036013792484577,4.227164447490491
393.40000000000003,5.003818845494591,4.265419975042903
393.45000000000005,4.971623898504605,4.303675502595315
393.5,4.939428951514655,4.341931030147684
393.55,4.906524736066877,4.379574252844231
393.6,4.873377852270847,4.4170079822151305
393.65000000000003,4.840230968474818,4.45444171158603
393.70000000000005,4.806677754935878,4.49150642340927
393.75,4.772599903588705,4.528094673538985
393.8,4.7385220522414935,4.564682923668743
393.85,4.704328765946401,4.60116091571625
393.90000000000003,4.669341505242036,4.636880540412021
393.95000000000005,4.634354244537672,4.672600165107792
394.0,4.599366983833347,4.708319789803523
394.05,4.56365526023218,4.743311729475233
394.1,4.52778072366571,4.778140132053331
394.15000000000003,4.491906187099242,4.81296853463143
394.20000000000005,4.455594894462434,4.847335592775198
394.25,4.4188557768277725,4.881250740355913
394.3,4.382116659193069,4.915165887936667
394.35,4.345215229024658,4.948900709738776
394.40000000000003,4.307634772057221,4.981881147184614
394.45000000000005,4.270054315089783,5.014861584630453
394.5,4.232473858122388,5.047842022076255
394.55,4.194174129775593,5.0799817719963505
394.6,4.155776107449314,5.112006635484454
394.65000000000003,4.117378085123034,5.144031498972559
394.70000000000005,4.078531293989779,5.175504316851899
394.75,4.039339997477108,5.206553347072681
394.8,4.000148700964393,5.2376023772934985
394.85,3.960764703145617,5.268401786073139
394.90000000000003,3.9208049254502604,5.298455341046534
394.95000000000005,3.8808451477549037,5.32850889601993
395.0,3.840885370059592,5.358562450993291
395.05,3.8002307809242035,5.387667572739393
395.1,3.759527801196868,5.416706640240204
395.15000000000003,3.7188248214695325,5.4457457077410165
395.20000000000005,3.677678372634744,5.474146349097525
395.25,3.636257940180891,5.502152558682743
395.3,3.5948375077269907,5.5301587682679925
395.35,3.5532093981117354,5.557849345933289
395.40000000000003,3.511097716101962,5.584804980563336
395.45000000000005,3.4689860340921883,5.611760615193383
395.5,3.4268743520824625,5.638716249823399
395.55,3.3841101219120286,5.664623631745045
395.6,3.341333830805711,5.690511638991429
395.65000000000003,3.2985575396993934,5.716399646237813
395.70000000000005,3.255358960923906,5.741569650208693
395.75,3.2119451216158397,5.766373653041463
395.8,3.1685312823077236,5.791177655874263
395.85,3.1249088153830105,5.815605600831201
395.90000000000003,3.0808848920840055,5.839309907979166
395.95000000000005,3.0368609687850006,5.86301421512713
396.0,2.9928250148205637,5.8866954894711965
396.05,2.9482188576834556,5.909285105347994
396.1,2.903612700546348,5.9318747212247915
396.15000000000003,2.8590065434092398,5.954464337101589
396.20000000000005,2.8140134317058103,5.976265410550079
396.25,2.7688532592067947,5.997726044740469
396.3,2.7236930867077276,6.019186678930883
396.35,2.6783356929918605,6.040218465095285
396.40000000000003,2.632650074078819,6.060536541395302
396.45000000000005,2.5869644551657776,6.080854617695319
396.5,2.541253353500288,6.101113398148861
396.55,2.4950711895199613,6.1202760631538915
396.6,2.4488890255396347,6.139438728158922
396.65000000000003,2.402706861559308,6.158601393163952
396.70000000000005,2.3561852321449996,6.176915968612805
396.75,2.3095357385593296,6.194911099848678
396.8,2.2628862449736067,6.212906231084571
396.85,2.216061377918951,6.230429132682083
396.90000000000003,2.168974065822789,6.2472453462737105
396.95000000000005,2.1218867537266273,6.264061559865338
397.0,2.0747693191443894,6.280789955561243
397.05,2.0272739765965793,6.296416613433861
397.1,1.9797786340487686,6.312043271306478
397.15000000000003,1.9322832915009585,6.327669929179096
397.20000000000005,1.884505904537713,6.3424015876192765
397.25,1.836632577716615,6.356828804228027
397.3,1.7887592508954624,6.371256020836794
397.35,1.7407407143526448,6.385178502502335
397.40000000000003,1.6925196885482514,6.398397151085809
397.45000000000005,1.6442986627438578,6.411615799669283
397.5,1.5960496684061993,6.424727145524578
397.55,1.5475114488615795,6.436728863878164
397.6,1.4989732293169598,6.448730582231749
397.65000000000003,1.45043500977234,6.460732300585335
397.70000000000005,1.4016796859095326,6.471806059346253
397.75,1.3528549785225679,6.4825832551119875
397.8,1.3040302711355474,6.493360450877734
397.85,1.255096538307898,6.5036124234705275
397.90000000000003,1.2060162302061894,6.513158278939889
397.95000000000005,1.156935922104481,6.522704134409251
398.0,1.107834422468442,6.532133215266986
398.05,1.058529562469953,6.540441691693555
398.1,1.0092247024714638,6.548750168120124
398.15000000000003,0.9599198424729747,6.557058644546693
398.20000000000005,0.9104677780233749,6.5644211113059
398.25,0.8609695569944277,6.571486952725318
398.3,0.8114713359654243,6.578552794144744
398.35,0.7619038705813129,6.585085737575548
398.40000000000003,0.7122436017045962,6.590904474130289
398.45000000000005,0.6625833328278795,6.59672321068503
398.5,0.6129109913209074,6.602426353386673
398.55,0.5631200902867384,6.6069943041534245
398.6,0.5133291892525693,6.611562254920176
398.65000000000003,0.4635382882184003,6.616130205686926
398.70000000000005,0.4136723805449115,6.619749600560155
398.75,0.3637823456770968,6.623063875878186
398.8,0.31389231080922536,6.62637815119622
398.85,0.2639739009683602,6.629165106413684
398.90000000000003,0.2140162932977663,6.631223609712645
398.95000000000005,0.1640586856271724,6.633282113011607
399.0,0.11409811740905079,6.635237148747909
399.05,0.06410454070805854,6.636038577873866
399.1,0.014110964007066296,6.636840006999823
399.15000000000003,-0.035882612693925967,6.63764143612578
399.20000000000005,-0.0858794193253597,6.63750748460692
399.25,-0.1358773385359013,6.63705133264588
399.3,-0.18587525774649974,6.6365951806848384
399.35,-0.2358621429350137,6.635630613782637
399.40000000000003,-0.28583277539332885,6.633917169380966
399.45000000000005,-0.33580340785164403,6.632203724979297
399.5,-0.3857702680627266,6.630409825067966
399.55,-0.43568200177473837,6.627440172249548
399.6,-0.48559373548675017,6.624470519431131
399.65000000000003,-0.535505469198762,6.621500866612713
399.70000000000005,-0.5853518074311272,6.617624566922444
399.75,-0.6351730676687863,6.613400584402659
399.8,-0.6849943279065019,6.609176601882869
399.85,-0.7347691491775545,6.604476144063028
399.90000000000003,-0.7844684184534472,6.599000504059993
399.95000000000005,-0.8341676877293398,6.593524864056957
400.0,-0.8838611832044744,6.588002253053747
400.05,-0.9334070212098491,6.581278419597614
400.1,-0.9829528592152238,6.574554586141481
400.15000000000003,-1.0324986972205985,6.567830752685348
400.20000000000005,-1.0819163606597177,6.560244021831725
400.25,-1.1312774241540642,6.552276248573047
400.3,-1.1806384876484666,6.5443084753143586
400.35,-1.2299242046683352,6.535908543170503
400.40000000000003,-1.2790692673076294,6.526701870689038
400.45000000000005,-1.3282143299469236,6.517495198207573
400.5,-1.3773586357781495,6.5082847489690945
400.55,-1.4262566078685703,6.497845001584898
400.6,-1.4751545799589914,6.487405254200703
400.65000000000003,-1.5240525520494121,6.476965506816507
400.70000000000005,-1.5727680306384848,6.465720710366433
400.75,-1.6213879788042302,6.45405449245506
400.8,-1.6700079269700308,6.442388274543674
400.85,-1.718532516913277,6.430345575806122
400.90000000000003,-1.766843683665468,6.417460267620334
400.95000000000005,-1.815154850417659,6.404574959434546
401.0,-1.863466017169795,6.391689651248773
401.05,-1.9114512982610854,6.377641428412719
401.1,-1.9594231214548863,6.3635451814135
401.15000000000003,-2.0073949446486874,6.34944893441428
401.20000000000005,-2.0551409029936214,6.334618305617509
401.25,-2.1027430351622898,6.319320037317083
401.3,-2.1503451673310123,6.304021769016639
401.35,-2.1978430847638055,6.288412699525939
401.40000000000003,-2.2450454123168817,6.271922087846171
401.45000000000005,-2.292247739869958,6.255431476166405
401.5,-2.3394500674229803,6.238940864486657
401.55,-2.386261628715456,6.221375343965228
401.6,-2.4330342909885667,6.203702821115135
401.65000000000003,-2.4798069532616775,6.186030298265042
401.70000000000005,-2.526323644134446,6.167705252758411
401.75,-2.572637052279508,6.148861998634359
401.8,-2.618950460424623,6.130018744510286
401.85,-2.665164030916288,6.1109386827530185
401.90000000000003,-2.7109888866198455,6.090936617865891
401.95000000000005,-2.7568137423234034,6.0709345529787635
402.0,-2.802638598026909,6.050932488091658
402.05,-2.84802331619299,6.029955686653786
402.1,-2.893330630210178,6.008807464587855
402.15000000000003,-2.9386379442273656,5.987659242521926
402.20000000000005,-2.983674550110404,5.965949595368186
402.25,-3.0284356606038734,5.943668594776061
402.3,-3.0731967710973938,5.921387594183911
402.35,-3.117877511624217,5.898950100232125
402.40000000000003,-3.1620641022960236,5.875550416370932
402.45000000000005,-3.2062506929678305,5.852150732509739
402.5,-3.250437283639587,5.828751048648573
402.55,-3.294151982929387,5.804486741975652
402.6,-3.337736100933672,5.779983177790208
402.65000000000003,-3.381320218937957,5.755479613604763
402.70000000000005,-3.424636115142903,5.730512705884891
402.75,-3.4675901887692078,5.704920762642904
402.8,-3.510544262395561,5.679328819400888
402.85,-3.553454122275277,5.6536647455414535
402.90000000000003,-3.5957509783907167,5.627000613026961
402.95000000000005,-3.638047834506156,5.600336480512469
403.0,-3.6803446906215473,5.5736723479980075
403.05,-3.7221573448610292,5.546261128815542
403.1,-3.763770226099848,5.518541675087059
403.15000000000003,-3.805383107338667,5.4908222213585764
403.20000000000005,-3.846749040930484,5.462741963937004
403.25,-3.8876516226210116,5.433984724656358
403.3,-3.9285542043115855,5.405227485375678
403.35,-3.9694567860021595,5.376470246095
403.40000000000003,-4.00963312792542,5.346707173435597
403.45000000000005,-4.0497995347433715,5.316930340774347
403.5,-4.089965941561279,5.287153508113131
403.55,-4.129656787591787,5.2567517672215915
403.6,-4.169061609928759,5.225974178352532
403.65000000000003,-4.208466432265731,5.195196589483473
403.70000000000005,-4.2476656117432166,5.164162431900717
403.75,-4.286283921781076,5.132403557080981
403.8,-4.324902231818979,5.100644682261209
403.85,-4.363520541856882,5.068885807441437
403.90000000000003,-4.401410964853444,5.036264181832777
403.95000000000005,-4.439218332333856,5.003544112086483
404.0,-4.477025699814225,4.970824042340225
404.05,-4.514388257850576,4.937602880754005
404.1,-4.551360765529412,4.903942315162495
404.15000000000003,-4.5883332732082485,4.870281749570985
404.20000000000005,-4.625162364627785,4.836467582286884
404.25,-4.661276623405339,4.801887814894035
404.3,-4.697390882182933,4.767308047501145
404.35,-4.733505140960529,4.732728280108256
404.40000000000003,-4.7689140783895665,4.6974301981992115
404.45000000000005,-4.804147242106691,4.661953104540296
404.5,-4.839380405823775,4.626476010881421
404.55,-4.874222402956371,4.59062009150597
404.6,-4.90855218284674,4.554268114769071
404.65000000000003,-4.942881962737109,4.517916138032171
404.70000000000005,-4.977151988712498,4.481509136444896
404.75,-5.0105566675026285,4.444305273272852
404.8,-5.0439613462927975,4.407101410100766
404.85,-5.077366025082966,4.36989754692868
404.90000000000003,-5.110112810595488,4.33211775119329
404.95000000000005,-5.142571256243205,4.294085537135536
405.0,-5.175029701890885,4.256053323077825
405.05,-5.207173895711375,4.217759670509192
405.1,-5.238665574773749,4.178923165133012
405.15000000000003,-5.270157253836122,4.140086659756832
405.20000000000005,-5.3016489328984955,4.1012501543806525
405.25,-5.332199383220185,4.0616698502281645
405.3,-5.362704373843089,4.022053621898122
405.35,-5.393209364465992,3.982437393568079
405.40000000000003,-5.423128978227978,3.9423820326476906
405.45000000000005,-5.452627982748622,3.9020111429833353
405.5,-5.4821269872692335,3.861640253319026
405.55,-5.511411887353154,3.8211170104378
405.6,-5.5398862445077715,3.780016998459301
405.65000000000003,-5.568360601662388,3.738916986480802
405.70000000000005,-5.596834958817005,3.6978169745023033
405.75,-5.624438580832936,3.6561297789497162
405.8,-5.651870277561822,3.6143266449215705
405.85,-5.679301974290708,3.572523510893425
405.90000000000003,-5.706245685265211,3.530408863275491
405.95000000000005,-5.732617368107777,3.4879290522583406
406.0,-5.758989050950312,3.4454492412412385
406.05,-5.785269536678285,3.4029143912949475
406.1,-5.810564522750764,3.359784776416135
406.15000000000003,-5.835859508823242,3.316655161537322
406.20000000000005,-5.861154494895721,3.2735255466585094
406.25,-5.885675699764117,3.2299551020285886
406.3,-5.9098779873131,3.186202967481841
406.35,-5.934080274862084,3.142450832935094
406.40000000000003,-5.9579161781826,3.098502002692776
406.45000000000005,-5.981010456707686,3.054155026477857
406.5,-6.004104735232746,3.0098080502629885
406.55,-6.027199013757832,2.9654610740480694
406.6,-6.0492242291073595,2.920574349502681
406.65000000000003,-6.07119588904646,2.875660585915983
406.70000000000005,-6.0931675489855595,2.830746822329286
406.75,-6.114487968776009,2.7855245628662733
406.8,-6.135323110747271,2.740072424753322
406.85,-6.156158252718534,2.6946202866403706
406.90000000000003,-6.176771701915555,2.649069879869259
406.95000000000005,-6.196457145510004,2.60310812065041
407.0,-6.21614258910443,2.557146361431613
407.05,-6.235828032698879,2.511184602212764
407.1,-6.254570117985387,2.464832767852051
407.15000000000003,-6.2730934101047335,2.4183904633327558
407.20000000000005,-6.29161670222408,2.3719481588134603
407.25,-6.309635540467851,2.3253119722578464
407.3,-6.326984963202199,2.278418502234971
407.35,-6.344334385936547,2.2315250322120956
407.40000000000003,-6.361628320487891,2.1846118226520694
407.45000000000005,-6.377792898528353,2.137296852327918
407.5,-6.393957476568798,2.089981882003821
407.55,-6.4101220546092605,2.0426669116796696
407.6,-6.425494275413463,1.9950923231041486
407.65000000000003,-6.440463782994996,1.947385784319949
407.70000000000005,-6.45543329057653,1.8996792455357492
407.75,-6.470067568362738,1.8518721303400658
407.8,-6.483832535732807,1.803804202640805
407.85,-6.497597503102876,1.7557362749415444
407.90000000000003,-6.511362470472944,1.7076683472422838
407.95000000000005,-6.524044391870641,1.6593049586078554
408.0,-6.536596111279627,1.6109060501503885
408.05,-6.549147830688626,1.5625071416928664
408.1,-6.561081439423623,1.5139562028470839
408.15000000000003,-6.572411970633212,1.4652569311635173
408.20000000000005,-6.5837425018428,1.4165576594799507
408.25,-6.594927201122771,1.3678263858123934
408.3,-6.605029376428706,1.3188575584414113
408.35,-6.615131551734641,1.2698887310704292
408.40000000000003,-6.625233727040575,1.2209199036994471
408.45000000000005,-6.634434066407407,1.1717768236576396
408.5,-6.643301495173638,1.1225694186552342
408.55,-6.652168923939879,1.0733620136527728
408.6,-6.660613222962758,1.0240838405066088
408.65000000000003,-6.668240295663993,0.974668986848911
408.70000000000005,-6.675867368365227,0.9252541331912132
408.75,-6.683494441066453,0.8758392795335715
408.8,-6.68993736652973,0.8262568734644168
408.85,-6.696319258299761,0.7766658313556247
408.90000000000003,-6.7027011500697915,0.7270747892468328
408.95000000000005,-6.708383571485789,0.6774026603720951
409.0,-6.713516245169542,0.6276668014687773
409.05,-6.7186489188533,0.5779309425654029
409.1,-6.723571224660208,0.5281760444535647
409.15000000000003,-6.7274514333674444,0.47832683201856524
409.20000000000005,-6.7313316420746805,0.4284776195835657
409.25,-6.735211850781912,0.3786284071486229
409.3,-6.738119379232083,0.32871577765710647
409.35,-6.740744668391131,0.278784746656002
409.40000000000003,-6.743369957550179,0.2288537156548975
409.45000000000005,-6.745516089487663,0.1789035303240898
409.5,-6.746884798397984,0.1289222674757497
409.55,-6.748253507308306,0.07894100462735276
409.6,-6.749622216218628,0.028959741778955828
409.65000000000003,-6.749750282033153,-0.021039885701049713
409.70000000000005,-6.749861544915668,-0.07103976190662134
409.75,-6.7499728077981835,-0.12103963811213614
409.8,-6.749340815453859,-0.17103182067565262
409.85,-6.748194561998404,-0.2210186799790438
409.90000000000003,-6.74704830854295,-0.271005539282435
409.95000000000005,-6.745657537392077,-0.3209837137647397
410.0,-6.743254492801647,-0.3709259341468226
410.05,-6.740851448211214,-0.42086815452896237
410.1,-6.738448403620781,-0.47081037491110206
410.15000000000003,-6.735044709527001,-0.5206918257728801
410.20000000000005,-6.731386394058733,-0.5705578134592408
410.25,-6.727728078590469,-0.620423801145545
410.3,-6.72357001716224,-0.6702468011156905
410.35,-6.7186587451654685,-0.72000501056272
410.40000000000003,-6.713747473168697,-0.7697632200097497
410.45000000000005,-6.708836201171925,-0.8195214294567794
410.5,-6.702675526262131,-0.8691404330712453
410.55,-6.696514404714064,-0.9187593869222757
410.6,-6.6903532831659955,-0.968378340773306
410.65000000000003,-6.683445181063952,-1.0178949885997997
410.70000000000005,-6.676038107603945,-1.0673432975977664
410.75,-6.668631034143946,-1.1167916065956769
410.8,-6.660977565119135,-1.1661998325610161
410.85,-6.652329225582784,-1.215446215405494
410.90000000000003,-6.643680886046433,-1.2646925982499717
410.95000000000005,-6.635032546510082,-1.3139389810944497
411.0,-6.625399803634003,-1.3629996984831196
411.05,-6.615515669088623,-1.4120130016190011
411.1,-6.605631534543243,-1.4610263047548826
411.15000000000003,-6.5952632793834765,-1.5099356265977224
411.20000000000005,-6.5841496026668365,-1.5586848439231304
411.25,-6.57303592595021,-1.6074340612484832
411.3,-6.56192224923357,-1.6561832785738915
411.35,-6.549598285806953,-1.704640520229296
411.40000000000003,-6.537262097571461,-1.753094812710152
411.45000000000005,-6.524925909335971,-1.801549105191008
411.5,-6.511878687162393,-1.8498128196839385
411.55,-6.498327791427239,-1.8979415348628796
411.6,-6.484776895692084,-1.9460702500418208
411.65000000000003,-6.471009134570165,-1.9941349514627462
411.70000000000005,-6.4562521037842036,-2.0419076428500236
411.75,-6.441495072998259,-2.0896803342372468
411.8,-6.426738042212298,-2.1374530256245245
411.85,-6.411055473791631,-2.184927016766234
411.90000000000003,-6.395101643410203,-2.2323134631001964
411.95000000000005,-6.379147813028775,-2.2796999094341595
412.0,-6.362759671695137,-2.32693402688356
412.05,-6.345619134274155,-2.3739042512487996
412.1,-6.328478596853172,-2.4208744756140392
412.15000000000003,-6.311338059432189,-2.4678446999792794
412.20000000000005,-6.2930713854478935,-2.5143878473573986
412.25,-6.274754984259042,-2.56091213614815
412.3,-6.25643858307017,-2.6074364249389546
412.35,-6.237483536220778,-2.653699958589444
412.40000000000003,-6.218002858391706,-2.6997488803066925
412.45000000000005,-6.198522180562635,-2.745797802023941
412.5,-6.178882011840969,-2.791776874699588
412.55,-6.158249381025097,-2.8373212985692273
412.6,-6.137616750209227,-2.8828657224388667
412.65000000000003,-6.116984119393355,-2.928410146308506
412.70000000000005,-6.095522978239212,-2.973566606200794
412.75,-6.073751446819464,-3.0185777206019453
412.8,-6.0519799153996905,-3.0635888350031477
412.85,-6.029853325727635,-3.108422666475944
412.90000000000003,-6.006956666559114,-3.1528719971674373
412.95000000000005,-5.9840600073905925,-3.197321327858931
413.0,-5.961163348222097,-3.241770658550374
413.05,-5.937264031440481,-3.2856874416816937
413.1,-5.91325672913766,-3.329546869814557
413.15000000000003,-5.889249426834839,-3.3734062979474198
413.20000000000005,-5.864706373465398,-3.41696365487022
413.25,-5.8396036152387705,-3.460205434775899
413.3,-5.814500857012115,-3.503447214681627
413.35,-5.789317718430559,-3.546640970551638
413.40000000000003,-5.763135384478859,-3.5892377472940487
413.45000000000005,-5.736953050527157,-3.6318345240364587
413.5,-5.710770716575486,-3.6744313007788207
413.55,-5.683887922867739,-3.716585303857163
413.6,-5.656642576331997,-3.7585101305371693
413.65000000000003,-5.629397229796254,-3.8004349572171754
413.70000000000005,-5.601898266363815,-3.8421903937942807
413.75,-5.573607142849164,-3.8834167485964532
413.8,-5.54531601933448,-3.924643103398673
413.85,-5.517024895819797,-3.965869458200892
413.90000000000003,-5.487885579965554,-4.006497922758163
413.95000000000005,-5.458566576637613,-4.046999725728606
414.0,-5.429247573309704,-4.087501528699002
414.05,-5.39951782073743,-4.127698047537923
414.1,-5.369189485000439,-4.167449677082201
414.15000000000003,-5.3388611492634475,-4.207201306626481
414.20000000000005,-5.3085328135264565,-4.24695293617076
414.25,-5.277226400578683,-4.285938695951039
414.3,-5.245907918342053,-4.324915005042522
414.35,-5.214589436105423,-4.363891314134006
414.40000000000003,-5.182720033139567,-4.402413425172827
414.45000000000005,-5.150431216680603,-4.440589757260658
414.5,-5.118142400221677,-4.478766089348445
414.55,-5.085714126558202,-4.516821430244204
414.6,-5.052475401988589,-4.554173634850987
414.65000000000003,-5.019236677418977,-4.591525839457771
414.70000000000005,-4.985997952849364,-4.628878044064554
414.75,-4.952085833412475,-4.665615665215406
414.8,-4.91791822775647,-4.702120113214744
414.85,-4.883750622100465,-4.738624561214081
414.90000000000003,-4.849308851170541,-4.774865848734491
414.95000000000005,-4.81423397906297,-4.810499447298753
415.0,-4.779159106955438,-4.846133045862975
415.05,-4.744084234847867,-4.881766644427237
415.1,-4.7082318059811765,-4.916615382695164
415.15000000000003,-4.6722718559938015,-4.9513555899039075
415.20000000000005,-4.6363119060064255,-4.986095797112651
415.25,-4.599960508809709,-5.020420480638103
415.3,-4.563138229414442,-5.054245319738055
415.35,-4.526315950019174,-5.088070158838006
415.40000000000003,-4.489469792152782,-5.1218683381162
415.45000000000005,-4.451808477330756,-5.154756411423663
415.5,-4.4141471625087725,-5.187644484731088
415.55,-4.376485847686746,-5.220532558038551
415.6,-4.338333717891566,-5.252844105379164
415.65000000000003,-4.299857192397115,-5.284774607816108
415.70000000000005,-4.261380666902664,-5.316705110253053
415.75,-4.222765915235437,-5.3484647206431255
415.8,-4.183498519524303,-5.379417452898392
415.85,-4.14423112381317,-5.410370185153657
415.90000000000003,-4.104963728102036,-5.4413229174089235
415.95000000000005,-4.0651244321193705,-5.471531049998538
416.0,-4.025091006950737,-5.501486431305783
416.05,-3.9850575817820584,-5.531441812613061
416.1,-3.944789004132536,-5.561074547336805
416.15000000000003,-3.904014874854337,-5.590013627861332
416.20000000000005,-3.8632407455761384,-5.618952708385859
416.25,-3.8224666162979855,-5.647891788910353
416.3,-3.7810580329643093,-5.675912696696683
416.35,-3.739568993492439,-5.703817169522792
416.40000000000003,-3.6980799540205687,-5.731721642348902
416.45000000000005,-3.656276510404611,-5.759145714097882
416.5,-3.61409880690537,-5.785997926809791
416.55,-3.5719211034060807,-5.812850139521729
416.6,-3.529727036661949,-5.839675921994546
416.65000000000003,-3.4868873509483067,-5.8654588878432845
416.70000000000005,-3.444047665234665,-5.891241853692023
416.75,-3.4012079795210717,-5.917024819540731
416.8,-3.3579924508211216,-5.942165147394916
416.85,-3.314517883473887,-5.966862556043826
416.90000000000003,-3.2710433161266517,-5.991559964692736
416.95000000000005,-3.2274725680201075,-6.0160829973239665
417.0,-3.183390621243728,-6.039679225166577
417.05,-3.1393086744672987,-6.063275453009216
417.1,-3.095226727690869,-6.0868716808518535
417.15000000000003,-3.0507253367237115,-6.109660056083269
417.20000000000005,-3.006063896948065,-6.1321401761267
417.25,-2.9614024571724684,-6.154620296170106
417.3,-2.916582059009487,-6.176774468825919
417.35,-2.8713693792489585,-6.198124260133414
417.40000000000003,-2.8261566994884304,-6.219474051440908
417.45000000000005,-2.780944019727902,-6.240823842748402
417.5,-2.735286045906213,-6.261199073249101
417.55,-2.689550727886507,-6.281405029936105
417.6,-2.643815409866802,-6.301610986623108
417.65000000000003,-2.5978753258698717,-6.321337233053256
417.70000000000005,-2.551646301934358,-6.340386572831078
417.75,-2.505417277998897,-6.359435912608879
417.8,-2.459188254063383,-6.3784852523867
417.85,-2.4125056428513942,-6.396393285527699
417.90000000000003,-2.365812157658371,-6.414273957789399
417.95000000000005,-2.3191186724653474,-6.432154630051098
418.0,-2.2721914088417132,-6.449401043529172
418.05,-2.2250630008640426,-6.4661017369726
418.1,-2.1779345928863716,-6.4828024304160285
418.15000000000003,-2.130766670436366,-6.4993869978705865
418.20000000000005,-2.083233153275252,-6.514897147653743
418.25,-2.0356996361141917,-6.530407297436881
418.3,-1.9881661189530777,-6.545917447220036
418.35,-1.9403863293760761,-6.560639374534053
418.40000000000003,-1.8924777729008595,-6.574949168958202
418.45000000000005,-1.844569216425643,-6.589258963382351
418.5,-1.7965865876929228,-6.603308893600394
418.55,-1.7483332990186486,-6.616409280316783
418.6,-1.7000800103443743,-6.6295096670331715
418.65000000000003,-1.6518267216701,-6.642610053749561
418.70000000000005,-1.6033308103681854,-6.654770167506534
418.75,-1.5547633146833193,-6.66665285924267
418.8,-1.506195818998398,-6.678535550978819
418.85,-1.4575351781463737,-6.690015669910055
418.90000000000003,-1.4086841994021289,-6.700673149712113
418.95000000000005,-1.3598332206578838,-6.71133062951417
419.0,-1.3109822419136943,-6.721988109316215
419.05,-1.2619079655529795,-6.731556458590462
419.1,-1.2128044070276036,-6.740981984578206
419.15000000000003,-1.163700848502228,-6.7504075105659505
419.20000000000005,-1.1145001204700717,-6.7592900178656
419.25,-1.0651750452190807,-6.767477627497155
419.3,-1.0158499699680335,-6.77566523712872
419.35,-0.9665248947169862,-6.783852846760285
419.40000000000003,-0.9170109642541124,-6.790806886179162
419.45000000000005,-0.8674955754595397,-6.7977514000227215
419.5,-0.8179801866650231,-6.804695913866273
419.55,-0.7683781303492585,-6.810960405176051
419.6,-0.7187037515807618,-6.8166574301861145
419.65000000000003,-0.6690293728122653,-6.822354455196178
419.70000000000005,-0.6193426223116721,-6.827930145334614
419.75,-0.5695406777109564,-6.832376077630848
419.8,-0.519738733110184,-6.836822009927087
419.85,-0.4699367885094116,-6.841267942223327
419.90000000000003,-0.42007260145430914,-6.8449014101900945
419.95000000000005,-0.37017459585594664,-6.8480934373369395
420.0,-0.32027659025764094,-6.851285464483782
420.05,-0.27036581422389927,-6.854228811865645
420.1,-0.2204033132256079,-6.856164914651212
420.15000000000003,-0.17044081222731652,-6.8581010174367805
420.20000000000005,-0.12047831122902514,-6.860037120222349
420.25,-0.07049123695792135,-6.861033934494842
420.3,-0.02049584695187344,-6.861712888208063
420.35,0.02949954305417446,-6.862391841921284
420.40000000000003,0.07949530580547547,-6.86269930195578
420.45000000000005,0.12949195762685461,-6.862120677160926
420.5,0.17948860944817693,-6.861542052366075
420.55,0.2294852612695561,-6.860963427571222
420.6,0.27945632217144345,-6.8593252940749325
420.65000000000003,0.3294226078229245,-6.857489456883057
420.70000000000005,0.3793888934744056,-6.85565361969118
420.75,0.4293310597861279,-6.853328953949205
420.8,0.47923537049762877,-6.850237065786303
420.85,0.5291396812091296,-6.847145177623402
420.90000000000003,0.5790439919206305,-6.8440532894605
420.95000000000005,0.6288608658856963,-6.839789189309117
421.0,0.6786716320979033,-6.835443206181195
421.05,0.7284823983101669,-6.831097223053267
421.1,0.7782332219427389,-6.826151432174065
421.15000000000003,0.8279189332783576,-6.820554103429511
421.20000000000005,0.8776046446139765,-6.814956774684957
421.25,0.9272867494162783,-6.809330687808452
421.3,0.9768159746131431,-6.802485554398607
421.35,1.026345199810008,-6.795640420988761
421.40000000000003,1.0758744250068726,-6.788795287578916
421.45000000000005,1.1252973716872963,-6.781246524451087
421.5,1.1746387784820285,-6.773157916689987
421.55,1.223980185276817,-6.7650693089288785
421.6,1.2732979885873548,-6.756847252309668
421.65000000000003,1.3224203635362597,-6.747520287134438
421.70000000000005,1.3715427384851648,-6.7381933219592085
421.75,1.420665113434014,-6.72886635678399
421.8,1.4696252286856948,-6.718739820486181
421.85,1.5184974969101415,-6.708180398219874
421.90000000000003,1.5673697651345881,-6.697620975953568
421.95000000000005,1.6161889607004587,-6.686830059601821
422.0,1.6647802055449847,-6.675044860220626
422.05,1.713371450389566,-6.663259660839417
422.1,1.7619626952341474,-6.651474461458208
422.15000000000003,1.8103269640110429,-6.638802272496001
422.20000000000005,1.8586064466013716,-6.625798751403212
422.25,1.9068859291916453,-6.6127952303104385
422.3,1.9550742482203023,-6.599469432363845
422.35,2.00301142690844,-6.58525581567343
422.40000000000003,2.0509486055965778,-6.571042198983014
422.45000000000005,2.098885784284715,-6.556828582292599
422.5,2.146523481471517,-6.541649639716948
422.55,2.1940880311565834,-6.526234919049421
422.6,2.2416525808416496,-6.510820198381894
422.65000000000003,2.2890801384939365,-6.4950002173219445
422.70000000000005,2.3362419698057355,-6.478394144116061
422.75,2.3834038011174803,-6.461788070910197
422.8,2.430565632429279,-6.445181997704314
422.85,2.477348663309043,-6.427541818743055
422.90000000000003,2.5240779416425494,-6.40975489808683
422.95000000000005,2.5708072199760563,-6.391967977430606
423.0,2.617346851588647,-6.373701067094288
423.05,2.6636140159773625,-6.3547445510792455
423.1,2.7098811803660783,-6.335788035064203
423.15000000000003,2.7561483447547936,-6.316831519049161
423.20000000000005,2.801951574586098,-6.296782061927319
423.25,2.8477273564021974,-6.276667942530224
423.3,2.893503138218349,-6.256553823133107
423.35,2.9390307244177074,-6.235893611206421
423.40000000000003,2.984286165887504,-6.2146346127028576
423.45000000000005,3.029541607357301,-6.193375614199295
423.5,3.0747921481962925,-6.172106515445954
423.55,3.119498620718575,-6.149716086360852
423.6,3.164205093240857,-6.127325657275751
423.65000000000003,3.2089115657631395,-6.10493522819065
423.70000000000005,3.253306345676373,-6.081941518910708
423.75,3.297435567932923,-6.058433823510543
423.8,3.3415647901895236,-6.034926128110352
423.85,3.385651596914122,-6.011341166885478
423.90000000000003,3.4291756527605455,-5.986731076217658
423.95000000000005,3.4726997086069686,-5.962120985549838
424.0,3.5162237644533425,-5.937510894882046
424.05,3.559368636269564,-5.912249456710821
424.1,3.602259992394653,-5.8865525391962175
424.15000000000003,3.6451513485197427,-5.860855621681614
424.20000000000005,3.6879584918690376,-5.835022069932114
424.25,3.7301900152123864,-5.808254581516208
424.3,3.772421538555783,-5.781487093100273
424.35,3.81465306189918,-5.754719604684337
424.40000000000003,3.856434870080889,-5.72726194375215
424.45000000000005,3.897979844997329,-5.699440817621215
424.5,3.939524819913722,-5.671619691490313
424.55,3.9809403861421573,-5.6436104807333
424.6,4.021772531301663,-5.614753316602465
424.65000000000003,4.062604676461168,-5.585896152471629
424.70000000000005,4.103436821620674,-5.557038988340793
424.75,4.143746630115371,-5.527462108488392
424.8,4.183840115128705,-5.497587161467743
424.85,4.22393360014204,-5.467712214447095
424.90000000000003,4.263849959114904,-5.437605692857324
424.95000000000005,4.303179420873748,-5.4067318619035785
425.0,4.342508882632548,-5.3758580309498685
425.05,4.381838344391392,-5.344984199996123
425.1,4.420571695244029,-5.313370350272471
425.15000000000003,4.45911225396556,-5.281517166233305
425.20000000000005,4.497652812687091,-5.249663982194139
425.25,4.535966871265887,-5.217543659475116
425.3,4.573694146231589,-5.18473127273378
425.35,4.611421421197291,-5.151918885992444
425.40000000000003,4.649148696162993,-5.1191064992511075
425.45000000000005,4.686205852981033,-5.085542909749819
425.5,4.7230959779597566,-5.05179207747787
425.55,4.759986102938522,-5.018041245205884
425.6,4.796599543129406,-4.9839955261298945
425.65000000000003,4.832629181475168,-4.949327599155893
425.70000000000005,4.868658819820929,-4.914659672181893
425.75,4.90468845816665,-4.879991745207931
425.8,4.93997463394382,-4.844570352146268
425.85,4.975120993358154,-4.809007261449312
425.90000000000003,5.010267352772488,-4.773444170752356
425.95000000000005,5.0450868541628,-4.7375660782763624
426.0,5.0793277011131375,-4.701130321112286
426.05,5.113568548063514,-4.664694563948168
426.1,5.147809395013891,-4.62825880678405
426.15000000000003,5.181234963870703,-4.591075967748563
426.20000000000005,5.214548637655256,-4.553790593417893
426.25,5.247862311439772,-4.516505219087264
426.3,5.280799757502734,-4.478892107968051
426.35,5.313165183952642,-4.440780703235137
426.40000000000003,5.345530610402551,-4.402669298502223
426.45000000000005,5.3778960368524595,-4.364557893769311
426.5,5.409376729306708,-4.325714094067331
426.55,5.440773434117572,-4.286800768239022
426.6,5.472170138928437,-4.247887442410714
426.65000000000003,5.503142806828644,-4.208640704258488
426.70000000000005,5.533550928512315,-4.168950073932529
426.75,5.56395905019595,-4.129259443606615
426.8,5.594367171879621,-4.089568813280656
426.85,5.623824253314574,-4.049168364349461
426.90000000000003,5.6532245557633605,-4.008725537841899
426.95000000000005,5.682624858212147,-3.9682827113343384
427.0,5.7115555917996135,-3.9275074720548604
427.05,5.739929476454859,-3.886338033516408
427.1,5.768303361110104,-3.8451685949779564
427.15000000000003,5.796677245765349,-3.803999156439504
427.20000000000005,5.824037677817326,-3.7621498872755468
427.25,5.851367195434637,-3.7202798805069692
427.3,5.878696713051978,-3.678409873738344
427.35,5.905514078786974,-3.63621468432185
427.40000000000003,5.9317819407908265,-3.5936705962983866
427.45000000000005,5.9580498027946796,-3.5511265082749226
427.5,5.984317664798502,-3.508582420251507
427.55,6.00951424944186,-3.46539536282678
427.6,6.034703838861977,-3.422204106942658
427.65000000000003,6.059893428282093,-3.3790128510585355
427.70000000000005,6.084531853886857,-3.3355093726799403
427.75,6.108627235869997,-3.291698271722734
427.8,6.1327226178531635,-3.2478871707654777
427.85,6.156803574106923,-3.2040683705797863
427.90000000000003,6.179789505997138,-3.1596651394457824
427.95000000000005,6.202775437887352,-3.115261908311779
428.0,6.2257613697775405,-3.0708586771778257
428.05,6.248161265466379,-3.0261613615731884
428.1,6.270023206447148,-2.9811940897351707
428.15000000000003,6.2918851474279185,-2.9362268178971536
428.20000000000005,6.313714240701011,-2.8912440840014764
428.25,6.334438360993641,-2.8457412177390937
428.3,6.355162481286294,-2.800238351476659
428.35,6.375886601578948,-2.7547354852142245
428.40000000000003,6.395994463770954,-2.708961251299236
428.45000000000005,6.415567653383135,-2.6629515757036932
428.5,6.4351408429952945,-2.6169419001082024
428.55,6.454666206869485,-2.5709125853122967
428.6,6.473076083888323,-2.524425206077153
428.65000000000003,6.491485960907161,-2.477937826842009
428.70000000000005,6.509895837925999,-2.431450447606865
428.75,6.5276643353986605,-2.384718355298391
428.8,6.544899253823356,-2.3377826803070234
428.85,6.562134172248053,-2.290847005315656
428.90000000000003,6.579310116910603,-2.2438905128228743
428.95000000000005,6.5953591740194595,-2.1965362335450926
429.0,6.611408231128297,-2.1491819542673647
429.05,6.627457288237153,-2.101827674989583
429.1,6.642845330731731,-2.0542585971842273
429.15000000000003,6.657698373978995,-2.0065156698934077
429.20000000000005,6.67255141722626,-1.9587727426025885
429.25,6.687338493044454,-1.9110101989511425
429.3,6.700986126482596,-1.8629088257738706
429.35,6.714633759920739,-1.814807452596599
429.40000000000003,6.728281393358881,-1.7667060794193272
429.45000000000005,6.7412541826997705,-1.7184223730746457
429.5,6.753687772923127,-1.6699929828848739
429.55,6.766121363146498,-1.6215635926950471
429.6,6.778486406878932,-1.573117520079792
429.65000000000003,6.7896980884850215,-1.52439074924933
429.70000000000005,6.800909770091111,-1.475663978418868
429.75,6.812121451697187,-1.4269372075884617
429.8,6.822650515538984,-1.378062384837823
429.85,6.832633196103858,-1.329069057856072
429.90000000000003,6.842615876668732,-1.280075730874321
429.95000000000005,6.852532040441847,-1.2310697197713043
430.0,6.861279405006573,-1.181840829745559
430.05,6.870026769571308,-1.1326119397197574
430.1,6.878774134136043,-1.083383049693956
430.15000000000003,6.886837342500886,-1.034041449912933
430.20000000000005,6.894343857566195,-0.9846081389619544
430.25,6.901850372631495,-0.9351748280110322
430.3,6.909297135859059,-0.885733211009294
430.35,6.915558052885546,-0.8361267505632198
430.40000000000003,6.921818969912033,-0.7865202901171455
430.45000000000005,6.92807988693852,-0.7369138296710712
430.5,6.933661451754965,-0.687230293394251
430.55,6.9386728101668425,-0.6374820644120119
430.6,6.94368416857872,-0.5877338354297728
430.65000000000003,6.948647333048872,-0.5379813631580913
430.70000000000005,6.952405962739183,-0.4881228362759922
430.75,6.95616459242949,-0.4382643093939497
430.8,6.9599232221198015,-0.38840578251185054
430.85,6.963013680021188,-0.3385053280785174
430.90000000000003,6.965517203357,-0.28856804370193156
430.95000000000005,6.968020726692811,-0.23863075932534566
431.0,6.970492395093535,-0.188692279339405
431.05,6.971739228419807,-0.1387078276903444
431.1,6.97298606174608,-0.08872337604128379
431.15000000000003,6.974232895072352,-0.03873892439222318
431.20000000000005,6.974829073757741,0.011253571822111058
431.25,6.974818428398927,0.061253570688834906
431.3,6.974807783040112,0.11125356955561559
431.35,6.974786321238133,0.16125343008351462
431.40000000000003,6.973518203996873,0.21123734628325805
431.45000000000005,6.972250086755612,0.2612212624830015
431.5,6.970981969514353,0.31120517868268804
431.55,6.969086938018793,0.3611652976191856
431.6,6.966562151171399,0.41110151144619583
431.65000000000003,6.964037364324004,0.4610377252732061
431.70000000000005,6.961512577476609,0.5109739391002163
431.75,6.9577474885434185,0.5608317941743586
431.8,6.953967629332137,0.6106887161044608
431.85,6.9501877701208565,0.660545638034563
431.90000000000003,6.94581077338321,0.7103497280838406
431.95000000000005,6.940778233005599,0.7600958187578775
432.0,6.935745692627993,0.8098419094318577
432.05,6.930713152250383,0.8595880001058946
432.1,6.924475799290608,0.9091968792789252
432.15000000000003,6.918193761386655,0.9588006694544189
432.20000000000005,6.9119117234827,1.0084044596299124
432.25,6.905068101639114,1.057929940770655
432.3,6.897540540277054,1.1073600512291748
432.35,6.890012978914995,1.1567901616876946
432.40000000000003,6.882485417552935,1.2062202721462143
432.45000000000005,6.8737957339960145,1.255458423185267
432.5,6.865027411158149,1.3046835845827387
432.55,6.856259088320273,1.3539087459802666
432.6,6.846970181188954,1.4030344071810126
432.65000000000003,6.836966643758981,1.4520234798287852
432.70000000000005,6.826963106329007,1.5010125524765576
432.75,6.816959568899045,1.5500016251242745
432.8,6.8058434236490815,1.5987488899872644
432.85,6.794610999902995,1.647470883550646
432.90000000000003,6.783378576156908,1.6961928771140276
432.95000000000005,6.771671613415615,1.744799166287195
433.0,6.75921740901823,1.7932232593899409
433.05,6.746763204620832,1.841647352492742
433.1,6.734309000223433,1.890071445595543
433.15000000000003,6.720798076910469,1.9382095457505362
433.20000000000005,6.707129970420132,1.9863051054725152
433.25,6.6934618639298105,2.0344006651944393
433.3,6.679369841520466,2.082369971028677
433.35,6.664496479404995,2.130106572283722
433.40000000000003,6.649623117289522,2.177843173538767
433.45000000000005,6.63474975517405,2.225579774793812
433.5,6.618881417949674,2.272992587893134
433.55,6.602812209116351,2.3203400326760586
433.6,6.586743000283028,2.367687477458983
433.65000000000003,6.570304543609216,2.41490440248994
433.70000000000005,6.5530496534525655,2.461832738979562
433.75,6.535794763295934,2.5087610754691307
433.8,6.518539873139284,2.5556894119587525
433.85,6.5003570196066685,2.602263239250016
433.90000000000003,6.48192736357766,2.6487427807565007
433.95000000000005,6.463497707548652,2.6952223222629854
434.0,6.444756922060271,2.741573946581579
434.05,6.425164158761026,2.7875752903261004
434.1,6.405571395461781,2.8335766340706217
434.15000000000003,6.385978632162536,2.879577977815143
434.20000000000005,6.36552953405873,2.9252018017090435
434.25,6.344786057867179,2.9706958474236935
434.3,6.324042581675604,3.016189893138395
434.35,6.30304889146112,3.061566028174366
434.40000000000003,6.281167824690054,3.106523996511048
434.45000000000005,6.2592867579189875,3.1514819648477297
434.5,6.237405691147947,3.1964399331843603
434.55,6.2147438234205445,3.2410056644408365
434.6,6.191739008016449,3.2853991151765487
434.65000000000003,6.1687341926123525,3.3297925659122614
434.70000000000005,6.145542167643328,3.3740859977697193
434.75,6.121428156429733,3.4178868477978472
434.8,6.097314145216109,3.4616876978260254
434.85,6.073200134002486,3.505488547854203
434.90000000000003,6.0483839929456815,3.548891261887764
434.95000000000005,6.02317604041686,3.59207180298333
435.0,5.997968087888068,3.6352523440788467
435.05,5.972637260581112,3.6783590659433485
435.1,5.9463513132521015,3.7208919822907762
435.15000000000003,5.920065365923091,3.7634248986382044
435.20000000000005,5.893779418594081,3.805957814985632
435.25,5.866872329728767,3.848095976833152
435.3,5.839525016047375,3.8899543623062227
435.35,5.812177702365982,3.931812747779293
435.40000000000003,5.784772374146893,3.9736321809554718
435.45000000000005,5.756380993974449,4.014789556137878
435.5,5.727989613802037,4.055946931320239
435.55,5.699598233629593,4.097104306502646
435.6,5.6706681500291305,4.137879984039643
435.65000000000003,5.64125066369651,4.1783103129756185
435.70000000000005,5.611833177363889,4.2187406419115945
435.75,5.582415691031302,4.259170970847524
435.8,5.551997232880174,4.298853551758505
435.85,5.521572249825961,4.3385312584229725
435.90000000000003,5.491147266771747,4.37820896508744
435.95000000000005,5.46026655855051,4.417528030120542
436.0,5.428853325548613,4.456428014598235
436.05,5.397440092546681,4.495327999075972
436.1,5.366026859544749,4.534227983553709
436.15000000000003,5.333715109551771,4.572383519861944
436.20000000000005,5.301333498535709,4.610481174225517
436.25,5.268951887519684,4.648578828589047
436.3,5.236197123212322,4.6863511454976186
436.35,5.2028676187043486,4.723622369374152
436.40000000000003,5.169538114196376,4.760893593250686
436.45000000000005,5.136208609688403,4.798164817127219
436.5,5.102083376266808,4.834706251217365
436.55,5.067827062419197,4.871127467034186
436.6,5.033570748571586,4.907548682851006
436.65000000000003,4.99902246914167,4.943688284492487
436.70000000000005,4.963861016398849,4.97923645239205
436.75,4.928699563656068,5.014784620291574
436.8,4.893538110913248,5.050332788191137
436.85,4.857683006793284,5.085177374337382
436.90000000000003,4.821638658183059,5.119830006752039
436.95000000000005,4.785594309572835,5.154482639166695
437.0,4.7493367957957044,5.188907889804982
437.05,4.712432352858265,5.222643065682363
437.1,4.675527909920826,5.256378241559744
437.15000000000003,4.638623466983386,5.290113417437126
437.20000000000005,4.601125670597209,5.3231828754456245
437.25,4.563384478960871,5.355979254115614
437.3,4.525643287324491,5.3887756327856415
437.35,4.487764321293512,5.421409377845126
437.40000000000003,4.449210255906104,5.453246212519835
437.45000000000005,4.410656190518695,5.485083047194543
437.5,4.372102125131331,5.516919881869216
437.55,4.333052136637261,5.548140537318176
437.6,4.2937095866630255,5.578997688215907
437.65000000000003,4.254367036688791,5.609854839113637
437.70000000000005,4.214957658196924,5.640624541604023
437.75,4.174851511587796,5.67048248868955
437.8,4.134745364978624,5.700340435775111
437.85,4.094639218369451,5.730198382860672
437.90000000000003,4.054130611074411,5.759501293812024
437.95000000000005,4.013286238825771,5.7883411491447925
438.0,3.9724418665771766,5.817181004477528
438.05,3.931596125123446,5.846018867978957
438.1,3.8900393652246743,5.873822387661139
438.15000000000003,3.848482605325902,5.901625907343322
438.20000000000005,3.8069258454271298,5.929429427025505
438.25,3.7650550133632863,5.956750497125754
438.3,3.722812154452523,5.983500092843189
438.35,3.6805692955417593,6.010249688560625
438.40000000000003,3.6383264366309955,6.036999284278061
438.45000000000005,3.5954817634448615,6.0627715168476355
438.5,3.552579528178866,6.088450266995906
438.55,3.509677292912822,6.114129017144207
438.6,3.4665431953195647,6.139409095074497
438.65000000000003,3.4230087234688567,6.1640007554633485
438.70000000000005,3.3794742516181486,6.1885924158522005
438.75,3.33593977976749,6.213184076241024
438.8,3.2919095418556465,6.236871722368707
438.85,3.2477703731361536,6.260360736497719
438.90000000000003,3.2036312044166606,6.2838497506267315
438.95000000000005,3.1593351078729586,6.307034715903137
439.0,3.114619164524332,6.3294062248025655
439.05,3.069903221175655,6.35177773370202
439.1,3.025187277826978,6.374149242601475
439.15000000000003,2.9800745631308807,6.395702119981778
439.20000000000005,2.9348101322527587,6.416941971612168
439.25,2.8895457013746886,6.438181823242533
439.3,2.844190920315872,6.459222658409354
439.35,2.79840663597386,6.479317416613677
439.40000000000003,2.7526223516318487,6.4994121748180005
439.45000000000005,2.7068380672898367,6.519506933022323
439.5,2.6607478103822624,6.538880030093706
439.55,2.614472635493842,6.557816983096941
439.6,2.5681974606054223,6.576753936100174
439.65000000000003,2.521889096948574,6.595606785397684
439.70000000000005,2.475152304961312,6.613373953847981
439.75,2.428415512974104,6.631141122298258
439.8,2.3816787209868426,6.648908290748556
439.85,2.3347174407628795,6.666061815019683
439.90000000000003,2.287548597136162,6.682647959566237
439.95000000000005,2.240379753509445,6.699234104112792
440.0,2.1932109098827812,6.715820248659328
440.05,2.1456533795986754,6.73125494714298
440.1,2.0980823231006362,6.746649575545802
440.15000000000003,2.0505112666025975,6.762044203948625
440.20000000000005,2.0027868043225876,6.776943616910162
440.25,1.9548436281542836,6.79113699067719
440.3,1.9069004519859247,6.805330364444234
440.35,1.858957275817566,6.819523738211276
440.40000000000003,1.8107211092978346,6.832679675122979
440.45000000000005,1.7624361420561965,6.845662815670447
440.5,1.7141511748146134,6.8586459562179
440.55,1.6657724331870245,6.871261995025782
440.6,1.617176219679423,6.8830266893577345
440.65000000000003,1.5685800061718216,6.894791383689688
440.70000000000005,1.5199837926642203,6.906556078021641
440.75,1.4711787583587776,6.917408163340126
440.8,1.422302040280263,6.927946969243776
440.85,1.3734253222017485,6.938485775147427
440.90000000000003,1.3245020061769412,6.948794461298053
440.95000000000005,1.275375702663282,6.958100712051452
441.0,1.2262493991496783,6.9674069628048425
441.05,1.177123095636019,6.976713213558242
441.1,1.1278595579515898,6.985241660943591
441.15000000000003,1.0785147460199487,6.993309469532764
441.20000000000005,1.0291699340883074,7.001377278121937
441.25,0.9798122940118514,7.009359913374269
441.3,0.930280188901603,7.016184176217093
441.35,0.8807480837913545,7.023008439059918
441.40000000000003,0.8312159786811061,7.029832701902743
441.45000000000005,0.7816046416532904,7.0360230144242
441.5,0.7319165770794948,7.041599414598694
441.55,0.6822285125056426,7.047175814773194
441.6,0.6325404479317905,7.052752214947694
441.65000000000003,0.5827344985888179,7.057143974579849
441.70000000000005,0.5329219069204798,7.061468984554842
441.75,0.48310931525219836,7.065793994529829
441.8,0.4332609697053874,7.06963693804267
441.85,0.3833553620817879,7.072707821909061
441.90000000000003,0.3334497544581883,7.075778705775453
441.95000000000005,0.2835441468345888,7.078849589641844
442.0,0.23358807957549588,7.080888985891651
442.05,0.18362102597227614,7.082703801092942
442.1,0.13365397236905643,7.084518616294233
442.15000000000003,0.08367924715598722,7.086010180807816
442.20000000000005,0.033682356414200185,7.086567779368747
442.25,-0.016314534327530023,7.087125377929678
442.3,-0.06631142506931707,7.087682976490609
442.35,-0.11630707651453495,7.087370182216443
442.40000000000003,-0.166302176683989,7.086670211468992
442.45000000000005,-0.21629727685344302,7.085970240721541
442.5,-0.2662881589686369,7.085111590128909
442.55,-0.3162498419924871,7.083154492935177
442.6,-0.36621152501633736,7.081197395741445
442.65000000000003,-0.41617320804018765,7.079240298547713
442.70000000000005,-0.4660985161721858,7.076580633012339
442.75,-0.5159951766214695,7.073367647484199
442.8,-0.5658918370708099,7.070154661956054
442.85,-0.6157884975201504,7.066941676427909
442.90000000000003,-0.6655893719344615,7.062485231237003
442.95000000000005,-0.7153894455181542,7.058018389952653
443.0,-0.7651895191017902,7.053551548668308
443.05,-0.8149353988028429,7.048555406536771
443.1,-0.8646073823348523,7.042837535254762
443.15000000000003,-0.9142793658668618,7.037119663972753
443.20000000000005,-0.9639513493988712,7.031401792690744
443.25,-1.013487178181113,7.024619167868358
443.3,-1.0629996495091574,7.017653883739816
443.35,-1.1125121208372017,7.0106885996112736
443.40000000000003,-1.1619705593923868,7.003371369350931
443.45000000000005,-1.2112921972753745,6.995163078631173
443.5,-1.260613835158306,6.986954787911426
443.55,-1.309935473041294,6.978746497191668
443.6,-1.3590990656844255,6.969657122279312
443.65000000000003,-1.4081986696060533,6.960211017540272
443.70000000000005,-1.457298273527681,6.950764912801232
443.75,-1.506362554056896,6.941146884946795
443.8,-1.555209063962777,6.930468941792045
443.85,-1.6040555738686577,6.919790998637294
443.90000000000003,-1.6529020837745387,6.9091130554825435
443.95000000000005,-1.7015877338055354,6.8977412004276095
444.0,-1.7501502497515136,6.885838173712043
444.05,-1.7987127656975472,6.873935146996462
444.1,-1.8472752816435807,6.8620321202808805
444.15000000000003,-1.8955254852707464,6.848920832318107
444.20000000000005,-1.9437732869701736,6.835800251874605
444.25,-1.9920210886695462,6.822679671431117
444.3,-2.0401247856963654,6.809054336596333
444.35,-2.0880273519530976,6.794724502472344
444.40000000000003,-2.13592991820983,6.780394668348356
444.45000000000005,-2.1838324844665618,6.766064834224367
444.5,-2.2314190180698925,6.7507249862892635
444.55,-2.2789460460859705,6.7351949634959976
444.6,-2.3264730741020485,6.719664940702732
444.65000000000003,-2.373892708066655,6.703819738016213
444.70000000000005,-2.421014132611543,6.687099350793989
444.75,-2.4681355571563772,6.6703789635717845
444.8,-2.5152569817012647,6.653658576349561
444.85,-2.5620792345146444,6.636127557178113
444.90000000000003,-2.60876524694417,6.618227382781436
444.95000000000005,-2.6554512593736956,6.60032720838476
445.0,-2.7020868166701466,6.582300234159984
445.05,-2.748307883783153,6.563231596166263
445.1,-2.7945289508961593,6.544162958172541
445.15000000000003,-2.840750018009165,6.52509432017882
445.20000000000005,-2.8867096463688635,6.505413910538795
445.25,-2.9324365290896046,6.485188871684949
445.3,-2.978163411810398,6.46496383283108
445.35,-3.0238902945311916,6.444738793977211
445.40000000000003,-3.069120934835898,6.423428887348622
445.45000000000005,-3.114324706710521,6.402060241900034
445.5,-3.159528478585093,6.38069159645147
445.55,-3.2045295878876843,6.3589078267077905
445.6,-3.2491816533825593,6.336409092364671
445.65000000000003,-3.2938337188774347,6.313910358021552
445.70000000000005,-3.3384857843723097,6.2914116236784325
445.75,-3.382682510087207,6.2680367944597934
445.8,-3.4267546226783105,6.244422203805736
445.85,-3.470826735269414,6.220807613151679
445.90000000000003,-3.5147760529048786,6.196970613943994
445.95000000000005,-3.5582403329461774,6.172255105442399
446.0,-3.6017046129874273,6.147539596940831
446.05,-3.645168893028726,6.122824088439236
446.1,-3.688240538150417,6.09743787095073
446.15000000000003,-3.731069490510258,6.071637079494647
446.20000000000005,-3.773898442870099,6.045836288038564
446.25,-3.8167054819149047,6.020000134639147
446.3,-3.8588720133690653,5.9931303816606185
446.35,-3.901038544823226,5.9662606286820905
446.40000000000003,-3.9432050762773865,5.9393908757035625
446.45000000000005,-3.9850634088606403,5.912050630210048
446.5,-4.026540845231162,5.884128913355144
446.55,-4.068018281601732,5.856207196500208
446.6,-4.109495717972301,5.828285479645272
446.65000000000003,-4.150357598121267,5.799473729799363
446.70000000000005,-4.191119701150387,5.77051771217532
446.75,-4.231881804179461,5.7415616945513115
446.8,-4.272441673810531,5.7123284397391485
446.85,-4.312462657758426,5.682356438740835
446.90000000000003,-4.352483641706323,5.652384437742522
446.95000000000005,-4.39250462565422,5.6224124367442085
447.0,-4.432001115302696,5.591758143901063
447.05,-4.471255663259364,5.560789119623277
447.1,-4.510510211216032,5.529820095345491
447.15000000000003,-4.549689686689059,5.498758336016416
447.20000000000005,-4.588152966589444,5.466811879259735
447.25,-4.626616246489785,5.434865422503091
447.3,-4.66507952639017,5.40291896574641
447.35,-4.703131322015083,5.370489573026382
447.40000000000003,-4.7407790023474705,5.337585892904059
447.45000000000005,-4.778426682679857,5.304682212781736
447.5,-4.816074363012202,5.27177853265945
447.55,-4.852955444986613,5.2380196744962895
447.6,-4.889763710184443,5.204179585649958
447.65000000000003,-4.9265719753822745,5.170339496803626
447.70000000000005,-4.963103242822127,5.1362056169334664
447.75,-4.999048808329344,5.101450526365863
447.8,-5.034994373836602,5.06669543579822
447.85,-5.07093993934386,5.031940345230577
447.90000000000003,-5.106240900230073,4.996535133653679
447.95000000000005,-5.141301027230747,4.960887027186458
448.0,-5.176361154231381,4.925238920719279
448.05,-5.21129963895177,4.889474151227145
448.1,-5.245452148754102,4.852955579592932
448.15000000000003,-5.279604658556433,4.816437007958718
448.20000000000005,-5.313757168358764,4.779918436324504
448.25,-5.347408701697432,4.742943020755191
448.3,-5.380631989763817,4.705577085331875
448.35,-5.413855277830201,4.668211149908558
448.40000000000003,-5.447078565896586,4.630845214485242
448.45000000000005,-5.479405454696432,4.592702223870625
448.5,-5.5116785043100744,4.554512562067589
448.55,-5.543951553923752,4.516322900264509
448.6,-5.575888134725668,4.477856075184271
448.65000000000003,-5.607190530285585,4.438866845489243
448.70000000000005,-5.638492925845503,4.399877615794214
448.75,-5.669795321405385,4.36088838609923
448.8,-5.700355830691592,4.321318726210153
448.85,-5.730667770626936,4.281554592906929
448.90000000000003,-5.760979710562279,4.241790459603705
448.95000000000005,-5.791139677410628,4.201913471474643
449.0,-5.820441986706976,4.161399589040385
449.05,-5.849744296003358,4.1208857066060816
449.1,-5.87904660529974,4.0803718241717775
449.15000000000003,-5.907782285987098,4.0394588749196245
449.20000000000005,-5.936056428316293,3.9982208721121526
449.25,-5.964330570645455,3.9569828693047278
449.3,-5.992604712974649,3.915744866497256
449.35,-6.019884287153336,3.8738431860259177
449.40000000000003,-6.04711237659907,3.8319071496713017
449.45000000000005,-6.074340466044805,3.789971113316686
449.5,-6.101196884593928,3.7478003508221627
449.55,-6.127361696966168,3.7051928093121513
449.6,-6.153526509338409,3.66258526780214
449.65000000000003,-6.179691321710649,3.6199777262921287
449.70000000000005,-6.20504905213757,3.5768884358772244
449.75,-6.230134035868172,3.5336363423876476
449.8,-6.255219019598804,3.490384248898022
449.85,-6.2801458118357045,3.4470430483223597
449.90000000000003,-6.304135098448759,3.4031737637624473
449.95000000000005,-6.328124385061813,3.359304479202535
450.0,-6.35211367167484,3.315435194642672
450.05,-6.375502611923917,3.2712473604618064
450.1,-6.398381026073626,3.226788636166169
450.15000000000003,-6.421259440223334,3.1823299118705317
450.20000000000005,-6.444137854373043,3.1378711875748944
450.25,-6.465963424380342,3.0928873107905
450.3,-6.48771649345076,3.0478672709635646
450.35,-6.509469562521179,3.0028472311366294
450.40000000000003,-6.530846937124599,2.957651453789585
450.45000000000005,-6.551460900384659,2.9120985777144788
450.5,-6.572074863644695,2.8665457016394242
450.55,-6.592688826904755,2.8209928255643177
450.6,-6.612469615707686,2.775075467447934
450.65000000000003,-6.631931433015922,2.7290185714706605
450.70000000000005,-6.651393250324158,2.682961675493387
450.75,-6.67072048079487,2.6368498928016115
450.8,-6.689017840848317,2.5903181121020173
450.85,-6.707315200901764,2.5437863314024236
450.90000000000003,-6.725612560955211,2.49725455070283
450.95000000000005,-6.743313552815673,2.4504968818354107
451.0,-6.760434880937668,2.40351965199653
451.05,-6.777556209059683,2.3565424221575952
451.1,-6.794677537181697,2.309565192318661
451.15000000000003,-6.810733395980508,2.262214752110269
451.20000000000005,-6.826667861442603,2.2148217904974032
451.25,-6.8426023269046805,2.167428828884592
451.3,-6.858192754779985,2.1199249906176445
451.35,-6.87293027765307,2.072146277579662
451.40000000000003,-6.887667800526153,2.0243675645416794
451.45000000000005,-6.902405323399238,1.976588851503697
451.5,-6.916327126731624,1.9285697184201618
451.55,-6.9298583842622765,1.8804354783239463
451.6,-6.94338964179293,1.8323012382277308
451.65000000000003,-6.9568429866156425,1.7841461492926596
451.70000000000005,-6.9691594191234,1.735686831403489
451.75,-6.981475851631145,1.6872275135143737
451.8,-6.993792284138903,1.6387681956252032
451.85,-7.005557159812089,1.5901760552232898
451.90000000000003,-7.01665097610402,1.5414223144428996
451.95000000000005,-7.02774479239595,1.4926685736625092
452.0,-7.038838608687867,1.4439148328821743
452.05,-7.048902955901264,1.3949404172848416
452.1,-7.058767138200415,1.3459230947593357
452.15000000000003,-7.068631320499566,1.2969057722338297
452.20000000000005,-7.078220647591254,1.2478367258738694
452.25,-7.086848955975824,1.1985868294839692
452.3,-7.095477264360403,1.1493369330940129
452.35,-7.104105572744982,1.1000870367040567
452.40000000000003,-7.111980798345347,1.0507149449021336
452.45000000000005,-7.1193677746958315,1.0012636296476465
452.5,-7.126754751046307,0.9518123143932156
452.55,-7.13414172739679,0.9023609991387284
452.6,-7.140295105466091,0.8527412414992361
452.65000000000003,-7.146436076917787,0.8031197897910256
452.70000000000005,-7.1525770483694835,0.7534983380828151
452.75,-7.15825242756108,0.7038252024001896
452.8,-7.16314350945994,0.6540650042709626
452.85,-7.168034591358799,0.6043048061417355
452.90000000000003,-7.172925673257658,0.5545446080125085
452.95000000000005,-7.176871924569952,0.5047035224069353
453.0,-7.180510022929757,0.45483605565435425
453.05,-7.184148121289565,0.40496858890171655
453.1,-7.187617111874089,0.35509092100384193
453.15000000000003,-7.189999925333497,0.30514773127772643
453.20000000000005,-7.1923827387929045,0.255204541551611
453.25,-7.194765552252309,0.20526135182555227
453.3,-7.196501792967297,0.15529545915384912
453.35,-7.19762781424544,0.10530814000107211
453.40000000000003,-7.198753835523584,0.055320820848295094
453.45000000000005,-7.199879856801727,0.00533350169551805
453.4553348547051,-7.2,2.821586225235502e-14
